fold,ticker,date,r_hat,r_true
1,AAPL,2022-08-17,0.001045416109263897,0.00874626450240612
1,AAPL,2022-08-18,0.0010359452571719885,-0.0022942328359931707
1,AAPL,2022-08-19,0.0010291760554537177,-0.01521687489002943
1,AAPL,2022-08-22,0.0009771424811333418,-0.023298749700188637
1,AAPL,2022-08-23,0.0008200001320801675,-0.0020314136054366827
1,AAPL,2022-08-24,0.0007783422479405999,0.0017926051514223218
1,AAPL,2022-08-25,0.0007840836187824607,0.014812425710260868
1,AAPL,2022-08-26,0.0008968261536210775,-0.03842836618423462
1,AAPL,2022-08-29,0.00066889583831653,-0.013784791342914104
1,AAPL,2022-08-30,0.0005914202774874866,-0.01542364526540041
1,AAPL,2022-08-31,0.0004069505666848272,-0.01069206465035677
1,AAPL,2022-09-01,6.084044071030803e-05,0.004695710260421038
1,AAPL,2022-09-02,0.0001499430654803291,-0.013704396784305573
1,AAPL,2022-09-06,-0.00027718240744434297,-0.008249109610915184
1,AAPL,2022-09-07,-0.0009264174732379615,0.009211155585944653
1,AAPL,2022-09-08,-0.000782312301453203,-0.009664082899689674
1,AAPL,2022-09-09,-0.001052039093337953,0.018664343282580376
1,AAPL,2022-09-12,-0.00042467794264666736,0.03778499737381935
1,AAPL,2022-09-13,0.0004931750008836389,-0.060471538454294205
1,AAPL,2022-09-14,-0.0001318953582085669,0.0095100412145257
1,AAPL,2022-09-15,0.00019945889653172344,-0.019111495465040207
1,AAPL,2022-09-16,-0.0002106510364683345,-0.011020380072295666
1,AAPL,2022-09-19,-0.0001967470598174259,0.024773241952061653
1,AAPL,2022-09-20,0.00042786975973285735,0.015544036403298378
1,AAPL,2022-09-21,0.0006367018795572221,-0.02047581784427166
1,AAPL,2022-09-22,0.0006712503382004797,-0.0063957879319787025
1,AAPL,2022-09-23,0.0006963370251469314,-0.015238955616950989
1,AAPL,2022-09-26,0.0006958852172829211,0.0022577152121812105
1,AAPL,2022-09-27,0.0007579576340503991,0.006544487550854683
1,AAPL,2022-09-28,0.0008221971220336854,-0.012732081115245819
1,AAPL,2022-09-29,0.0008655588608235121,-0.05036645382642746
1,AAPL,2022-09-30,0.000702552089933306,-0.03049985133111477
1,AAPL,2022-10-03,0.00045512703945860267,0.03028899058699608
1,AAPL,2022-10-04,0.0004951892187818885,0.025300219655036926
1,AAPL,2022-10-05,0.0005817815545015037,0.0020513860508799553
1,AAPL,2022-10-06,0.0006266136188060045,-0.006647655740380287
1,AAPL,2022-10-07,0.0006237291381694376,-0.037409599870443344
1,AAPL,2022-10-10,0.00028206995921209455,0.002352809766307473
1,AAPL,2022-10-11,-4.7631070628995076e-05,-0.010308188386261463
1,AAPL,2022-10-12,-2.7947501735070546e-07,-0.004615360405296087
1,AAPL,2022-10-13,2.283690491822199e-06,0.033060215413570404
1,AAPL,2022-10-14,0.0004616295045707375,-0.03277125209569931
1,AAPL,2022-10-17,0.0003823168226517737,0.028707044199109077
1,AAPL,2022-10-18,0.0005695675499737263,0.009365309961140156
1,AAPL,2022-10-19,0.0007001010235399008,0.0007649449398741126
1,AAPL,2022-10-20,0.000797538086771965,-0.003272559493780136
1,AAPL,2022-10-21,0.0008452006732113659,0.026699358597397804
1,AAPL,2022-10-24,0.0009346487931907177,0.014694292098283768
1,AAPL,2022-10-25,0.0009936562273651361,0.01915302686393261
1,AAPL,2022-10-26,0.0010356245329603553,-0.01982216164469719
1,AAPL,2022-10-27,0.0010272974614053965,-0.030939221382141113
1,AAPL,2022-10-28,0.0009968039812520146,0.07283452898263931
1,AAPL,2022-10-31,0.0010393448173999786,-0.01553034596145153
1,AAPL,2022-11-01,0.0010194131173193455,-0.017698464915156364
1,AAPL,2022-11-02,0.0009769090684130788,-0.03801873326301575
1,AAPL,2022-11-03,0.0008030334720388055,-0.043329961597919464
1,AAPL,2022-11-04,0.0003974060819018632,-0.0019495371961966157
1,AAPL,2022-11-07,0.00042641544132493436,0.0038947220891714096
1,AAPL,2022-11-08,0.00013383173791226,0.004166339058429003
1,AAPL,2022-11-09,0.00023116535157896578,-0.03375306725502014
1,AAPL,2022-11-10,-0.0011763385264202952,0.08523648977279663
1,AAPL,2022-11-11,-0.0001304548350162804,0.019085397943854332
1,AAPL,2022-11-14,0.0004329018120188266,-0.009530998766422272
1,AAPL,2022-11-15,0.0005796972545795143,0.011799581348896027
1,AAPL,2022-11-16,0.0007082612719386816,-0.008366277441382408
1,AAPL,2022-11-17,0.0007654441869817674,0.012887958437204361
1,AAPL,2022-11-18,0.0008466262370347977,0.003774771699681878
1,AAPL,2022-11-21,0.0009012902737595141,-0.021918529644608498
1,AAPL,2022-11-22,0.0009046921040862799,0.014554504305124283
1,AAPL,2022-11-23,0.000958085700403899,0.00590912252664566
1,AAPL,2022-11-25,0.0009867041371762753,-0.01978829689323902
1,AAPL,2022-11-28,0.0009572706185281277,-0.02661517821252346
1,AAPL,2022-11-29,0.0008643390610814095,-0.021375229582190514
1,AAPL,2022-11-30,0.0007776110433042049,0.04745011404156685
1,AAPL,2022-12-01,0.0008487473824061453,0.0018897963454946876
1,AAPL,2022-12-02,0.0008711910340934992,-0.0033768683206290007
1,AAPL,2022-12-05,0.000866419926751405,-0.008015325292944908
1,AAPL,2022-12-06,0.0008451661560684443,-0.025697486475110054
1,AAPL,2022-12-07,0.0006957955192774534,-0.013880476355552673
1,AAPL,2022-12-08,0.0005623120814561844,0.01205955259501934
1,AAPL,2022-12-09,0.0006404636078514159,-0.0034405107144266367
1,AAPL,2022-12-12,0.0006730679306201637,0.01625666953623295
1,AAPL,2022-12-13,0.0008336167084053159,0.00675968499854207
1,AAPL,2022-12-14,0.0009017202537506819,-0.015657681971788406
1,AAPL,2022-12-15,0.0009420468122698367,-0.0479876846075058
1,AAPL,2022-12-16,0.000784175586886704,-0.014686113223433495
1,AAPL,2022-12-19,0.0006713526090607047,-0.016037441790103912
1,AAPL,2022-12-20,0.0005251240218058228,-0.0005287173553369939
1,AAPL,2022-12-21,0.00038346301880665123,0.02353012003004551
1,AAPL,2022-12-22,0.00047787075163796544,-0.024059588089585304
1,AAPL,2022-12-23,5.8522153267404065e-05,-0.002802301198244095
1,AAPL,2022-12-27,-7.227114110719413e-05,-0.013975415378808975
1,AAPL,2022-12-28,-0.00031747567118145525,-0.031165804713964462
1,AAPL,2022-12-29,-0.0011687909718602896,0.027930783107876778
1,AAPL,2022-12-30,-0.0008151304791681468,0.0024658713955432177
1,AAPL,2023-01-03,-0.0004967845743522048,-0.03812231123447418
1,AAPL,2023-01-04,-0.0007536530029028654,0.010261284187436104
1,AAPL,2023-01-05,-0.0007002886850386858,-0.010661160573363304
1,AAPL,2023-01-06,-0.0008382914820685983,0.0361335426568985
1,AAPL,2023-01-09,-0.0002276907180203125,0.0040802424773573875
1,AAPL,2023-01-10,0.0003274067712482065,0.0044466969557106495
1,AAPL,2023-01-11,0.000536831037607044,0.02089250646531582
1,AAPL,2023-01-12,0.0006878536660224199,-0.0005995988030917943
1,AAPL,2023-01-13,0.0007905469974502921,0.01006842777132988
1,AAPL,2023-01-17,0.0008921780390664935,0.0087180370464921
1,AAPL,2023-01-18,0.000990619882941246,-0.005384448915719986
1,AAPL,2023-01-19,0.0010190429165959358,0.00044351740507408977
1,AAPL,2023-01-20,0.0010288621997460723,0.019038597121834755
1,AAPL,2023-01-23,0.0010672516655176878,0.023228619247674942
1,AAPL,2023-01-24,0.0010921796783804893,0.010012537240982056
1,AAPL,2023-01-25,0.001141141401603818,-0.004712054505944252
1,AAPL,2023-01-26,0.001105836476199329,0.014695029705762863
1,AAPL,2023-01-27,0.0011366967810317874,0.013591584749519825
1,AAPL,2023-01-30,0.0011279950849711895,-0.020282626152038574
1,AAPL,2023-01-31,0.0010496975155547261,0.008980761282145977
1,AAPL,2023-02-01,0.0010442722123116255,0.007869613356888294
1,AAPL,2023-02-02,0.0010562827810645103,0.03639235720038414
1,AAPL,2023-02-03,0.0011553476797416806,0.02410690113902092
1,AAPL,2023-02-06,0.0011562156723812222,-0.01809113658964634
1,AAPL,2023-02-07,0.0010897723259404302,0.0190617386251688
1,AAPL,2023-02-08,0.0011326373787596822,-0.017810551449656487
1,AAPL,2023-02-09,0.0010474130976945162,-0.006935622543096542
1,AAPL,2023-02-10,0.0010105539113283157,0.0024531276430934668
1,AAPL,2023-02-13,0.0009787348099052906,0.01863209158182144
1,AAPL,2023-02-14,0.0010108941933140159,-0.004233715124428272
1,AAPL,2023-02-15,0.0010068060364574194,0.013807612471282482
1,AAPL,2023-02-16,0.0010739817516878247,-0.010484096594154835
1,AAPL,2023-02-17,0.0010456368327140808,-0.007575333118438721
1,AAPL,2023-02-21,0.0010459702461957932,-0.02704223059117794
1,AAPL,2023-02-22,0.0009009108762256801,0.00289197638630867
1,AAPL,2023-02-23,0.000820835935883224,0.003285001963376999
1,AAPL,2023-02-24,0.0008335626916959882,-0.018169447779655457
1,AAPL,2023-02-27,0.0007678987458348274,0.008213852532207966
1,AAPL,2023-02-28,0.0008047177107073367,-0.00345383258536458
1,AAPL,2023-03-01,0.0008248056983575225,-0.014348257333040237
1,AAPL,2023-03-02,0.0007903332007117569,0.004120385739952326
1,AAPL,2023-03-03,0.0008540311828255653,0.03448865935206413
1,AAPL,2023-03-06,0.0009824607986956835,0.018369589000940323
1,AAPL,2023-03-07,0.0011863517574965954,-0.014602758921682835
1,AAPL,2023-03-08,0.0011791284196078777,0.008342311717569828
1,AAPL,2023-03-09,0.0011990934144705534,-0.015026779845356941
1,AAPL,2023-03-10,0.0011599245481193066,-0.01397587452083826
1,AAPL,2023-03-13,0.001069571590051055,0.01317891851067543
1,AAPL,2023-03-14,0.0011394514003768563,0.013990720734000206
1,AAPL,2023-03-15,0.001174943638034165,0.002617971505969763
1,AAPL,2023-03-16,0.0011899605160579085,0.018521320074796677
1,AAPL,2023-03-17,0.0012148196110501885,-0.005468859802931547
1,AAPL,2023-03-20,0.0012050819350406528,0.015365107916295528
1,AAPL,2023-03-21,0.0012164820218458772,0.011873530223965645
1,AAPL,2023-03-22,0.0012275888584554195,-0.0091452207416296
1,AAPL,2023-03-23,0.0011783662484958768,0.006945197004824877
1,AAPL,2023-03-24,0.001175162149593234,0.008271603845059872
1,AAPL,2023-03-27,0.0011800999054685235,-0.012369716539978981
1,AAPL,2023-03-28,0.0011442052200436592,-0.003988271579146385
1,AAPL,2023-03-29,0.0011338491458445787,0.019597547128796577
1,AAPL,2023-03-30,0.0011796377366408706,0.009841104969382286
1,AAPL,2023-03-31,0.0012003752635791898,0.015523134730756283
1,AAPL,2023-04-03,0.0012197447940707207,0.007672316860407591
1,AAPL,2023-04-04,0.001206932938657701,-0.003254982177168131
1,AAPL,2023-04-05,0.0011869024019688368,-0.011354628019034863
1,AAPL,2023-04-06,0.0011314083822071552,0.005480938125401735
1,AAPL,2023-04-10,0.0011472920887172222,-0.01610117219388485
1,AAPL,2023-04-11,0.001095463172532618,-0.007620376069098711
1,AAPL,2023-04-12,0.001054170774295926,-0.004362491425126791
1,AAPL,2023-04-13,0.0010428937384858727,0.03353500738739967
1,AAPL,2023-04-14,0.0011480968678370118,-0.0021162964403629303
1,AAPL,2023-04-17,0.0011790927965193987,0.00012098492152290419
1,AAPL,2023-04-18,0.0012017261469736695,0.007476720493286848
1,AAPL,2023-04-19,0.0012283740798011422,0.00694408779963851
1,AAPL,2023-04-20,0.0012427413603290915,-0.0058636111207306385
1,AAPL,2023-04-21,0.0012278613867238164,-0.009828880429267883
1,AAPL,2023-04-24,0.001185338944196701,0.001876857248134911
1,AAPL,2023-04-25,0.0011898742523044348,-0.009480690583586693
1,AAPL,2023-04-26,0.0011226629139855504,-6.10772694926709e-05
1,AAPL,2023-04-27,0.0011023300467059016,0.02799968235194683
1,AAPL,2023-04-28,0.0012092794058844447,0.007512734737247229
1,AAPL,2023-05-01,0.0012363194255158305,-0.0005304910591803491
1,AAPL,2023-05-02,0.0012257908238098025,-0.006210620980709791
1,AAPL,2023-05-03,0.0011978127295151353,-0.006488338112831116
1,AAPL,2023-05-04,0.0011300541227683425,-0.00996294803917408
1,AAPL,2023-05-05,0.0010623873677104712,0.04585917294025421
1,AAPL,2023-05-08,0.00115727458614856,-0.0004033809818793088
1,AAPL,2023-05-09,0.0011624974431470037,-0.010021303780376911
1,AAPL,2023-05-10,0.00112424255348742,0.010367144830524921
1,AAPL,2023-05-11,0.0011625561164692044,0.0010940198553726077
1,AAPL,2023-05-12,0.0011596382828429341,-0.005432301200926304
1,AAPL,2023-05-15,0.0011301011545583606,-0.002901569241657853
1,AAPL,2023-05-16,0.001115440740250051,0.0
1,AAPL,2023-05-17,0.001117819338105619,0.003596795490011573
1,AAPL,2023-05-18,0.0011313451686874032,0.013573459349572659
1,AAPL,2023-05-19,0.0011672490509226918,0.0006280913366936147
1,AAPL,2023-05-22,0.0011564973974600434,-0.005495575722306967
1,AAPL,2023-05-23,0.001141875982284546,-0.015271002426743507
1,AAPL,2023-05-24,0.001095636747777462,0.001630500191822648
1,AAPL,2023-05-25,0.0010340885492041707,0.006670034024864435
1,AAPL,2023-05-26,0.00106135499663651,0.014006300829350948
1,AAPL,2023-05-30,0.0011448191944509745,0.010603299364447594
1,AAPL,2023-05-31,0.0011715084547176957,-0.0002823348913807422
1,AAPL,2023-06-01,0.0011765796225517988,0.015895746648311615
1,AAPL,2023-06-02,0.0012204701779410243,0.004763951059430838
1,AAPL,2023-06-05,0.0012371782213449478,-0.0075998976826667786
1,MSFT,2022-08-17,0.0009499028674326837,-0.002639654790982604
1,MSFT,2022-08-18,0.0009359773248434067,-0.00395545456558466
1,MSFT,2022-08-19,0.0009252931922674179,-0.01395068597048521
1,MSFT,2022-08-22,0.0008500659023411572,-0.029794607311487198
1,MSFT,2022-08-23,0.0006596280727535486,-0.004727791994810104
1,MSFT,2022-08-24,0.000627503904979676,-0.0023541580885648727
1,MSFT,2022-08-25,0.0005376291810534894,0.011034233495593071
1,MSFT,2022-08-26,0.0006194736924953759,-0.03935132175683975
1,MSFT,2022-08-29,0.0003242833190597594,-0.010725339874625206
1,MSFT,2022-08-30,-1.998482912313193e-05,-0.008557546883821487
1,MSFT,2022-08-31,-0.0006019316497258842,-0.005720207467675209
1,MSFT,2022-09-01,-0.001461329753510654,-0.004100713413208723
1,MSFT,2022-09-02,-0.001807133317925036,-0.016807060688734055
1,MSFT,2022-09-06,-0.0016941361827775836,-0.01103462465107441
1,MSFT,2022-09-07,-0.0012727860594168305,0.018931256607174873
1,MSFT,2022-09-08,-0.0015387870371341705,0.001664673094637692
1,MSFT,2022-09-09,-0.0016554611502215266,0.022716861218214035
1,MSFT,2022-09-12,-0.0013025365769863129,0.00824687723070383
1,MSFT,2022-09-13,-0.0004474624292925,-0.05654740706086159
1,MSFT,2022-09-14,-0.0014539744006469846,0.0009123273775912821
1,MSFT,2022-09-15,-0.0013973983004689217,-0.027493752539157867
1,MSFT,2022-09-16,-0.0015697788912802935,-0.0026115798391401768
1,MSFT,2022-09-19,-0.001639645779505372,-0.0008992255898192525
1,MSFT,2022-09-20,-0.0016767223132774234,-0.0085017504170537
1,MSFT,2022-09-21,-0.0016681618290022016,-0.01454098429530859
1,MSFT,2022-09-22,-0.0015261401422321796,0.008459486998617649
1,MSFT,2022-09-23,-0.0016233420465141535,-0.012779452838003635
1,MSFT,2022-09-26,-0.0016157726058736444,-0.0019775312393903732
1,MSFT,2022-09-27,-0.0015958691947162151,-0.0043893191032111645
1,MSFT,2022-09-28,-0.0014662255998700857,0.019519848749041557
1,MSFT,2022-09-29,-0.001028277911245823,-0.014919989742338657
1,MSFT,2022-09-30,-0.0008814182947389781,-0.019558442756533623
1,MSFT,2022-10-03,-0.0009484901092946529,0.03310847654938698
1,MSFT,2022-10-04,-0.0003406129835639149,0.03325316309928894
1,MSFT,2022-10-05,0.00042458955431357026,0.0012850159546360373
1,MSFT,2022-10-06,0.0005844905972480774,-0.00971793383359909
1,MSFT,2022-10-07,0.0006807722384110093,-0.052191559225320816
1,MSFT,2022-10-10,0.0005325539968907833,-0.02153320237994194
1,MSFT,2022-10-11,0.00045393305481411517,-0.016891969367861748
1,MSFT,2022-10-12,0.0003082111943513155,0.0015070469817146659
1,MSFT,2022-10-13,-6.879412103444338e-05,0.03691812604665756
1,MSFT,2022-10-14,0.00039189678500406444,-0.024547448381781578
1,MSFT,2022-10-17,0.0002659419260453433,0.038495149463415146
1,MSFT,2022-10-18,0.0005087867029942572,0.004075540229678154
1,MSFT,2022-10-19,0.0006157206371426582,-0.00850590132176876
1,MSFT,2022-10-20,0.0006674744072370231,-0.0013964988756924868
1,MSFT,2022-10-21,0.0007070063729770482,0.024966422468423843
1,MSFT,2022-10-24,0.0007894099107943475,0.020966576412320137
1,MSFT,2022-10-25,0.0008581109577789903,0.013697398826479912
1,MSFT,2022-10-26,0.0009041173616424203,-0.08029536157846451
1,MSFT,2022-10-27,0.0008164314203895628,-0.019954094663262367
1,MSFT,2022-10-28,0.0007367715588770807,0.03943280503153801
1,MSFT,2022-10-31,0.0007791929529048502,-0.015983162447810173
1,MSFT,2022-11-01,0.0007399907917715609,-0.017206545919179916
1,MSFT,2022-11-02,0.0006802881835028529,-0.036009058356285095
1,MSFT,2022-11-03,0.0003612194850575179,-0.026938455179333687
1,MSFT,2022-11-04,-0.00030300565413199365,0.03278222680091858
1,MSFT,2022-11-07,0.00014106827438808978,0.028849326074123383
1,MSFT,2022-11-08,0.00044908508425578475,0.004378946032375097
1,MSFT,2022-11-09,0.0005718449247069657,-0.019233711063861847
1,MSFT,2022-11-10,0.0006152915302664042,0.07905866205692291
1,MSFT,2022-11-11,0.0007228470058180392,0.016854578629136086
1,MSFT,2022-11-14,0.0007924960809759796,-0.022757206112146378
1,MSFT,2022-11-15,0.000845495902467519,0.0017372609581798315
1,MSFT,2022-11-16,0.0008747823303565383,0.0018219593912363052
1,MSFT,2022-11-17,0.0008966303430497646,-0.00020692244288511574
1,MSFT,2022-11-18,0.000904789543710649,-0.0019050214905291796
1,MSFT,2022-11-21,0.0009085732162930071,0.0034347937908023596
1,MSFT,2022-11-22,0.0009171593701466918,0.01223625149577856
1,MSFT,2022-11-23,0.000941962469369173,0.010353181511163712
1,MSFT,2022-11-25,0.0009217526530846953,-0.0003634598688222468
1,MSFT,2022-11-28,0.0009143586503341794,-0.023424766957759857
1,MSFT,2022-11-29,0.0008468191372230649,-0.00593256251886487
1,MSFT,2022-11-30,0.0007930065039545298,0.059799522161483765
1,MSFT,2022-12-01,0.0008710356778465211,-0.0017653030809015036
1,MSFT,2022-12-02,0.0008724656072445214,0.0012949012452736497
1,MSFT,2022-12-05,0.0008963270229287446,-0.019081396982073784
1,MSFT,2022-12-06,0.0008527017780579627,-0.02051275223493576
1,MSFT,2022-12-07,0.0007468457915820181,-0.00306445243768394
1,MSFT,2022-12-08,0.0007225088193081319,0.012323027476668358
1,MSFT,2022-12-09,0.0007989737205207348,-0.008035469800233841
1,MSFT,2022-12-12,0.0007893496658653021,0.028479861095547676
1,MSFT,2022-12-13,0.0010439269244670868,0.01731386035680771
1,MSFT,2022-12-14,0.0010939950589090586,0.0011670843232423067
1,MSFT,2022-12-15,0.0011137609835714102,-0.03243882209062576
1,MSFT,2022-12-16,0.00104520155582577,-0.017500974237918854
1,MSFT,2022-12-19,0.0009411349310539663,-0.017479680478572845
1,MSFT,2022-12-20,0.0008365947869606316,0.005598601419478655
1,MSFT,2022-12-21,0.0008030818426050246,0.010818053968250751
1,MSFT,2022-12-22,0.0008313906728290021,-0.025860309600830078
1,MSFT,2022-12-23,0.0007292242953553796,0.002264542505145073
1,MSFT,2022-12-27,0.0007049390696920455,-0.007441737223416567
1,MSFT,2022-12-28,0.0006769367610104382,-0.010307819582521915
1,MSFT,2022-12-29,0.0006021670997142792,0.02725471369922161
1,MSFT,2022-12-30,0.0007045744569040835,-0.004949713591486216
1,MSFT,2023-01-03,0.0007441781926900148,-0.0010012345155701041
1,MSFT,2023-01-04,0.0007827927474863827,-0.04472888633608818
1,MSFT,2023-01-05,0.0007522190571762621,-0.030085798352956772
1,MSFT,2023-01-06,0.000632751383818686,0.011716479435563087
1,MSFT,2023-01-09,0.0006329215248115361,0.009689200669527054
1,MSFT,2023-01-10,0.0006731626344844699,0.00758832972496748
1,MSFT,2023-01-11,0.000711210654117167,0.029790008440613747
1,MSFT,2023-01-12,0.0008012597681954503,0.011554415337741375
1,MSFT,2023-01-13,0.00087244767928496,0.00301427417434752
1,MSFT,2023-01-17,0.0009475343977101147,0.004670790862292051
1,MSFT,2023-01-18,0.0010804900666698813,-0.01906982995569706
1,MSFT,2023-01-19,0.0010710986098274589,-0.01659085787832737
1,MSFT,2023-01-20,0.0010405259672552347,0.035119522362947464
1,MSFT,2023-01-23,0.0010951280128210783,0.009776465594768524
1,MSFT,2023-01-24,0.0011220459127798676,-0.002228496829047799
1,MSFT,2023-01-25,0.0011347434483468533,-0.0059256786480546
1,MSFT,2023-01-26,0.0011226970236748457,0.03025144524872303
1,MSFT,2023-01-27,0.0011477357475087047,0.0006448579370044172
1,MSFT,2023-01-30,0.0011414652690291405,-0.022206420078873634
1,MSFT,2023-01-31,0.0011045068968087435,0.02079508639872074
1,MSFT,2023-02-01,0.001117304782383144,0.019738515838980675
1,MSFT,2023-02-02,0.0011101337149739265,0.045818526297807693
1,MSFT,2023-02-03,0.0011299229227006435,-0.023903993889689445
1,MSFT,2023-02-06,0.0011049063177779317,-0.006134777795523405
1,MSFT,2023-02-07,0.0010910832788795233,0.041163306683301926
1,MSFT,2023-02-08,0.0011056620860472322,-0.0031068590469658375
1,MSFT,2023-02-09,0.001083619543351233,-0.01172852423042059
1,MSFT,2023-02-10,0.0010429556714370847,-0.001974341459572315
1,MSFT,2023-02-13,0.0010157260112464428,0.03076479583978653
1,MSFT,2023-02-14,0.001045282930135727,0.0031278408132493496
1,MSFT,2023-02-15,0.0010393389966338873,-0.00802487414330244
1,MSFT,2023-02-16,0.001033753389492631,-0.026983609423041344
1,MSFT,2023-02-17,0.0009275866323150694,-0.01572459749877453
1,MSFT,2023-02-21,0.0008797718910500407,-0.021107861772179604
1,MSFT,2023-02-22,0.0007440429180860519,-0.004601628519594669
1,MSFT,2023-02-23,0.0006170354317873716,0.01287856511771679
1,MSFT,2023-02-24,0.0006522224866785109,-0.022025106474757195
1,MSFT,2023-02-27,0.0005669652600772679,0.00376456999219954
1,MSFT,2023-02-28,0.0005930683109909296,-0.002962407423183322
1,MSFT,2023-03-01,0.0006251565646380186,-0.012709802016615868
1,MSFT,2023-03-02,0.000623286934569478,0.019462620839476585
1,MSFT,2023-03-03,0.0007320038857869804,0.016508955508470535
1,MSFT,2023-03-06,0.0008014024351723492,0.006170100532472134
1,MSFT,2023-03-07,0.0008565266616642475,-0.010645553469657898
1,MSFT,2023-03-08,0.0008523149881511927,-0.0017720733303576708
1,MSFT,2023-03-09,0.0008782373042777181,-0.0054544974118471146
1,MSFT,2023-03-10,0.0009154472500085831,-0.014893165789544582
1,MSFT,2023-03-13,0.0008546612807549536,0.021214211359620094
1,MSFT,2023-03-14,0.0010224605211988091,0.02669628895819187
1,MSFT,2023-03-15,0.0011190454242751002,0.017673691734671593
1,MSFT,2023-03-16,0.0011690035462379456,0.03973611071705818
1,MSFT,2023-03-17,0.0011711320839822292,0.01162638794630766
1,MSFT,2023-03-20,0.0011596870608627796,-0.026104237884283066
1,MSFT,2023-03-21,0.0011191278463229537,0.005677660461515188
1,MSFT,2023-03-22,0.0011190358782187104,-0.005457219202071428
1,MSFT,2023-03-23,0.001089157653041184,0.019529566168785095
1,MSFT,2023-03-24,0.0010978198843076825,0.010425947606563568
1,MSFT,2023-03-27,0.0010997666977345943,-0.015046766959130764
1,MSFT,2023-03-28,0.0010680188424885273,-0.0041692922823131084
1,MSFT,2023-03-29,0.0010580935049802065,0.019002236425876617
1,MSFT,2023-03-30,0.001083856332115829,0.012540649622678757
1,MSFT,2023-03-31,0.0010971202282235026,0.014851410873234272
1,MSFT,2023-04-03,0.001108017866499722,-0.0037182492669671774
1,MSFT,2023-04-04,0.0010932456934824586,-0.00017408753046765924
1,MSFT,2023-04-05,0.0010901193600147963,-0.009938627481460571
1,MSFT,2023-04-06,0.0010625356808304787,0.02521241270005703
1,MSFT,2023-04-10,0.001107019023038447,-0.007607731968164444
1,MSFT,2023-04-11,0.0011132103390991688,-0.022929316386580467
1,MSFT,2023-04-12,0.0010583365801721811,0.0023307395167648792
1,MSFT,2023-04-13,0.0010822424665093422,0.022152218967676163
1,MSFT,2023-04-14,0.0011184398317709565,-0.01284764800220728
1,MSFT,2023-04-17,0.0011270291870459914,0.00925305113196373
1,MSFT,2023-04-18,0.0011359852505847812,-0.0014900806127116084
1,MSFT,2023-04-19,0.0011192283127456903,0.0002774631429929286
1,MSFT,2023-04-20,0.0011127421166747808,-0.008145476691424847
1,MSFT,2023-04-21,0.001077570952475071,-0.001224025501869619
1,MSFT,2023-04-24,0.0010497451294213533,-0.0140610933303833
1,MSFT,2023-04-25,0.0009944814955815673,-0.0227937214076519
1,MSFT,2023-04-26,0.0007691176724620163,0.06993146240711212
1,MSFT,2023-04-27,0.0010232964996248484,0.03152568265795708
1,MSFT,2023-04-28,0.0011098398827016354,0.007939839735627174
1,MSFT,2023-05-01,0.0011375019093975425,-0.005548310466110706
1,MSFT,2023-05-02,0.0011263696942478418,-0.0004909083363600075
1,MSFT,2023-05-03,0.0011182379676029086,-0.0033124929759651423
1,MSFT,2023-05-04,0.0010993439937010407,0.0033124929759651423
1,MSFT,2023-05-05,0.0010980133665725589,0.01701178215444088
1,MSFT,2023-05-08,0.0011031952453777194,-0.006458874326199293
1,MSFT,2023-05-09,0.0010817308211699128,-0.005360378418117762
1,MSFT,2023-05-10,0.001055874046869576,0.017148593440651894
1,MSFT,2023-05-11,0.0010731922229751945,-0.007069143000990152
1,MSFT,2023-05-12,0.0010500717908143997,-0.003683043411001563
1,MSFT,2023-05-15,0.0010258880211040378,0.0015846611931920052
1,MSFT,2023-05-16,0.0010150326415896416,0.007340872194617987
1,MSFT,2023-05-17,0.0010305076139047742,0.009407252073287964
1,MSFT,2023-05-18,0.0010479337070137262,0.01429209765046835
1,MSFT,2023-05-19,0.0010641537373885512,-0.0005653807893395424
1,MSFT,2023-05-22,0.001067036879248917,0.008881811052560806
1,MSFT,2023-05-23,0.0010780602460727096,-0.01860414817929268
1,MSFT,2023-05-24,0.001048835227265954,-0.004482439253479242
1,MSFT,2023-05-25,0.0009991370607167482,0.037736907601356506
1,MSFT,2023-05-26,0.0010592719772830606,0.021159984171390533
1,MSFT,2023-05-30,0.0010662548011168838,-0.005059321876615286
1,MSFT,2023-05-31,0.0010456073796376586,-0.00855089258402586
1,MSFT,2023-06-01,0.0010155399795621634,0.01267875637859106
1,MSFT,2023-06-02,0.001017109490931034,0.008443149738013744
1,MSFT,2023-06-05,0.001022701500914991,0.0016089357668533921
1,NVDA,2022-08-17,0.001671194564551115,-0.029238490387797356
1,NVDA,2022-08-18,0.001622381736524403,0.023607932031154633
1,NVDA,2022-08-19,0.0016897686291486025,-0.050472088158130646
1,NVDA,2022-08-22,0.0015243972884491086,-0.046736277639865875
1,NVDA,2022-08-23,0.0012395238736644387,0.008592779748141766
1,NVDA,2022-08-24,0.0012008891208097339,0.002383592538535595
1,NVDA,2022-08-25,0.0011638618307188153,0.039338961243629456
1,NVDA,2022-08-26,0.001369949197396636,-0.09681840986013412
1,NVDA,2022-08-29,0.0006146979285404086,-0.028634939342737198
1,NVDA,2022-08-30,-0.0005342843942344189,-0.02129990980029106
1,NVDA,2022-08-31,-0.0016705140005797148,-0.02447601780295372
1,NVDA,2022-09-01,-0.0030883573926985264,-0.07975023239850998
1,NVDA,2022-09-02,-0.002359574194997549,-0.021027376875281334
1,NVDA,2022-09-06,-0.001869988045655191,-0.013425956480205059
1,NVDA,2022-09-07,-0.0012459068093448877,0.01862032152712345
1,NVDA,2022-09-08,-0.0013830495299771428,0.019925687462091446
1,NVDA,2022-09-09,-0.0015866501489654183,0.027982333675026894
1,NVDA,2022-09-12,-0.00204079644754529,0.00816839188337326
1,NVDA,2022-09-13,-0.002526180585846305,-0.09951767325401306
1,NVDA,2022-09-14,-0.0015361001715064049,-0.00022842385806143284
1,NVDA,2022-09-15,-0.0014116944512352347,-0.015274448320269585
1,NVDA,2022-09-16,-0.0012961557367816567,0.020592408254742622
1,NVDA,2022-09-19,-0.0016791073139756918,0.013845146633684635
1,NVDA,2022-09-20,-0.0021068695932626724,-0.015513410791754723
1,NVDA,2022-09-21,-0.002385198837146163,0.006430359557271004
1,NVDA,2022-09-22,-0.00283061433583498,-0.05423065647482872
1,NVDA,2022-09-23,-0.002797513036057353,-0.0035890827421098948
1,NVDA,2022-09-26,-0.0026657988782972097,-0.02327924780547619
1,NVDA,2022-09-27,-0.0024063382297754288,0.015015831217169762
1,NVDA,2022-09-28,-0.001812611473724246,0.02568826638162136
1,NVDA,2022-09-29,-0.0009374631335958838,-0.04135856032371521
1,NVDA,2022-09-30,-0.0004262668371666223,-0.006650411989539862
1,NVDA,2022-10-03,-0.00018665503012016416,0.030264701694250107
1,NVDA,2022-10-04,0.0004969594301655889,0.05102556571364403
1,NVDA,2022-10-05,0.0009263183455914259,0.003184765577316284
1,NVDA,2022-10-06,0.001081686234101653,-0.005998820532113314
1,NVDA,2022-10-07,0.0011670264648273587,-0.08367960900068283
1,NVDA,2022-10-10,0.0009284424013458192,-0.034198615700006485
1,NVDA,2022-10-11,0.0007738940184935927,-0.0072240037843585014
1,NVDA,2022-10-12,0.0006535129505209625,-0.0074504707008600235
1,NVDA,2022-10-13,0.0002012723416555673,0.03922067582607269
1,NVDA,2022-10-14,0.0007644740981049836,-0.06324607133865356
1,NVDA,2022-10-17,-0.000196019173017703,0.05720779672265053
1,NVDA,2022-10-18,0.0005840335506945848,0.0066233971156179905
1,NVDA,2022-10-19,0.0008800774230621755,0.006994812283664942
1,NVDA,2022-10-20,0.0010176387149840593,0.011796410195529461
1,NVDA,2022-10-21,0.0010880621848627925,0.022060943767428398
1,NVDA,2022-10-24,0.0011907202424481511,0.010612444020807743
1,NVDA,2022-10-25,0.0012648473493754864,0.051209937781095505
1,NVDA,2022-10-26,0.0013665745500475168,-0.027910061180591583
1,NVDA,2022-10-27,0.0013723409501835704,0.02147970162332058
1,NVDA,2022-10-28,0.0014181302394717932,0.048732317984104156
1,NVDA,2022-10-31,0.0014770692214369774,-0.024661855772137642
1,NVDA,2022-11-01,0.0014520634431391954,0.0034023525658994913
1,NVDA,2022-11-02,0.0014497238444164395,-0.024214640259742737
1,NVDA,2022-11-03,0.0013691947096958756,0.015165334567427635
1,NVDA,2022-11-04,0.0013435013825073838,0.053317926824092865
1,NVDA,2022-11-07,0.0013953582383692265,0.010190995410084724
1,NVDA,2022-11-08,0.0014318169560283422,0.020829102024435997
1,NVDA,2022-11-09,0.0014716503210365772,-0.05823059007525444
1,NVDA,2022-11-10,0.0013709323247894645,0.1339123696088791
1,NVDA,2022-11-11,0.0014149581547826529,0.03597954660654068
1,NVDA,2022-11-14,0.0014020520029589534,-0.001961546018719673
1,NVDA,2022-11-15,0.0013768121134489775,0.02251240611076355
1,NVDA,2022-11-16,0.0013688714243471622,-0.046422895044088364
1,NVDA,2022-11-17,0.0012863947777077556,-0.014753099530935287
1,NVDA,2022-11-18,0.001234571449458599,-0.01724293828010559
1,NVDA,2022-11-21,0.0011950297048315406,-0.005988400429487228
1,NVDA,2022-11-22,0.0011790667194873095,0.04599756747484207
1,NVDA,2022-11-23,0.001267921063117683,0.02955014444887638
1,NVDA,2022-11-25,0.001317401067353785,-0.01518831867724657
1,NVDA,2022-11-28,0.0013185606803745031,-0.02760535478591919
1,NVDA,2022-11-29,0.0012755756033584476,-0.011949673295021057
1,NVDA,2022-11-30,0.0012547511141747236,0.07916156202554703
1,NVDA,2022-12-01,0.001396019826643169,0.012449665926396847
1,NVDA,2022-12-02,0.0014454812044277787,-0.01523082610219717
1,NVDA,2022-12-05,0.0014710036339238286,-0.015887409448623657
1,NVDA,2022-12-06,0.0014738580211997032,-0.03822905942797661
1,NVDA,2022-12-07,0.0013853752752766013,0.008284701965749264
1,NVDA,2022-12-08,0.001407779403962195,0.06304483860731125
1,NVDA,2022-12-09,0.0016118487110361457,-0.009833253920078278
1,NVDA,2022-12-12,0.0016605667769908905,0.03092670813202858
1,NVDA,2022-12-13,0.0018908367492258549,0.030164847150444984
1,NVDA,2022-12-14,0.0018666653195396066,-0.02226903848350048
1,NVDA,2022-12-15,0.0018324293196201324,-0.04170884191989899
1,NVDA,2022-12-16,0.0016862750053405762,-0.02273188717663288
1,NVDA,2022-12-19,0.0015400871634483337,-0.01931493729352951
1,NVDA,2022-12-20,0.0014211798552423716,-0.010451963171362877
1,NVDA,2022-12-21,0.0013143793912604451,0.025534028187394142
1,NVDA,2022-12-22,0.0013829668750986457,-0.07302255928516388
1,NVDA,2022-12-23,0.001069878344424069,-0.008708491921424866
1,NVDA,2022-12-27,0.0009555072174407542,-0.07402699440717697
1,NVDA,2022-12-28,0.0003591638815123588,-0.006037637125700712
1,NVDA,2022-12-29,-0.0013247522292658687,0.03960156440734863
1,NVDA,2022-12-30,-0.0006640872452408075,0.0007529363501816988
1,NVDA,2023-01-03,-0.0004954201285727322,-0.0206720270216465
1,NVDA,2023-01-04,-0.0011165825417265296,0.02986740879714489
1,NVDA,2023-01-05,-0.0004375738790258765,-0.03336619213223457
1,NVDA,2023-01-06,-0.001015715766698122,0.04079641401767731
1,NVDA,2023-01-09,8.969792543211952e-05,0.05045861750841141
1,NVDA,2023-01-10,0.0008913574856705964,0.017820773646235466
1,NVDA,2023-01-11,0.0011595095274969935,0.005766286514699459
1,NVDA,2023-01-12,0.0013242156710475683,0.03137559816241264
1,NVDA,2023-01-13,0.0014675824204459786,0.02322765253484249
1,NVDA,2023-01-17,0.0015765384305268526,0.04642319306731224
1,NVDA,2023-01-18,0.0016886629164218903,-0.01853015273809433
1,NVDA,2023-01-19,0.0016845188802108169,-0.03585446998476982
1,NVDA,2023-01-20,0.0016149372095242143,0.062094151973724365
1,NVDA,2023-01-23,0.0016755821416154504,0.07315853983163834
1,NVDA,2023-01-24,0.001689733355306089,0.003744046436622739
1,NVDA,2023-01-25,0.0016846935031935573,0.0030063872691243887
1,NVDA,2023-01-26,0.0016534493770450354,0.024486925452947617
1,NVDA,2023-01-27,0.0016450886614620686,0.028034726157784462
1,NVDA,2023-01-30,0.0016313537489622831,-0.06088857352733612
1,NVDA,2023-01-31,0.0013485412346199155,0.01938074454665184
1,NVDA,2023-02-01,0.0013378316070884466,0.0694945827126503
1,NVDA,2023-02-02,0.0014030499150976539,0.035922348499298096
1,NVDA,2023-02-03,0.0014211500529199839,-0.028453925624489784
1,NVDA,2023-02-06,0.0013408290687948465,-0.0005212471005506814
1,NVDA,2023-02-07,0.0013591541210189462,0.05012364685535431
1,NVDA,2023-02-08,0.001436237944290042,0.0014420683728531003
1,NVDA,2023-02-09,0.001405250164680183,0.005927129182964563
1,NVDA,2023-02-10,0.0014014480402693152,-0.04918217286467552
1,NVDA,2023-02-13,0.0012698110658675432,0.024296771734952927
1,NVDA,2023-02-14,0.0013365066843107343,0.0528733991086483
1,NVDA,2023-02-15,0.001399935339577496,-0.009052293375134468
1,NVDA,2023-02-16,0.0014165507163852453,-0.03404683619737625
1,NVDA,2023-02-17,0.0013435088330879807,-0.028303327038884163
1,NVDA,2023-02-21,0.0012957515427842736,-0.03487277030944824
1,NVDA,2023-02-22,0.001115264487452805,0.004781538620591164
1,NVDA,2023-02-23,0.0009684505057521164,0.13121595978736877
1,NVDA,2023-02-24,0.0013033781433477998,-0.016102544963359833
1,NVDA,2023-02-27,0.0013818128500133753,0.009190651588141918
1,NVDA,2023-02-28,0.0014817670453339815,-0.012201211415231228
1,NVDA,2023-03-01,0.0015393568901345134,-0.022565042600035667
1,NVDA,2023-03-02,0.0015247429255396128,0.026777358725667
1,NVDA,2023-03-03,0.0017174318199977279,0.024405892938375473
1,NVDA,2023-03-06,0.0018281160155311227,-0.014164205640554428
1,NVDA,2023-03-07,0.001777489436790347,-0.011187761090695858
1,NVDA,2023-03-08,0.0016658351523801684,0.037629034370183945
1,NVDA,2023-03-09,0.001804780913516879,-0.03129391744732857
1,NVDA,2023-03-10,0.0016454046126455069,-0.020301900804042816
1,NVDA,2023-03-13,0.001530561363324523,4.360894672572613e-05
1,NVDA,2023-03-14,0.0014849207364022732,0.046660345047712326
1,NVDA,2023-03-15,0.0015659774653613567,0.006833725608885288
1,NVDA,2023-03-16,0.001636449247598648,0.05277596786618233
1,NVDA,2023-03-17,0.0017690005479380488,0.007178168743848801
1,NVDA,2023-03-20,0.001757345162332058,0.006779795978218317
1,NVDA,2023-03-21,0.0017675808630883694,0.011478336527943611
1,NVDA,2023-03-22,0.0018371327314525843,0.010215163230895996
1,NVDA,2023-03-23,0.0018198873149231076,0.026949504390358925
1,NVDA,2023-03-24,0.001827837317250669,-0.015267941169440746
1,NVDA,2023-03-27,0.0017547360621392727,-0.009304123930633068
1,NVDA,2023-03-28,0.0017000749940052629,-0.004571354482322931
1,NVDA,2023-03-29,0.0016791240777820349,0.021501580253243446
1,NVDA,2023-03-30,0.0017226425698027015,0.014678174629807472
1,NVDA,2023-03-31,0.0017525636358186603,0.014286060817539692
1,NVDA,2023-04-03,0.001783023588359356,0.006745434366166592
1,NVDA,2023-04-04,0.0017640109872445464,-0.018478427082300186
1,NVDA,2023-04-05,0.0016978189814835787,-0.021055757999420166
1,NVDA,2023-04-06,0.001554229180328548,0.005786761175841093
1,NVDA,2023-04-10,0.0015860084677115083,0.019848227500915527
1,NVDA,2023-04-11,0.0017465146956965327,-0.014978000894188881
1,NVDA,2023-04-12,0.0017250304808840156,-0.025120684877038002
1,NVDA,2023-04-13,0.0016833740519359708,-0.0012084428453817964
1,NVDA,2023-04-14,0.001710221404209733,0.011086015962064266
1,NVDA,2023-04-17,0.0018681501969695091,0.009077419526875019
1,NVDA,2023-04-18,0.0019352304516360164,0.024329524487257004
1,NVDA,2023-04-19,0.001994609832763672,0.009496635757386684
1,NVDA,2023-04-20,0.0020363498479127884,-0.03005591221153736
1,NVDA,2023-04-21,0.0019510318525135517,0.0005534669617190957
1,NVDA,2023-04-24,0.001924994750879705,-0.0028433396946638823
1,NVDA,2023-04-25,0.0018848547479137778,-0.030068224295973778
1,NVDA,2023-04-26,0.0016537411138415337,0.026882879436016083
1,NVDA,2023-04-27,0.0016874512657523155,0.00996656809002161
1,NVDA,2023-04-28,0.0017529984470456839,0.01902725175023079
1,NVDA,2023-05-01,0.001880355761386454,0.04098775237798691
1,NVDA,2023-05-02,0.001963438233360648,-0.024511022493243217
1,NVDA,2023-05-03,0.001903753960505128,-0.014568530023097992
1,NVDA,2023-05-04,0.0018420758424326777,-0.008669914677739143
1,NVDA,2023-05-05,0.0017857925267890096,0.039762016385793686
1,NVDA,2023-05-08,0.0018844477599486709,0.01628926582634449
1,NVDA,2023-05-09,0.0019114735769107938,-0.020097171887755394
1,NVDA,2023-05-10,0.0018227287800982594,0.01093012373894453
1,NVDA,2023-05-11,0.0018437502440065145,-0.010685049928724766
1,NVDA,2023-05-12,0.0017910310998558998,-0.008362953551113605
1,NVDA,2023-05-15,0.0017495735082775354,0.021399427205324173
1,NVDA,2023-05-16,0.0018100474262610078,0.008940071798861027
1,NVDA,2023-05-17,0.0018117218278348446,0.03249949589371681
1,NVDA,2023-05-18,0.0018648107070475817,0.048509202897548676
1,NVDA,2023-05-19,0.0018642774084582925,-0.01315529178828001
1,NVDA,2023-05-22,0.0017978382529690862,-0.0028185932897031307
1,NVDA,2023-05-23,0.0017684282502159476,-0.015776827931404114
1,NVDA,2023-05-24,0.001723828143440187,-0.004900065716356039
1,NVDA,2023-05-25,0.0016839149175211787,0.21808820962905884
1,NVDA,2023-05-26,0.001773700350895524,0.025116106495261192
1,NVDA,2023-05-30,0.0017380203353241086,0.029474595561623573
1,NVDA,2023-05-31,0.0016300566494464874,-0.058442372828722
1,NVDA,2023-06-01,0.0013123798416927457,0.04990462586283684
1,NVDA,2023-06-02,0.0012561280746012926,-0.011201552115380764
1,NVDA,2023-06-05,0.001156311365775764,-0.00397465517744422
1,TSLA,2022-08-17,0.002319489838555455,-0.00840757880359888
1,TSLA,2022-08-18,0.0023260698653757572,-0.003713104873895645
1,TSLA,2022-08-19,0.002359376521781087,-0.020694514736533165
1,TSLA,2022-08-22,0.002291071927174926,-0.023027123883366585
1,TSLA,2022-08-23,0.0021729408763349056,0.02230781503021717
1,TSLA,2022-08-24,0.002307110233232379,0.00216777459718287
1,TSLA,2022-08-25,0.002393564209342003,-0.0034616689663380384
1,TSLA,2022-08-26,0.0024361624382436275,-0.02732302062213421
1,TSLA,2022-08-29,0.0023293085396289825,-0.011415490880608559
1,TSLA,2022-08-30,0.00224252138286829,-0.025315988808870316
1,TSLA,2022-08-31,0.0021380456164479256,-0.007554668467491865
1,TSLA,2022-09-01,0.00199682149104774,0.005608200095593929
1,TSLA,2022-09-02,0.0020430053118616343,-0.02539556659758091
1,TSLA,2022-09-06,0.0018330656457692385,0.015460425987839699
1,TSLA,2022-09-07,0.0018822919810190797,0.03325755521655083
1,TSLA,2022-09-08,0.002089504152536392,0.019408589228987694
1,TSLA,2022-09-09,0.00233916612342,0.035389244556427
1,TSLA,2022-09-12,0.0024772246833890676,0.01569315604865551
1,TSLA,2022-09-13,0.0025616588536649942,-0.041209444403648376
1,TSLA,2022-09-14,0.0024814517237246037,0.0352458730340004
1,TSLA,2022-09-15,0.0025164929684251547,0.0037601953372359276
1,TSLA,2022-09-16,0.0025148610584437847,-0.0013177201617509127
1,TSLA,2022-09-19,0.0025018765591084957,0.01868053711950779
1,TSLA,2022-09-20,0.0025217970833182335,-0.0011006681015715003
1,TSLA,2022-09-21,0.0025100086349993944,-0.026021592319011688
1,TSLA,2022-09-22,0.0024201972410082817,-0.041438572108745575
1,TSLA,2022-09-23,0.0022597508504986763,-0.047036655247211456
1,TSLA,2022-09-26,0.0019270150223746896,0.0024668031837791204
1,TSLA,2022-09-27,0.001701260800473392,0.02479773759841919
1,TSLA,2022-09-28,0.0017482595285400748,0.017065662890672684
1,TSLA,2022-09-29,0.0018598402384668589,-0.07053031027317047
1,TSLA,2022-09-30,0.0014334265142679214,-0.011097446084022522
1,TSLA,2022-10-03,0.0011948865139856935,-0.090083546936512
1,TSLA,2022-10-04,0.0011091491905972362,0.028629185631871223
1,TSLA,2022-10-05,0.0011978672118857503,-0.03521018475294113
1,TSLA,2022-10-06,0.0009789831237867475,-0.011191466823220253
1,TSLA,2022-10-07,0.0008290060213766992,-0.0653311088681221
1,TSLA,2022-10-10,-0.00036921646096743643,-0.0004932431038469076
1,TSLA,2022-10-11,-0.0005532990326173604,-0.02940186858177185
1,TSLA,2022-10-12,-0.0006748628802597523,0.00341221084818244
1,TSLA,2022-10-13,-0.00022050950792618096,0.020412569865584373
1,TSLA,2022-10-14,0.0005330072017386556,-0.07845410704612732
1,TSLA,2022-10-17,-0.0005803257809020579,0.06770743429660797
1,TSLA,2022-10-18,0.00042711643618531525,0.0038221655413508415
1,TSLA,2022-10-19,0.0007985454285517335,0.008366694673895836
1,TSLA,2022-10-20,0.0010244707809761167,-0.06878698617219925
1,TSLA,2022-10-21,0.0010107788257300854,0.03395945951342583
1,TSLA,2022-10-24,0.0012043104507029057,-0.014987724833190441
1,TSLA,2022-10-25,0.0012968629598617554,0.051525212824344635
1,TSLA,2022-10-26,0.0014807492261752486,0.009931638836860657
1,TSLA,2022-10-27,0.001659988658502698,0.002001187764108181
1,TSLA,2022-10-28,0.001851552864536643,0.01512344740331173
1,TSLA,2022-10-31,0.001968691125512123,-0.004297735169529915
1,TSLA,2022-11-01,0.0020154775120317936,0.0012298580259084702
1,TSLA,2022-11-02,0.0020609721541404724,-0.05801089480519295
1,TSLA,2022-11-03,0.001960607012733817,0.00153385812882334
1,TSLA,2022-11-04,0.0019442606717348099,-0.03709208220243454
1,TSLA,2022-11-07,0.001841599470935762,-0.051377009600400925
1,TSLA,2022-11-08,0.0015887946356087923,-0.029766853898763657
1,TSLA,2022-11-09,0.0013678972609341145,-0.07436539232730865
1,TSLA,2022-11-10,0.0007548995781689882,0.07132888585329056
1,TSLA,2022-11-11,0.0008913695928640664,0.027155201882123947
1,TSLA,2022-11-14,0.0009727270808070898,-0.0259499941021204
1,TSLA,2022-11-15,0.0008144170860759914,0.018009159713983536
1,TSLA,2022-11-16,0.0009456878178752959,-0.039340049028396606
1,TSLA,2022-11-17,0.0007865903899073601,-0.020266035571694374
1,TSLA,2022-11-18,-0.0001067171833710745,-0.01640281081199646
1,TSLA,2022-11-21,-0.0011780863860622048,-0.07082202285528183
1,TSLA,2022-11-22,-0.0025534587912261486,0.012079065665602684
1,TSLA,2022-11-23,-0.0023624093737453222,0.07530952990055084
1,TSLA,2022-11-25,-0.0010587753495201468,-0.001857599476352334
1,TSLA,2022-11-28,0.00022471549164038152,0.00032805270166136324
1,TSLA,2022-11-29,0.000998015864752233,-0.011491515673696995
1,TSLA,2022-11-30,0.0011964659206569195,0.07390252500772476
1,TSLA,2022-12-01,0.0014885732671245933,0.0
1,TSLA,2022-12-02,0.0016454386059194803,0.0008214584086090326
1,TSLA,2022-12-05,0.0018418962135910988,-0.06580521166324615
1,TSLA,2022-12-06,0.0018372766207903624,-0.01451975479722023
1,TSLA,2022-12-07,0.0018182347994297743,-0.03267127275466919
1,TSLA,2022-12-08,0.0017130059422925115,-0.0034533869475126266
1,TSLA,2022-12-09,0.0016457216115668416,0.031833380460739136
1,TSLA,2022-12-12,0.0017783914227038622,-0.0647730901837349
1,TSLA,2022-12-13,0.0015376671217381954,-0.04179828241467476
1,TSLA,2022-12-14,0.0014431197196245193,-0.02612261101603508
1,TSLA,2022-12-15,0.0012766045983880758,0.005533102434128523
1,TSLA,2022-12-16,0.0012649691198021173,-0.048336803913116455
1,TSLA,2022-12-19,0.0010807221988216043,-0.0023992054630070925
1,TSLA,2022-12-20,0.0010283507872372866,-0.08396483957767487
1,TSLA,2022-12-21,0.000490303966216743,-0.0016704490408301353
1,TSLA,2022-12-22,-0.00011995837849099189,-0.09302312135696411
1,TSLA,2022-12-23,-0.002036002464592457,-0.017706675454974174
1,TSLA,2022-12-27,-0.002728983759880066,-0.12113825976848602
1,TSLA,2022-12-28,-0.0038867543917149305,0.03255326300859451
1,TSLA,2022-12-29,-0.0035972390323877335,0.07772639393806458
1,TSLA,2022-12-30,-0.0038565832655876875,0.011102159507572651
1,TSLA,2023-01-03,-0.0033360193483531475,-0.13058999180793762
1,TSLA,2023-01-04,-0.00342517695389688,0.049978841096162796
1,TSLA,2023-01-05,-0.003072245977818966,-0.029469076544046402
1,TSLA,2023-01-06,-0.0030500099528580904,0.02435215562582016
1,TSLA,2023-01-09,-0.0026604621671140194,0.05765457823872566
1,TSLA,2023-01-10,-0.0019044828368350863,-0.0077110277488827705
1,TSLA,2023-01-11,-0.001327958540059626,0.03610920533537865
1,TSLA,2023-01-12,-0.00014295900473371148,0.0027554628904908895
1,TSLA,2023-01-13,0.0006553013809025288,-0.009432465769350529
1,TSLA,2023-01-17,0.001065578660927713,0.07163646072149277
1,TSLA,2023-01-18,0.0013134261826053262,-0.020825332030653954
1,TSLA,2023-01-19,0.0014123236760497093,-0.012580753304064274
1,TSLA,2023-01-20,0.0015129672829061747,0.0479772724211216
1,TSLA,2023-01-23,0.0016305597964674234,0.07457364350557327
1,TSLA,2023-01-24,0.0017403123201802373,0.0009734348277561367
1,TSLA,2023-01-25,0.0018088885117322206,0.003745795926079154
1,TSLA,2023-01-26,0.0018378860550001264,0.10406500101089478
1,TSLA,2023-01-27,0.001905455719679594,0.1043616384267807
1,TSLA,2023-01-30,0.0019099862547591329,-0.0652657300233841
1,TSLA,2023-01-31,0.001816819771192968,0.038606639951467514
1,TSLA,2023-02-01,0.0018042027950286865,0.04619721695780754
1,TSLA,2023-02-02,0.0018270105356350541,0.03711744397878647
1,TSLA,2023-02-03,0.0018230985151603818,0.00904165580868721
1,TSLA,2023-02-06,0.0018067042110487819,0.024849222972989082
1,TSLA,2023-02-07,0.0018124969210475683,0.010470780543982983
1,TSLA,2023-02-08,0.0018123439513146877,0.022507838904857635
1,TSLA,2023-02-09,0.0018082790775224566,0.029516909271478653
1,TSLA,2023-02-10,0.0017946510342881083,-0.05161833390593529
1,TSLA,2023-02-13,0.0017080828547477722,-0.011493498459458351
1,TSLA,2023-02-14,0.0016932337312027812,0.0723780170083046
1,TSLA,2023-02-15,0.0017031233292073011,0.0235671978443861
1,TSLA,2023-02-16,0.0017607213230803609,-0.05863124132156372
1,TSLA,2023-02-17,0.001643105992116034,0.030561678111553192
1,TSLA,2023-02-21,0.0016991314478218555,-0.05394722521305084
1,TSLA,2023-02-22,0.001570184133015573,0.01752803660929203
1,TSLA,2023-02-23,0.0015711244195699692,0.006006057374179363
1,TSLA,2023-02-24,0.0016466573579236865,-0.026019778102636337
1,TSLA,2023-02-27,0.0015877926489338279,0.05316324159502983
1,TSLA,2023-02-28,0.0017392029985785484,-0.009290230460464954
1,TSLA,2023-03-01,0.001813300303183496,-0.014395089820027351
1,TSLA,2023-03-02,0.0018516442505642772,-0.060322657227516174
1,TSLA,2023-03-03,0.00181563978549093,0.03545612841844559
1,TSLA,2023-03-06,0.0019171003950759768,-0.02032754383981228
1,TSLA,2023-03-07,0.001904700300656259,-0.03198003023862839
1,TSLA,2023-03-08,0.001795698655769229,-0.03089156560599804
1,TSLA,2023-03-09,0.0017316780285909772,-0.05117763951420784
1,TSLA,2023-03-10,0.0015073230024427176,0.0030026831664144993
1,TSLA,2023-03-13,0.0014094297075644135,0.005978365428745747
1,TSLA,2023-03-14,0.001383138936944306,0.04909578338265419
1,TSLA,2023-03-15,0.0015256116166710854,-0.01545216515660286
1,TSLA,2023-03-16,0.0015694651519879699,0.0201883427798748
1,TSLA,2023-03-17,0.0016815091948956251,-0.021963216364383698
1,TSLA,2023-03-20,0.0017014092300087214,0.017172500491142273
1,TSLA,2023-03-21,0.001775825978256762,0.07529223710298538
1,TSLA,2023-03-22,0.0020066015422344208,-0.03308514505624771
1,TSLA,2023-03-23,0.002033186610788107,0.005582128185778856
1,TSLA,2023-03-24,0.002091909758746624,-0.009460894390940666
1,TSLA,2023-03-27,0.0021363841369748116,0.007325624581426382
1,TSLA,2023-03-28,0.002173089189454913,-0.013753472827374935
1,TSLA,2023-03-29,0.002170261461287737,0.02448762208223343
1,TSLA,2023-03-30,0.002307185437530279,0.007194983772933483
1,TSLA,2023-03-31,0.0022961595095694065,0.060504160821437836
1,TSLA,2023-04-03,0.0023918799124658108,-0.06311918795108795
1,TSLA,2023-04-04,0.0022522807121276855,-0.011307735927402973
1,TSLA,2023-04-05,0.002202358329668641,-0.03734894469380379
1,TSLA,2023-04-06,0.002033088356256485,-0.0024826324079185724
1,TSLA,2023-04-10,0.0019886461086571217,-0.0029764510691165924
1,TSLA,2023-04-11,0.0018425009911879897,0.012281322851777077
1,TSLA,2023-04-12,0.0018843711586669087,-0.034032631665468216
1,TSLA,2023-04-13,0.0017570352647453547,0.029256539419293404
1,TSLA,2023-04-14,0.0018630423583090305,-0.004853036720305681
1,TSLA,2023-04-17,0.0019028264796361327,0.01096663810312748
1,TSLA,2023-04-18,0.0020076443906873465,-0.014703352935612202
1,TSLA,2023-04-19,0.0020594634115695953,-0.02038986049592495
1,TSLA,2023-04-20,0.0021493046078830957,-0.10254036635160446
1,TSLA,2023-04-21,0.0017662857426330447,0.01274133287370205
1,TSLA,2023-04-24,0.0016287292819470167,-0.015444550663232803
1,TSLA,2023-04-25,0.0014205334009602666,-0.011633104644715786
1,TSLA,2023-04-26,0.001304949400946498,-0.04402465373277664
1,TSLA,2023-04-27,0.0009288918226957321,0.04103272035717964
1,TSLA,2023-04-28,0.0010953795863315463,0.025394247844815254
1,TSLA,2023-05-01,0.001284844009205699,-0.015208459459245205
1,TSLA,2023-05-02,0.0012984218774363399,-0.009436987340450287
1,TSLA,2023-05-03,0.001370501471683383,0.0018696443876251578
1,TSLA,2023-05-04,0.0014290945837274194,0.00366674130782485
1,TSLA,2023-05-05,0.0015411203494295478,0.053505491465330124
1,TSLA,2023-05-08,0.0017340037738904357,0.010121460072696209
1,TSLA,2023-05-09,0.0019104655366390944,-0.015486902557313442
1,TSLA,2023-05-10,0.002124093472957611,-0.003612788626924157
1,TSLA,2023-05-11,0.002259995089843869,0.020786425098776817
1,TSLA,2023-05-12,0.002364461775869131,-0.024114595726132393
1,TSLA,2023-05-15,0.0022912658751010895,-0.00975086074322462
1,TSLA,2023-05-16,0.0022738080006092787,0.0010214088251814246
1,TSLA,2023-05-17,0.002303807530552149,0.04313493147492409
1,TSLA,2023-05-18,0.0024047524202615023,0.017277685925364494
1,TSLA,2023-05-19,0.0024425622541457415,0.01820625551044941
1,TSLA,2023-05-22,0.0024407249875366688,0.04732459783554077
1,TSLA,2023-05-23,0.0024827481247484684,-0.016549549996852875
1,TSLA,2023-05-24,0.0024264510720968246,-0.01556985080242157
1,TSLA,2023-05-25,0.002352401614189148,0.00854733306914568
1,TSLA,2023-05-26,0.0023572698701173067,0.04608376696705818
1,TSLA,2023-05-30,0.002395100425928831,0.0405300073325634
1,TSLA,2023-05-31,0.002418492455035448,0.013676132075488567
1,TSLA,2023-06-01,0.0024283064994961023,0.017450978979468346
1,TSLA,2023-06-02,0.002414899878203869,0.030608082190155983
1,TSLA,2023-06-05,0.0024209367111325264,0.016868649050593376
1,GOOGL,2022-08-17,0.001058352179825306,-0.017824245616793633
1,GOOGL,2022-08-18,0.0009730177116580307,0.005172688513994217
1,GOOGL,2022-08-19,0.0009623469086363912,-0.024940267205238342
1,GOOGL,2022-08-22,0.0008004747214727104,-0.025665612891316414
1,GOOGL,2022-08-23,0.0005788372945971787,-0.0033319026697427034
1,GOOGL,2022-08-24,0.000555062317289412,-0.0014940829714760184
1,GOOGL,2022-08-25,0.000491102400701493,0.02570234425365925
1,GOOGL,2022-08-26,0.0006394214578904212,-0.05561142414808273
1,GOOGL,2022-08-29,3.679091969388537e-05,-0.008372723124921322
1,GOOGL,2022-08-30,-0.0006460158620029688,-0.004396445583552122
1,GOOGL,2022-08-31,-0.0013091090368106961,-0.006631123833358288
1,GOOGL,2022-09-01,-0.0017306889640167356,0.013947644270956516
1,GOOGL,2022-09-02,-0.0014719667378813028,-0.017372578382492065
1,GOOGL,2022-09-06,-0.001594243454746902,-0.009689691476523876
1,GOOGL,2022-09-07,-0.0017039914382621646,0.02441621758043766
1,GOOGL,2022-09-08,-0.0012373459758237004,-0.009824228473007679
1,GOOGL,2022-09-09,-0.000939325662329793,0.020728543400764465
1,GOOGL,2022-09-12,-9.774167119758204e-05,0.001896064030006528
1,GOOGL,2022-09-13,0.0004100051592104137,-0.06080499663949013
1,GOOGL,2022-09-14,-0.0007049137493595481,0.006497208960354328
1,GOOGL,2022-09-15,-0.000737472262699157,-0.020105401054024696
1,GOOGL,2022-09-16,-0.001276327413506806,-0.0010695267701521516
1,GOOGL,2022-09-19,-0.001101594534702599,0.0026229864452034235
1,GOOGL,2022-09-20,-0.0009098190348595381,-0.01890278421342373
1,GOOGL,2022-09-21,-0.0013510707067325711,-0.01856154389679432
1,GOOGL,2022-09-22,-0.0016636039363220334,0.00862528383731842
1,GOOGL,2022-09-23,-0.001665179617702961,-0.014079230837523937
1,GOOGL,2022-09-26,-0.0016779076540842652,-0.005789433140307665
1,GOOGL,2022-09-27,-0.001691071200184524,-0.006848340388387442
1,GOOGL,2022-09-28,-0.001630032667890191,0.025817766785621643
1,GOOGL,2022-09-29,-0.0012577931629493833,-0.026638569310307503
1,GOOGL,2022-09-30,-0.0013299148995429277,-0.01833588443696499
1,GOOGL,2022-10-03,-0.0014623698079958558,0.03078126348555088
1,GOOGL,2022-10-04,-0.0010553303873166442,0.029960304498672485
1,GOOGL,2022-10-05,-0.0003375086816959083,-0.002068389905616641
1,GOOGL,2022-10-06,0.0003509397793095559,-9.857986879069358e-05
1,GOOGL,2022-10-07,0.000515454972628504,-0.027388041839003563
1,GOOGL,2022-10-10,0.0004808102094102651,-0.00834437645971775
1,GOOGL,2022-10-11,0.00047954136971384287,-0.006972989998757839
1,GOOGL,2022-10-12,0.0004923680098727345,0.0039027559105306864
1,GOOGL,2022-10-13,0.0005431098979897797,0.015258156694471836
1,GOOGL,2022-10-14,0.0006342748529277742,-0.02556123398244381
1,GOOGL,2022-10-17,0.0005592601955868304,0.03470555692911148
1,GOOGL,2022-10-18,0.0006916087586432695,0.007970630191266537
1,GOOGL,2022-10-19,0.0007859846227802336,-0.011377462185919285
1,GOOGL,2022-10-20,0.000801575486548245,0.0034068331588059664
1,GOOGL,2022-10-21,0.0008201231248676777,0.01153658889234066
1,GOOGL,2022-10-24,0.0008612226811237633,0.013651253655552864
1,GOOGL,2022-10-25,0.0009072316461242735,0.01893775165081024
1,GOOGL,2022-10-26,0.0009428878547623754,-0.09585607051849365
1,GOOGL,2022-10-27,0.0008076548692770302,-0.028962578624486923
1,GOOGL,2022-10-28,0.0007145148701965809,0.043187420815229416
1,GOOGL,2022-10-31,0.0007492383010685444,-0.018658777698874474
1,GOOGL,2022-11-01,0.0006919075967743993,-0.04368745535612106
1,GOOGL,2022-11-02,0.0004956629709340632,-0.03945499658584595
1,GOOGL,2022-11-03,-3.7972215068293735e-05,-0.04155530035495758
1,GOOGL,2022-11-04,-0.0013023933861404657,0.03706089407205582
1,GOOGL,2022-11-07,-0.001035243272781372,0.02182069607079029
1,GOOGL,2022-11-08,-0.0007547728600911796,0.004622661508619785
1,GOOGL,2022-11-09,-0.00031593788298778236,-0.017932560294866562
1,GOOGL,2022-11-10,-0.0004411014961078763,0.07307664304971695
1,GOOGL,2022-11-11,0.00014298202586360276,0.025953704491257668
1,GOOGL,2022-11-14,0.0004296344122849405,-0.007391858845949173
1,GOOGL,2022-11-15,0.0005571937072090805,0.028229109942913055
1,GOOGL,2022-11-16,0.0006622371729463339,0.004156309645622969
1,GOOGL,2022-11-17,0.0007336973794735968,-0.004969427362084389
1,GOOGL,2022-11-18,0.0007791767129674554,-0.009499921463429928
1,GOOGL,2022-11-21,0.0008034176426008344,-0.0189614687114954
1,GOOGL,2022-11-22,0.0008087822352536023,0.015053654089570045
1,GOOGL,2022-11-23,0.0008451244793832302,0.014424051158130169
1,GOOGL,2022-11-25,0.0008436822681687772,-0.010208417661488056
1,GOOGL,2022-11-28,0.000833530502859503,-0.014573135413229465
1,GOOGL,2022-11-29,0.0008126142784021795,-0.008993900381028652
1,GOOGL,2022-11-30,0.0007829364622011781,0.059146616607904434
1,GOOGL,2022-12-01,0.0008453552727587521,0.0
1,GOOGL,2022-12-02,0.0008437790675088763,-0.005461044609546661
1,GOOGL,2022-12-05,0.0008528545149601996,-0.00960397906601429
1,GOOGL,2022-12-06,0.0008408063440583646,-0.025451775640249252
1,GOOGL,2022-12-07,0.0007502539665438235,-0.021259598433971405
1,GOOGL,2022-12-08,0.0006525288918055594,-0.013040158897638321
1,GOOGL,2022-12-09,0.0005628220969811082,-0.009435161016881466
1,GOOGL,2022-12-12,0.0005601823213510215,0.005157453939318657
1,GOOGL,2022-12-13,0.0006705564446747303,0.024559346958994865
1,GOOGL,2022-12-14,0.0007501465734094381,-0.0058733439072966576
1,GOOGL,2022-12-15,0.0007798733422532678,-0.04529334604740143
1,GOOGL,2022-12-16,0.0005928679602220654,-0.006625637412071228
1,GOOGL,2022-12-19,0.0005226425710134208,-0.020370010286569595
1,GOOGL,2022-12-20,0.00038905919063836336,0.006536657456308603
1,GOOGL,2022-12-21,0.000380896293791011,0.0062710875645279884
1,GOOGL,2022-12-22,0.0003967552038375288,-0.020526321604847908
1,GOOGL,2022-12-23,-6.75118135404773e-05,0.016611631959676743
1,GOOGL,2022-12-27,0.00010824263154063374,-0.02083655446767807
1,GOOGL,2022-12-28,-0.0002551404759287834,-0.015801090747117996
1,GOOGL,2022-12-29,-0.0008969599730335176,0.027857549488544464
1,GOOGL,2022-12-30,-0.00046726211439818144,-0.0024901707656681538
1,GOOGL,2023-01-03,-8.777707989793271e-05,0.010036666877567768
1,GOOGL,2023-01-04,0.00043546914821490645,-0.011738304048776627
1,GOOGL,2023-01-05,0.0005286751547828317,-0.021575355902314186
1,GOOGL,2023-01-06,0.0005337972543202341,0.01313856802880764
1,GOOGL,2023-01-09,0.0006436480907723308,0.007755286525934935
1,GOOGL,2023-01-10,0.0007470686105079949,0.004534215200692415
1,GOOGL,2023-01-11,0.0008247857913374901,0.034459345042705536
1,GOOGL,2023-01-12,0.0009264907566830516,-0.004270571283996105
1,GOOGL,2023-01-13,0.0009794352808967233,0.010805037803947926
1,GOOGL,2023-01-17,0.0011007311986759305,-0.00905077438801527
1,GOOGL,2023-01-18,0.0011167709017172456,-0.001863815588876605
1,GOOGL,2023-01-19,0.0011159158311784267,0.020959533751010895
1,GOOGL,2023-01-20,0.0011269471142441034,0.052034616470336914
1,GOOGL,2023-01-23,0.0011357141193002462,0.017896488308906555
1,GOOGL,2023-01-24,0.0011268238304182887,-0.02116643823683262
1,GOOGL,2023-01-25,0.001100382418371737,-0.025711672380566597
1,GOOGL,2023-01-26,0.001057991641573608,0.023867566138505936
1,GOOGL,2023-01-27,0.001077157212421298,0.01879277639091015
1,GOOGL,2023-01-30,0.0010862177005037665,-0.02475806325674057
1,GOOGL,2023-01-31,0.0010443938663229346,0.019410155713558197
1,GOOGL,2023-02-01,0.0010570110753178596,0.015958528965711594
1,GOOGL,2023-02-02,0.0010575024643912911,0.07026010006666183
1,GOOGL,2023-02-03,0.0010965641122311354,-0.02785813994705677
1,GOOGL,2023-02-06,0.0010673680808395147,-0.01810522936284542
1,GOOGL,2023-02-07,0.0010388250229880214,0.045034635812044144
1,GOOGL,2023-02-08,0.0010640773689374328,-0.07994198054075241
1,GOOGL,2023-02-09,0.0008843340328894556,-0.04486818239092827
1,GOOGL,2023-02-10,0.0006577637977898121,-0.004641865845769644
1,GOOGL,2023-02-13,0.0004900600761175156,0.00042297542677260935
1,GOOGL,2023-02-14,0.0004196623631287366,0.0007396547589451075
1,GOOGL,2023-02-15,0.0003922392788808793,0.023589354008436203
1,GOOGL,2023-02-16,0.00047223040019162,-0.014861231669783592
1,GOOGL,2023-02-17,0.0004610980104189366,-0.012219831347465515
1,GOOGL,2023-02-21,0.00045244480133987963,-0.02750782109797001
1,GOOGL,2023-02-22,0.00016171149036381394,-0.001526318141259253
1,GOOGL,2023-02-23,0.00013777690764982253,-0.00832714419811964
1,GOOGL,2023-02-24,0.00011557382094906643,-0.01955399662256241
1,GOOGL,2023-02-27,-0.00020292292174417526,0.008268308825790882
1,GOOGL,2023-02-28,3.3465668821008876e-05,0.002111950656399131
1,GOOGL,2023-03-01,0.0002708827378228307,0.0033254921436309814
1,GOOGL,2023-03-02,0.0004085278487764299,0.017986822873353958
1,GOOGL,2023-03-03,0.0005513100186362863,0.017776021733880043
1,GOOGL,2023-03-06,0.0006499242153950036,0.015679901465773582
1,GOOGL,2023-03-07,0.0007586753345094621,-0.013440119102597237
1,GOOGL,2023-03-08,0.0008104435401037335,0.004146615043282509
1,GOOGL,2023-03-09,0.0008876736392267048,-0.02069014310836792
1,GOOGL,2023-03-10,0.0008925714064389467,-0.018475541844964027
1,GOOGL,2023-03-13,0.0008277138113044202,0.005282234400510788
1,GOOGL,2023-03-14,0.000831039622426033,0.030908172950148582
1,GOOGL,2023-03-15,0.0009140395559370518,0.022517725825309753
1,GOOGL,2023-03-16,0.001019537216052413,0.042871780693531036
1,GOOGL,2023-03-17,0.0010837236186489463,0.012875291518867016
1,GOOGL,2023-03-20,0.0010953187011182308,-0.003944001160562038
1,GOOGL,2023-03-21,0.0010830610990524292,0.03590172156691551
1,GOOGL,2023-03-22,0.0010978266363963485,-0.014883373863995075
1,GOOGL,2023-03-23,0.001041287207044661,0.021343547850847244
1,GOOGL,2023-03-24,0.0010415700962767005,-0.0015161405317485332
1,GOOGL,2023-03-27,0.0009956387802958488,-0.028669778257608414
1,GOOGL,2023-03-28,0.0009311747271567583,-0.014054706320166588
1,GOOGL,2023-03-29,0.0008798213093541563,0.0035568736493587494
1,GOOGL,2023-03-30,0.000878205755725503,-0.004943653009831905
1,GOOGL,2023-03-31,0.0008723114151507616,0.027760425582528114
1,GOOGL,2023-04-03,0.0009353333152830601,0.006055121775716543
1,GOOGL,2023-04-04,0.0009915429400280118,0.0034437209833413363
1,GOOGL,2023-04-05,0.0010349387302994728,-0.002390173263847828
1,GOOGL,2023-04-06,0.0010048545664176345,0.037112560123205185
1,GOOGL,2023-04-10,0.0010880099143832922,-0.01843108981847763
1,GOOGL,2023-04-11,0.0010740122525021434,-0.010293249972164631
1,GOOGL,2023-04-12,0.0010680307168513536,-0.006762312259525061
1,GOOGL,2023-04-13,0.0010773433605208993,0.026313604786992073
1,GOOGL,2023-04-14,0.0011093737557530403,0.013315124437212944
1,GOOGL,2023-04-17,0.0011479867389425635,-0.026998620480298996
1,GOOGL,2023-04-18,0.001093178754672408,-0.01396893709897995
1,GOOGL,2023-04-19,0.0010557901114225388,-0.0030668701510876417
1,GOOGL,2023-04-20,0.001065568532794714,0.010598262771964073
1,GOOGL,2023-04-21,0.00109441252425313,0.001139104482717812
1,GOOGL,2023-04-24,0.0010929660638794303,0.005298440810292959
1,GOOGL,2023-04-25,0.0010991113958880305,-0.020208533853292465
1,GOOGL,2023-04-26,0.0009909197688102722,-0.001349097234196961
1,GOOGL,2023-04-27,0.0009260430233553052,0.03672920539975166
1,GOOGL,2023-04-28,0.0010588085278868675,-0.002326197223737836
1,GOOGL,2023-05-01,0.0010871983831748366,-0.0013051327550783753
1,GOOGL,2023-05-02,0.0010927703697234392,-0.017692947760224342
1,GOOGL,2023-05-03,0.0010323692113161087,0.000854261452332139
1,GOOGL,2023-05-04,0.0010228289756923914,-0.006853877566754818
1,GOOGL,2023-05-05,0.0009886522311717272,0.008370522409677505
1,GOOGL,2023-05-08,0.0010511210421100259,0.020625019446015358
1,GOOGL,2023-05-09,0.0011302793864160776,-0.0039047745522111654
1,GOOGL,2023-05-10,0.0011174526298418641,0.040169857442379
1,GOOGL,2023-05-11,0.0011573482770472765,0.04222762957215309
1,GOOGL,2023-05-12,0.0011722308117896318,0.008031630888581276
1,GOOGL,2023-05-15,0.0011617077980190516,-0.008546529337763786
1,GOOGL,2023-05-16,0.0011269620154052973,0.025423014536499977
1,GOOGL,2023-05-17,0.0011259696912020445,0.011067270301282406
1,GOOGL,2023-05-18,0.0011083697900176048,0.01633406989276409
1,GOOGL,2023-05-19,0.0010954176541417837,-0.0005700934561900795
1,GOOGL,2023-05-22,0.0010498787742108107,0.01848231814801693
1,GOOGL,2023-05-23,0.001031039748340845,-0.020112905651330948
1,GOOGL,2023-05-24,0.000963430677074939,-0.013636939227581024
1,GOOGL,2023-05-25,0.0008890371536836028,0.021115470677614212
1,GOOGL,2023-05-26,0.0008894115453585982,0.009109686128795147
1,GOOGL,2023-05-30,0.0008754266309551895,-0.00757226999849081
1,GOOGL,2023-05-31,0.0008463975391350687,-0.006489655934274197
1,GOOGL,2023-06-01,0.0008196179405786097,0.006894000340253115
1,GOOGL,2023-06-02,0.0008466527797281742,0.007649237755686045
1,GOOGL,2023-06-05,0.0009720455855131149,0.01069091446697712
1,AMZN,2022-08-17,0.000815235311165452,-0.01868426240980625
1,AMZN,2022-08-18,0.0007477314211428165,0.0014064485440030694
1,AMZN,2022-08-19,0.0007390335667878389,-0.029018592089414597
1,AMZN,2022-08-22,0.0005412089521996677,-0.036917027086019516
1,AMZN,2022-08-23,-0.00010520513751544058,0.002998007694259286
1,AMZN,2022-08-24,-0.00025315835955552757,0.0013462565839290619
1,AMZN,2022-08-25,-9.353991117677651e-06,0.025676457211375237
1,AMZN,2022-08-26,0.0005548293120227754,-0.04873552545905113
1,AMZN,2022-08-29,-0.0002973034861497581,-0.00736939487978816
1,AMZN,2022-08-30,-0.0005535681266337633,-0.008200553245842457
1,AMZN,2022-08-31,-0.0007428170647472143,-0.015342759899795055
1,AMZN,2022-09-01,-0.0010882989736273885,0.008248627185821533
1,AMZN,2022-09-02,-0.0008655391866341233,-0.0024282122030854225
1,AMZN,2022-09-06,-0.000773489533457905,-0.011040262877941132
1,AMZN,2022-09-07,-0.0010420373873785138,0.026371851563453674
1,AMZN,2022-09-08,-0.0005028233281336725,0.0026225359179079533
1,AMZN,2022-09-09,-1.7321293853456154e-05,0.026228245347738266
1,AMZN,2022-09-12,0.0005555336247198284,0.023581046611070633
1,AMZN,2022-09-13,0.0007687900215387344,-0.07318946719169617
1,AMZN,2022-09-14,0.0005206007626838982,0.01354920119047165
1,AMZN,2022-09-15,0.0006064474582672119,-0.01781630329787731
1,AMZN,2022-09-16,0.0005056780064478517,-0.022017622366547585
1,AMZN,2022-09-19,7.17599323252216e-05,0.009106028825044632
1,AMZN,2022-09-20,0.00026397730107419193,-0.020012831315398216
1,AMZN,2022-09-21,-0.0003658290079329163,-0.03032676689326763
1,AMZN,2022-09-22,-0.0012772256741300225,-0.010430481284856796
1,AMZN,2022-09-23,-0.0017610493814572692,-0.030553234741091728
1,AMZN,2022-09-26,-0.0017154216766357422,0.011968891136348248
1,AMZN,2022-09-27,-0.0018654877785593271,-0.006447119638323784
1,AMZN,2022-09-28,-0.0019095498137176037,0.03098086453974247
1,AMZN,2022-09-29,-0.0015046364860609174,-0.027577873319387436
1,AMZN,2022-09-30,-0.0016177771613001823,-0.015803690999746323
1,AMZN,2022-10-03,-0.0017456747591495514,0.025167331099510193
1,AMZN,2022-10-04,-0.0014716931618750095,0.043978892266750336
1,AMZN,2022-10-05,-0.0007541959057562053,-0.0011568287154659629
1,AMZN,2022-10-06,1.7621327060624026e-05,-0.005388563498854637
1,AMZN,2022-10-07,0.0005025338032282889,-0.04888996481895447
1,AMZN,2022-10-10,-0.00014200790610630065,-0.007799184415489435
1,AMZN,2022-10-11,-0.0002732355787884444,-0.012927389703691006
1,AMZN,2022-10-12,-0.0004293599631637335,0.006130377762019634
1,AMZN,2022-10-13,-0.00023978450917638838,-0.0032826426904648542
1,AMZN,2022-10-14,0.00014822650700807571,-0.05132601037621498
1,AMZN,2022-10-17,-0.0009495080448687077,0.062460821121931076
1,AMZN,2022-10-18,-0.00018846910097636282,0.022334186360239983
1,AMZN,2022-10-19,0.0005101599381305277,-0.011148202233016491
1,AMZN,2022-10-20,0.000631409406196326,0.0015630456618964672
1,AMZN,2022-10-21,0.0006983335479162633,0.0347052738070488
1,AMZN,2022-10-24,0.0008355200407095253,0.004181656986474991
1,AMZN,2022-10-25,0.0009185167145915329,0.006488658022135496
1,AMZN,2022-10-26,0.0009770359611138701,-0.04182438552379608
1,AMZN,2022-10-27,0.0009556661243550479,-0.04148511588573456
1,AMZN,2022-10-28,0.0008485899888910353,-0.07046806067228317
1,AMZN,2022-10-31,0.0005868853186257184,-0.009424419142305851
1,AMZN,2022-11-01,5.0549999286886305e-05,-0.056733593344688416
1,AMZN,2022-11-02,-0.0012330823810771108,-0.049451589584350586
1,AMZN,2022-11-03,-0.0019925509113818407,-0.03109058178961277
1,AMZN,2022-11-04,-0.0014893242623656988,0.018638217821717262
1,AMZN,2022-11-07,-0.0016124111134558916,-0.004958465229719877
1,AMZN,2022-11-08,-0.0015748157165944576,-0.006093812640756369
1,AMZN,2022-11-09,-0.0015852147480472922,-0.04361358657479286
1,AMZN,2022-11-10,-0.001292116241529584,0.11491534858942032
1,AMZN,2022-11-11,-0.0014545946614816785,0.04214993119239807
1,AMZN,2022-11-14,-0.0017019464867189527,-0.023084154352545738
1,AMZN,2022-11-15,-0.0018168046372011304,0.0045586321502923965
1,AMZN,2022-11-16,-0.0017958314856514335,-0.018566275015473366
1,AMZN,2022-11-17,-0.0015399130061268806,-0.023650676012039185
1,AMZN,2022-11-18,-0.0014772363938391209,-0.00751365115866065
1,AMZN,2022-11-21,-0.0014014063635841012,-0.01800692081451416
1,AMZN,2022-11-22,-0.0014058889355510473,0.007971580140292645
1,AMZN,2022-11-23,-0.001150650205090642,0.00992908701300621
1,AMZN,2022-11-25,-0.0008119437261484563,-0.007678331341594458
1,AMZN,2022-11-28,-0.00040210390579886734,0.005764248315244913
1,AMZN,2022-11-29,-3.6735760659212247e-05,-0.0164193082600832
1,AMZN,2022-11-30,0.00013325249892659485,0.04361405596137047
1,AMZN,2022-12-01,0.0005133395316079259,-0.010831192135810852
1,AMZN,2022-12-02,0.00056370411766693,-0.014449470676481724
1,AMZN,2022-12-05,0.0005728169344365597,-0.03370736166834831
1,AMZN,2022-12-06,0.00016895431326702237,-0.030795717611908913
1,AMZN,2022-12-07,-0.0005533575313165784,0.002376766176894307
1,AMZN,2022-12-08,-0.0006553073180839419,0.021140536293387413
1,AMZN,2022-12-09,-0.0002547872136346996,-0.014043946750462055
1,AMZN,2022-12-12,-7.954498869366944e-05,0.01625516451895237
1,AMZN,2022-12-13,0.0005410527228377759,0.021198289468884468
1,AMZN,2022-12-14,0.000678140320815146,-0.009887579828500748
1,AMZN,2022-12-15,0.0007614494534209371,-0.034775540232658386
1,AMZN,2022-12-16,0.000696198723744601,-0.006692740600556135
1,AMZN,2022-12-19,0.0006663312669843435,-0.034035030752420425
1,AMZN,2022-12-20,0.0004459784540813416,0.0031744693405926228
1,AMZN,2022-12-21,0.00029502384131774306,0.01837681606411934
1,AMZN,2022-12-22,0.0005274701397866011,-0.034947220236063004
1,AMZN,2022-12-23,-1.155529753305018e-05,0.017274437472224236
1,AMZN,2022-12-27,7.918469054857269e-05,-0.026265688240528107
1,AMZN,2022-12-28,-0.00037048186641186476,-0.014800721779465675
1,AMZN,2022-12-29,-0.0008726014057174325,0.028435656800866127
1,AMZN,2022-12-30,-0.0005107655888423324,-0.0021405681036412716
1,AMZN,2023-01-03,-0.00018927162454929203,0.02143527753651142
1,AMZN,2023-01-04,0.00044243026059120893,-0.007955122739076614
1,AMZN,2023-01-05,0.0006056943675503135,-0.02401157282292843
1,AMZN,2023-01-06,0.0006363088032230735,0.03499173745512962
1,AMZN,2023-01-09,0.0007596637587994337,0.014760401099920273
1,AMZN,2023-01-10,0.0008566592005081475,0.028326693922281265
1,AMZN,2023-01-11,0.0009385121520608664,0.05645956099033356
1,AMZN,2023-01-12,0.0009844814194366336,0.001891157473437488
1,AMZN,2023-01-13,0.0009871178772300482,0.029476316645741463
1,AMZN,2023-01-17,0.0010007907403632998,-0.021322326734662056
1,AMZN,2023-01-18,0.000977494870312512,-0.0061616189777851105
1,AMZN,2023-01-19,0.0009473027312196791,-0.018822578713297844
1,AMZN,2023-01-20,0.000898952130228281,0.0374002605676651
1,AMZN,2023-01-23,0.0009133414714597166,0.0027724681422114372
1,AMZN,2023-01-24,0.0009127079974859953,-0.012381472624838352
1,AMZN,2023-01-25,0.0009074424160644412,0.008888953365385532
1,AMZN,2023-01-26,0.0009078842704184353,0.020774686709046364
1,AMZN,2023-01-27,0.0009414073429070413,0.02998335100710392
1,AMZN,2023-01-30,0.0009556319564580917,-0.016667822375893593
1,AMZN,2023-01-31,0.0009368705214001238,0.025335155427455902
1,AMZN,2023-02-01,0.0009682417148724198,0.019397614523768425
1,AMZN,2023-02-02,0.0009700347436591983,0.07120315730571747
1,AMZN,2023-02-03,0.0010130612645298243,-0.08808283507823944
1,AMZN,2023-02-06,0.0009228229173459113,-0.011772272177040577
1,AMZN,2023-02-07,0.0009063073084689677,-0.0006852973019704223
1,AMZN,2023-02-08,0.0009086508071050048,-0.020380578935146332
1,AMZN,2023-02-09,0.000878221879247576,-0.018256649374961853
1,AMZN,2023-02-10,0.0007876405725255609,-0.006433489266782999
1,AMZN,2023-02-13,0.0007089928258210421,0.019579628482460976
1,AMZN,2023-02-14,0.0007703315932303667,0.0016060636844485998
1,AMZN,2023-02-15,0.0007585774292238057,0.014537811279296875
1,AMZN,2023-02-16,0.0008351245778612792,-0.030206521973013878
1,AMZN,2023-02-17,0.0007695028325542808,-0.009726256132125854
1,AMZN,2023-02-21,0.0007741849403828382,-0.027324624359607697
1,AMZN,2023-02-22,0.0006802091957069933,0.012712248601019382
1,AMZN,2023-02-23,0.0007105563418008387,0.00031312330975197256
1,AMZN,2023-02-24,0.0007522511878050864,-0.024509992450475693
1,AMZN,2023-02-27,0.0007036454626359046,0.0027769124135375023
1,AMZN,2023-02-28,0.0007318492862395942,0.005000289063900709
1,AMZN,2023-03-01,0.0007755495607852936,-0.022103959694504738
1,AMZN,2023-03-02,0.0007191906915977597,-0.0004340848245192319
1,AMZN,2023-03-03,0.0007640224066562951,0.029623128473758698
1,AMZN,2023-03-06,0.0008646136848255992,-0.012192056514322758
1,AMZN,2023-03-07,0.0008219387382268906,-0.0021355794742703438
1,AMZN,2023-03-08,0.0008080021943897009,0.003947251010686159
1,AMZN,2023-03-09,0.0008388534188270569,-0.017941053956747055
1,AMZN,2023-03-10,0.0007943719974718988,-0.01661418192088604
1,AMZN,2023-03-13,0.0006675298791378736,0.01856350526213646
1,AMZN,2023-03-14,0.0007940656505525112,0.026161301881074905
1,AMZN,2023-03-15,0.0009235760080628097,0.013816419057548046
1,AMZN,2023-03-16,0.0010549037251621485,0.039140790700912476
1,AMZN,2023-03-17,0.0011213262332603335,-0.010955474339425564
1,AMZN,2023-03-20,0.0011706654913723469,-0.012610742822289467
1,AMZN,2023-03-21,0.001173220225609839,0.029247764497995377
1,AMZN,2023-03-22,0.0012337729567661881,-0.019166747108101845
1,AMZN,2023-03-23,0.001182498992420733,0.00010133362957276404
1,AMZN,2023-03-24,0.0011680620955303311,-0.005893147084861994
1,AMZN,2023-03-27,0.0011369520798325539,-0.0009175342274829745
1,AMZN,2023-03-28,0.0011106145102530718,-0.008193440735340118
1,AMZN,2023-03-29,0.0010748760541900992,0.030484938994050026
1,AMZN,2023-03-30,0.001156741171143949,0.01730574667453766
1,AMZN,2023-03-31,0.0012001435970887542,0.012567761354148388
1,AMZN,2023-04-03,0.001237233285792172,-0.008556175045669079
1,AMZN,2023-04-04,0.0012173049617558718,0.014925585128366947
1,AMZN,2023-04-05,0.001242024009115994,-0.027799874544143677
1,AMZN,2023-04-06,0.0011448577279224992,0.009450741112232208
1,AMZN,2023-04-10,0.0011807573027908802,0.0010772229870781302
1,AMZN,2023-04-11,0.0011985715245828032,-0.022268226370215416
1,AMZN,2023-04-12,0.0011022962862625718,-0.021138550713658333
1,AMZN,2023-04-13,0.0010155853815376759,0.045655425637960434
1,AMZN,2023-04-14,0.0011517514940351248,0.0010736481053754687
1,AMZN,2023-04-17,0.0012055605184286833,0.0022411285899579525
1,AMZN,2023-04-18,0.0012365399161353707,-0.004291801247745752
1,AMZN,2023-04-19,0.0012194153387099504,0.01936168782413006
1,AMZN,2023-04-20,0.0012716790661215782,-0.004709109663963318
1,AMZN,2023-04-21,0.001271322718821466,0.02989264391362667
1,AMZN,2023-04-24,0.001293999725021422,-0.007036665920168161
1,AMZN,2023-04-25,0.0012584199430420995,-0.034872766584157944
1,AMZN,2023-04-26,0.0011082050623372197,0.023224398493766785
1,AMZN,2023-04-27,0.001125573879107833,0.0450727716088295
1,AMZN,2023-04-28,0.0012047610944136977,-0.040605779737234116
1,AMZN,2023-05-01,0.001106566982343793,-0.03277396038174629
1,AMZN,2023-05-02,0.000989229534752667,0.015363918617367744
1,AMZN,2023-05-03,0.001018153503537178,0.00019301690917927772
1,AMZN,2023-05-04,0.0009638696210458875,0.003371045459061861
1,AMZN,2023-05-05,0.0009677900816313922,0.015835527330636978
1,AMZN,2023-05-08,0.0010372604010626674,0.0016076239990070462
1,AMZN,2023-05-09,0.0010981536470353603,0.0074370866641402245
1,AMZN,2023-05-10,0.0011930960463359952,0.03293503448367119
1,AMZN,2023-05-11,0.0012880177237093449,0.0178985558450222
1,AMZN,2023-05-12,0.0013164461124688387,-0.017263494431972504
1,AMZN,2023-05-15,0.0012841399293392897,0.008489121682941914
1,AMZN,2023-05-16,0.0012848344631493092,0.01959105022251606
1,AMZN,2023-05-17,0.001296146772801876,0.01834912598133087
1,AMZN,2023-05-18,0.0012972684344276786,0.022684486582875252
1,AMZN,2023-05-19,0.0012937251012772322,-0.016211971640586853
1,AMZN,2023-05-22,0.0012492791283875704,-0.010723944753408432
1,AMZN,2023-05-23,0.0012036137050017715,-0.0001739501894917339
1,AMZN,2023-05-24,0.0011886714491993189,0.01518974732607603
1,AMZN,2023-05-25,0.001209837500937283,-0.015102769248187542
1,AMZN,2023-05-26,0.0011914080241695046,0.04347586631774902
1,AMZN,2023-05-30,0.0012054055696353316,0.012822303920984268
1,AMZN,2023-05-31,0.001209633657708764,-0.008916851133108139
1,AMZN,2023-06-01,0.001162493834272027,0.017999211326241493
1,AMZN,2023-06-02,0.0011788299307227135,0.01198300626128912
1,AMZN,2023-06-05,0.0011747459648177028,0.008415221236646175
1,META,2022-08-17,0.001323455129750073,-0.026079460978507996
1,META,2022-08-18,0.0012754449853673577,-0.0010871972190216184
1,META,2022-08-19,0.0012679699575528502,-0.03911538049578667
1,META,2022-08-22,0.0011401430238038301,-0.029668986797332764
1,META,2022-08-23,0.0009269727161154151,-0.011969533748924732
1,META,2022-08-24,0.0007277637487277389,0.013256770558655262
1,META,2022-08-25,0.0007312781526707113,0.033252015709877014
1,META,2022-08-26,0.0008452633628621697,-0.04235884174704552
1,META,2022-08-29,0.00034358614357188344,-0.016264580190181732
1,META,2022-08-30,-0.00023787631653249264,-0.01270825695246458
1,META,2022-08-31,-0.0005481677944771945,0.03605617582798004
1,META,2022-09-01,0.00020708967349492013,0.014804331585764885
1,META,2022-09-02,0.0005841967067681253,-0.03095308318734169
1,META,2022-09-06,0.000527911470271647,-0.01116502657532692
1,META,2022-09-07,0.0004640562110580504,0.011601501144468784
1,META,2022-09-08,0.0006135525763966143,0.010358250699937344
1,META,2022-09-09,0.0007963106036186218,0.04281922057271004
1,META,2022-09-12,0.0010257504181936383,-0.0011237631551921368
1,META,2022-09-13,0.001171328010968864,-0.09837477654218674
1,META,2022-09-14,0.0008392620948143303,-0.010899675078690052
1,META,2022-09-15,0.0007222230196930468,-0.012756824493408203
1,META,2022-09-16,0.00024467892944812775,-0.022039880976080894
1,META,2022-09-19,-0.00011447972792666405,0.011756622232496738
1,META,2022-09-20,-0.00022025460202712566,-0.013124693185091019
1,META,2022-09-21,-0.0009506809874437749,-0.02755109593272209
1,META,2022-09-22,-0.001918597030453384,0.0049135563895106316
1,META,2022-09-23,-0.002002087654545903,-0.01701861247420311
1,META,2022-09-26,-0.0021298909559845924,-0.029195088893175125
1,META,2022-09-27,-0.0021558331791311502,-0.014551235362887383
1,META,2022-09-28,-0.0020811762660741806,0.05225666984915733
1,META,2022-09-29,-0.0019691933412104845,-0.0374118909239769
1,META,2022-09-30,-0.0020398639608174562,-0.005366131663322449
1,META,2022-10-03,-0.002035262994468212,0.021365074440836906
1,META,2022-10-04,-0.0016569626750424504,0.01197636965662241
1,META,2022-10-05,-0.0010625168215483427,-0.009310259483754635
1,META,2022-10-06,-0.0008872905746102333,0.0006471557426266372
1,META,2022-10-07,-0.0005311095155775547,-0.04125063121318817
1,META,2022-10-10,-0.0010745978215709329,0.002544499933719635
1,META,2022-10-11,-0.0009765533613972366,-0.040031109005212784
1,META,2022-10-12,-0.0009610803099349141,-0.008123761042952538
1,META,2022-10-13,-0.0010718274861574173,0.021646222099661827
1,META,2022-10-14,-0.000557944702450186,-0.02746705524623394
1,META,2022-10-17,-0.0008813929744064808,0.05584263056516647
1,META,2022-10-18,0.0002435045753372833,-0.009293769486248493
1,META,2022-10-19,0.0006342375418171287,0.003232585731893778
1,META,2022-10-20,0.0007750744116492569,-0.012841952964663506
1,META,2022-10-21,0.0008191412780433893,-0.011623524129390717
1,META,2022-10-24,0.0008401054656133056,-0.002233326667919755
1,META,2022-10-25,0.0008398852660320699,0.05831856653094292
1,META,2022-10-26,0.0010145207634195685,-0.05754779651761055
1,META,2022-10-27,0.001020224066451192,-0.28179386258125305
1,META,2022-10-28,-0.0018259321805089712,0.012782806530594826
1,META,2022-10-31,-0.002176691312342882,-0.06281930953264236
1,META,2022-11-01,-0.0014654751867055893,0.02166123129427433
1,META,2022-11-02,-0.001360889058560133,-0.05018824711441994
1,META,2022-11-03,-0.001015006098896265,-0.018166903406381607
1,META,2022-11-04,-0.0005808369605802,0.020924415439367294
1,META,2022-11-07,-0.0008357681799679995,0.06327115744352341
1,META,2022-11-08,-0.001098712789826095,-0.00258822669275105
1,META,2022-11-09,-0.0014090965269133449,0.050531260669231415
1,META,2022-11-10,-0.0017283533234149218,0.09757418930530548
1,META,2022-11-11,-0.0021857470273971558,0.01022733561694622
1,META,2022-11-14,-0.0018894207896664739,0.010561604984104633
1,META,2022-11-15,-0.0013477288885042071,0.024731138721108437
1,META,2022-11-16,-0.0007628837483935058,-0.03343628719449043
1,META,2022-11-17,-0.00042226348887197673,-0.0158452820032835
1,META,2022-11-18,-0.0001269766071345657,0.005369305610656738
1,META,2022-11-21,0.00022013128909748048,-0.019738448783755302
1,META,2022-11-22,0.0005349086131900549,0.014279570430517197
1,META,2022-11-23,0.0006932471296750009,0.007152982521802187
1,META,2022-11-25,0.0007682298310101032,-0.007422364316880703
1,META,2022-11-28,0.0008075978839769959,-0.023889631032943726
1,META,2022-11-29,0.000751741521526128,0.006231686100363731
1,META,2022-11-30,0.0007422775961458683,0.0759725570678711
1,META,2022-12-01,0.0008691576076671481,0.019620075821876526
1,META,2022-12-02,0.0009203008376061916,0.02500850521028042
1,META,2022-12-05,0.0009696421911939979,-0.00862087681889534
1,META,2022-12-06,0.0009865897009149194,-0.07028867304325104
1,META,2022-12-07,0.000835736165754497,-0.0016664440045133233
1,META,2022-12-08,0.0008345330716110766,0.012213400565087795
1,META,2022-12-09,0.0008532851934432983,0.004930054768919945
1,META,2022-12-12,0.0009109938400797546,-0.010320419445633888
1,META,2022-12-13,0.000941430451348424,0.046333715319633484
1,META,2022-12-14,0.0009952576365321875,0.011913789436221123
1,META,2022-12-15,0.0010375601705163717,-0.04577229171991348
1,META,2022-12-16,0.0009563876083120704,0.027847858145833015
1,META,2022-12-19,0.0009800285333767533,-0.04233013093471527
1,META,2022-12-20,0.0008835232583805919,0.022542541846632957
1,META,2022-12-21,0.0008873269543983042,0.02254701592028141
1,META,2022-12-22,0.000962850812356919,-0.022290699183940887
1,META,2022-12-23,0.0009095589630305767,0.007824596017599106
1,META,2022-12-27,0.0009384427685290575,-0.009875915944576263
1,META,2022-12-28,0.0009387522004544735,-0.010838679037988186
1,META,2022-12-29,0.0009269972215406597,0.03934705629944801
1,META,2022-12-30,0.0010355223203077912,0.0006649094866588712
1,META,2023-01-03,0.0010759999277070165,0.035910602658987045
1,META,2023-01-04,0.0011649222578853369,0.020864572376012802
1,META,2023-01-05,0.0011868650326505303,-0.0033817430958151817
1,META,2023-01-06,0.001204192521981895,0.02397378347814083
1,META,2023-01-09,0.0012131626717746258,-0.004239206667989492
1,META,2023-01-10,0.0011869025183841586,0.02682502754032612
1,META,2023-01-11,0.0011984099401161075,-0.0007522710948251188
1,META,2023-01-12,0.0011890842579305172,0.028340039774775505
1,META,2023-01-13,0.0011789713753387332,0.0019730713684111834
1,META,2023-01-17,0.001175413723103702,-0.011897021904587746
1,META,2023-01-18,0.0011734968284144998,-0.01743837259709835
1,META,2023-01-19,0.0011354556772857904,0.02325783669948578
1,META,2023-01-20,0.0011267919326201081,0.023374944925308228
1,META,2023-01-23,0.0011401948286220431,0.02759886160492897
1,META,2023-01-24,0.0011635018745437264,-0.0009079491137526929
1,META,2023-01-25,0.0011756655294448137,-0.011523626744747162
1,META,2023-01-26,0.001167014823295176,0.040171727538108826
1,META,2023-01-27,0.0012176916934549809,0.029697326943278313
1,META,2023-01-30,0.0012451867805793881,-0.031327906996011734
1,META,2023-01-31,0.00120775296818465,0.012904162518680096
1,META,2023-02-01,0.0012366626178845763,0.027477005496621132
1,META,2023-02-02,0.001257002237252891,0.20930756628513336
1,META,2023-02-03,0.0013392310356721282,-0.01193736307322979
1,META,2023-02-06,0.001323662349022925,-0.0025227339938282967
1,META,2023-02-07,0.0013191188918426633,0.0294448621571064
1,META,2023-02-08,0.0013387792278081179,-0.04368091747164726
1,META,2023-02-09,0.0012709490256384015,-0.030499286949634552
1,META,2023-02-10,0.0011303883511573076,-0.021417107433080673
1,META,2023-02-13,0.0010599893284961581,0.029868263751268387
1,META,2023-02-14,0.0010645644506439567,0.00027859778492711484
1,META,2023-02-15,0.0010572895407676697,-0.013010505586862564
1,META,2023-02-16,0.001055326429195702,-0.02700391411781311
1,META,2023-02-17,0.0009756592917256057,0.002548467367887497
1,META,2023-02-21,0.000951232563238591,-0.004638280253857374
1,META,2023-02-22,0.0009094279957935214,-0.0055944304913282394
1,META,2023-02-23,0.0007404009811580181,0.00536191975697875
1,META,2023-02-24,0.0007937920745462179,-0.009637073613703251
1,META,2023-02-27,0.0008228600490838289,-0.005001069512218237
1,META,2023-02-28,0.0008753963629715145,0.03135419636964798
1,META,2023-03-01,0.001053933403454721,-0.008726698346436024
1,META,2023-03-02,0.0011497939703986049,0.00638027535751462
1,META,2023-03-03,0.0012782311532646418,0.05960959941148758
1,META,2023-03-06,0.0014061157125979662,-0.0018912152154371142
1,META,2023-03-07,0.001402733731083572,-0.00211134715937078
1,META,2023-03-08,0.0014018615474924445,0.0024899763520807028
1,META,2023-03-09,0.0014122407883405685,-0.017891639843583107
1,META,2023-03-10,0.0013480042107403278,-0.012071209959685802
1,META,2023-03-13,0.001279032789170742,0.007713387254625559
1,META,2023-03-14,0.001274669193662703,0.07001699507236481
1,META,2023-03-15,0.0013838318409398198,0.019042259082198143
1,META,2023-03-16,0.0014022329123690724,0.03566483408212662
1,META,2023-03-17,0.0013865806395187974,-0.04654539003968239
1,META,2023-03-20,0.0012254588073119521,0.011184006929397583
1,META,2023-03-21,0.001191480434499681,0.02175241895020008
1,META,2023-03-22,0.001209487090818584,-0.011692401021718979
1,META,2023-03-23,0.0011411532759666443,0.022124551236629486
1,META,2023-03-24,0.0011558772530406713,0.008433161303400993
1,META,2023-03-27,0.001172010088339448,-0.015507249161601067
1,META,2023-03-28,0.0011440473608672619,-0.010705855675041676
1,META,2023-03-29,0.0011296040611341596,0.023004325106739998
1,META,2023-03-30,0.0011961187701672316,0.012052631005644798
1,META,2023-03-31,0.0012801624834537506,0.019534695893526077
1,META,2023-04-03,0.0013161139795556664,0.005317749921232462
1,META,2023-04-04,0.0013176955981180072,0.007713881321251392
1,META,2023-04-05,0.0013219569809734821,-0.015204406343400478
1,META,2023-04-06,0.0012764106504619122,0.021610859781503677
1,META,2023-04-10,0.0013226564042270184,-0.0062666721642017365
1,META,2023-04-11,0.0013164679985493422,-0.004199801478534937
1,META,2023-04-12,0.0013149842852726579,0.0007011929410509765
1,META,2023-04-13,0.0013456266606226563,0.029241181910037994
1,META,2023-04-14,0.0013652279740199447,0.005160203669220209
1,META,2023-04-17,0.0013780392473563552,-0.011945097707211971
1,META,2023-04-18,0.0013934425078332424,-0.004441940225660801
1,META,2023-04-19,0.001387688796967268,-0.010101906023919582
1,META,2023-04-20,0.00137852574698627,-0.012267496436834335
1,META,2023-04-21,0.001317243673838675,-0.0008453817572444677
1,META,2023-04-24,0.001275319722481072,-0.0004697967378888279
1,META,2023-04-25,0.0012693674070760608,-0.02493339590728283
1,META,2023-04-26,0.001004435122013092,0.008873936720192432
1,META,2023-04-27,0.0009443864692002535,0.13037455081939697
1,META,2023-04-28,0.0011808465933427215,0.0073504988104105
1,META,2023-05-01,0.0013530944706872106,0.011830583214759827
1,META,2023-05-02,0.0013942542718723416,-0.016334736719727516
1,META,2023-05-03,0.0013496476458385587,-0.009280468337237835
1,META,2023-05-04,0.001293676090426743,-0.014918993227183819
1,META,2023-05-05,0.0012448988854885101,-0.0031738937832415104
1,META,2023-05-08,0.0012545743957161903,0.0021027070470154285
1,META,2023-05-09,0.0012618651380762458,0.0004286256153136492
1,META,2023-05-10,0.001267633168026805,-0.0012435009703040123
1,META,2023-05-11,0.0012729595182463527,0.011559869162738323
1,META,2023-05-12,0.0013107401318848133,-0.008432713337242603
1,META,2023-05-15,0.0012904596514999866,0.02136867120862007
1,META,2023-05-16,0.0013336457777768373,-0.000167436184710823
1,META,2023-05-17,0.0013102652737870812,0.01525044534355402
1,META,2023-05-18,0.0013667577877640724,0.017820417881011963
1,META,2023-05-19,0.0014187284978106618,-0.004913798999041319
1,META,2023-05-22,0.0013914507580921054,0.010851153172552586
1,META,2023-05-23,0.0013882961357012391,-0.006383055821061134
1,META,2023-05-24,0.0013792337849736214,0.009960776194930077
1,META,2023-05-25,0.001430840347893536,0.013867467641830444
1,META,2023-05-26,0.001466987538151443,0.03633381426334381
1,META,2023-05-30,0.0014866478741168976,0.0018300210358574986
1,META,2023-05-31,0.0014636055566370487,0.008345155045390129
1,META,2023-06-01,0.0014693881385028362,0.029369669035077095
1,META,2023-06-02,0.0014547965256497264,0.0
1,META,2023-06-05,0.001459443592466414,-0.004485193639993668
1,SPY,2022-08-17,0.0007754392572678626,-0.007123260293155909
1,SPY,2022-08-18,0.0007601601537317038,0.0029021359514445066
1,SPY,2022-08-19,0.0007658129907213151,-0.01352927926927805
1,SPY,2022-08-22,0.0007288348278962076,-0.021042486652731895
1,SPY,2022-08-23,0.0006177612813189626,-0.0024220780469477177
1,SPY,2022-08-24,0.000588491908274591,0.003196279052644968
1,SPY,2022-08-25,0.0005895431968383491,0.014018830843269825
1,SPY,2022-08-26,0.0006859175628051162,-0.034435298293828964
1,SPY,2022-08-29,0.0005291764973662794,-0.006634212099015713
1,SPY,2022-08-30,0.00047067852574400604,-0.011038564145565033
1,SPY,2022-08-31,0.0004154874477535486,-0.007638221140950918
1,SPY,2022-09-01,0.0003542829363141209,0.0031330478377640247
1,SPY,2022-09-02,0.0003741577093023807,-0.010600297711789608
1,SPY,2022-09-06,0.00031682688859291375,-0.0037803445011377335
1,SPY,2022-09-07,0.0002597401035018265,0.0178054329007864
1,SPY,2022-09-08,0.0003857940318994224,0.006515113171190023
1,SPY,2022-09-09,0.0004626120498869568,0.015415722504258156
1,SPY,2022-09-12,0.0005570288631133735,0.010690443217754364
1,SPY,2022-09-13,0.0006936350837349892,-0.04445638135075569
1,SPY,2022-09-14,0.0005397010827437043,0.003808551002293825
1,SPY,2022-09-15,0.0005476335063576698,-0.01141811441630125
1,SPY,2022-09-16,0.0005060742842033505,-0.007658184040337801
1,SPY,2022-09-19,0.0004867218667641282,0.00772494450211525
1,SPY,2022-09-20,0.000511665886733681,-0.011544962413609028
1,SPY,2022-09-21,0.000465964840259403,-0.017597733065485954
1,SPY,2022-09-22,0.00035419114283286035,-0.008435261435806751
1,SPY,2022-09-23,0.0002745427191257477,-0.01689661666750908
1,SPY,2022-09-26,0.00020398585184011608,-0.009941991418600082
1,SPY,2022-09-27,-2.0870758817181922e-05,-0.0025560539215803146
1,SPY,2022-09-28,2.4827360903145745e-05,0.01948542892932892
1,SPY,2022-09-29,0.00027146824868395925,-0.0211101695895195
1,SPY,2022-09-30,0.00017918609955813736,-0.015584530308842659
1,SPY,2022-10-03,-0.0002208879159297794,0.02605872042477131
1,SPY,2022-10-04,0.00022146879928186536,0.03051636926829815
1,SPY,2022-10-05,0.00037477989098988473,-0.002330913208425045
1,SPY,2022-10-06,0.0004722398007288575,-0.010369392111897469
1,SPY,2022-10-07,0.0005033137858845294,-0.02829025313258171
1,SPY,2022-10-10,0.0004344726330600679,-0.007664783857762814
1,SPY,2022-10-11,0.0004130242159590125,-0.006353213917464018
1,SPY,2022-10-12,0.00041253899689763784,-0.003303934121504426
1,SPY,2022-10-13,0.00038482362288050354,0.026048781350255013
1,SPY,2022-10-14,0.0004824904608540237,-0.023052221164107323
1,SPY,2022-10-17,0.0004704716266132891,0.025372236967086792
1,SPY,2022-10-18,0.0005495910882018507,0.011681257747113705
1,SPY,2022-10-19,0.0006254409090615809,-0.007111857179552317
1,SPY,2022-10-20,0.0006784943980164826,-0.008420521393418312
1,SPY,2022-10-21,0.000685778446495533,0.024010760709643364
1,SPY,2022-10-24,0.0007503204396925867,0.012162182480096817
1,SPY,2022-10-25,0.0007740448345430195,0.015842504799365997
1,SPY,2022-10-26,0.0007830008398741484,-0.007562628947198391
1,SPY,2022-10-27,0.0007728405180387199,-0.005354209337383509
1,SPY,2022-10-28,0.0007743267924524844,0.023511994630098343
1,SPY,2022-10-31,0.000783923955168575,-0.0072495657950639725
1,SPY,2022-11-01,0.0007759507279843092,-0.004385340493172407
1,SPY,2022-11-02,0.0007672540377825499,-0.025416504591703415
1,SPY,2022-11-03,0.0007251287461258471,-0.01035023108124733
1,SPY,2022-11-04,0.0006902181776240468,0.014290515333414078
1,SPY,2022-11-07,0.0007116994238458574,0.00951998122036457
1,SPY,2022-11-08,0.0007415217696689069,0.005381239578127861
1,SPY,2022-11-09,0.0007665255106985569,-0.020817484706640244
1,SPY,2022-11-10,0.0007441838970407844,0.05349738523364067
1,SPY,2022-11-11,0.0007836725562810898,0.009631861001253128
1,SPY,2022-11-14,0.0007920377538539469,-0.008543095551431179
1,SPY,2022-11-15,0.0007883352809585631,0.008492889814078808
1,SPY,2022-11-16,0.0007926941616460681,-0.007657998241484165
1,SPY,2022-11-17,0.0007865503430366516,-0.0030645194929093122
1,SPY,2022-11-18,0.0007821601466275752,0.004530077800154686
1,SPY,2022-11-21,0.0007846305961720645,-0.0036427814047783613
1,SPY,2022-11-22,0.0007812268449924886,0.013367452658712864
1,SPY,2022-11-23,0.0007895592716522515,0.0062818569131195545
1,SPY,2022-11-25,0.0007904262165538967,-0.0002239100867882371
1,SPY,2022-11-28,0.0007922227960079908,-0.01608569733798504
1,SPY,2022-11-29,0.0007736310362815857,-0.0017189147183671594
1,SPY,2022-11-30,0.0007661342388018966,0.03101450204849243
1,SPY,2022-12-01,0.0007847879896871746,-0.0007360081071965396
1,SPY,2022-12-02,0.000776522618252784,-0.0011543140280991793
1,SPY,2022-12-05,0.0007789989467710257,-0.01815304160118103
1,SPY,2022-12-06,0.0007377653964795172,-0.014519861899316311
1,SPY,2022-12-07,0.0006824846495874226,-0.0017024753615260124
1,SPY,2022-12-08,0.0006632736185565591,0.007803258951753378
1,SPY,2022-12-09,0.0006887443596497178,-0.007498141843825579
1,SPY,2022-12-12,0.0006755270296707749,0.014314291998744011
1,SPY,2022-12-13,0.0007636280497536063,0.007541297003626823
1,SPY,2022-12-14,0.0007960855728015304,-0.006414057221263647
1,SPY,2022-12-15,0.0008007868891581893,-0.024765631183981895
1,SPY,2022-12-16,0.0007519946084357798,-0.011876443400979042
1,SPY,2022-12-19,0.0007245786837302148,-0.008516005240380764
1,SPY,2022-12-20,0.0006969499518163502,0.0013676014496013522
1,SPY,2022-12-21,0.0006722413236275315,0.01484163198620081
1,SPY,2022-12-22,0.0007172327022999525,-0.014369049109518528
1,SPY,2022-12-23,0.0006955380667932332,0.005735896062105894
1,SPY,2022-12-27,0.0007007850217632949,-0.003951225429773331
1,SPY,2022-12-28,0.0006961325416341424,-0.012505702674388885
1,SPY,2022-12-29,0.0006450380897149444,0.017840268090367317
1,SPY,2022-12-30,0.0007048073457553983,-0.0026374782901257277
1,SPY,2023-01-03,0.0007187430164776742,-0.004218899179250002
1,SPY,2023-01-04,0.0007280494901351631,0.007690387312322855
1,SPY,2023-01-05,0.000757684581913054,-0.011478832922875881
1,SPY,2023-01-06,0.0007531989249400795,0.02267296053469181
1,SPY,2023-01-09,0.0008029746823012829,-0.0005667998339049518
1,SPY,2023-01-10,0.0008016130304895341,0.006988144014030695
1,SPY,2023-01-11,0.0008150984649546444,0.012568522244691849
1,SPY,2023-01-12,0.0008171784575097263,0.0036341319791972637
1,SPY,2023-01-13,0.0008138642879202962,0.0038720874581485987
1,SPY,2023-01-17,0.0008121092105284333,-0.0018335069762542844
1,SPY,2023-01-18,0.0008082326385192573,-0.015914104878902435
1,SPY,2023-01-19,0.0007787301437929273,-0.007306354586035013
1,SPY,2023-01-20,0.0007439740584231913,0.01845763809978962
1,SPY,2023-01-23,0.0007770559168420732,0.011927164159715176
1,SPY,2023-01-24,0.000796079752035439,-0.0010738970013335347
1,SPY,2023-01-25,0.0008028873126022518,0.000374675786588341
1,SPY,2023-01-26,0.0008042117697186768,0.010930363088846207
1,SPY,2023-01-27,0.0008153315866366029,0.0022950023412704468
1,SPY,2023-01-30,0.0008116458775475621,-0.01262596808373928
1,SPY,2023-01-31,0.0007886951789259911,0.014596435241401196
1,SPY,2023-02-01,0.000805139250587672,0.01057165116071701
1,SPY,2023-02-02,0.0008038168889470398,0.014451889321208
1,SPY,2023-02-03,0.0008167967316694558,-0.010685940273106098
1,SPY,2023-02-06,0.000809629971627146,-0.006130046211183071
1,SPY,2023-02-07,0.0008023008122108877,0.012993901036679745
1,SPY,2023-02-08,0.0008077998645603657,-0.010995181277394295
1,SPY,2023-02-09,0.0007972709136083722,-0.00870676338672638
1,SPY,2023-02-10,0.0007703955634497106,0.0023307902738451958
1,SPY,2023-02-13,0.0007616151124238968,0.011670723557472229
1,SPY,2023-02-14,0.0007825760985724628,-0.0004602568515110761
1,SPY,2023-02-15,0.0007811940740793943,0.003241951810196042
1,SPY,2023-02-16,0.0007964855176396668,-0.013864470645785332
1,SPY,2023-02-17,0.0007579767261631787,-0.0025013426784425974
1,SPY,2023-02-21,0.0007529002032242715,-0.020264817401766777
1,SPY,2023-02-22,0.0006781622068956494,-0.0013791073579341173
1,SPY,2023-02-23,0.000639814417809248,0.0053052110597491264
1,SPY,2023-02-24,0.0006669381982646883,-0.010739844292402267
1,SPY,2023-02-27,0.000623247935436666,0.0034003157634288073
1,SPY,2023-02-28,0.0006501961615867913,-0.003702870337292552
1,SPY,2023-03-01,0.0006630542920902371,-0.003843564074486494
1,SPY,2023-03-02,0.0006436093826778233,0.007747349329292774
1,SPY,2023-03-03,0.0007131346501410007,0.015910666435956955
1,SPY,2023-03-06,0.00075558852404356,0.0006924226763658226
1,SPY,2023-03-07,0.0007678514812141657,-0.015447492711246014
1,SPY,2023-03-08,0.000734304019715637,0.0016308922786265612
1,SPY,2023-03-09,0.0007340986048802733,-0.018622277304530144
1,SPY,2023-03-10,0.0006534673739224672,-0.014534569345414639
1,SPY,2023-03-13,0.0005713236751034856,-0.0014262418262660503
1,SPY,2023-03-14,0.0005419610533863306,0.016395000740885735
1,SPY,2023-03-15,0.0005916013033129275,-0.006273949518799782
1,SPY,2023-03-16,0.000583869987167418,0.017392896115779877
1,SPY,2023-03-17,0.0006883530877530575,-0.01176149770617485
1,SPY,2023-03-20,0.0006807827739976346,0.009569671005010605
1,SPY,2023-03-21,0.0007206255686469376,0.013045044615864754
1,SPY,2023-03-22,0.0007708938792347908,-0.017193306237459183
1,SPY,2023-03-23,0.0007377354777418077,0.0026997625827789307
1,SPY,2023-03-24,0.0007459477055817842,0.006540393456816673
1,SPY,2023-03-27,0.0007679789559915662,0.0018680939683690667
1,SPY,2023-03-28,0.0007762989844195545,-0.00224721129052341
1,SPY,2023-03-29,0.0007769539370201528,0.01443042978644371
1,SPY,2023-03-30,0.0008125631138682365,0.005838102661073208
1,SPY,2023-03-31,0.0008183885947801173,0.013996233232319355
1,SPY,2023-04-03,0.0008292206330224872,0.0038032412994652987
1,SPY,2023-04-04,0.0008228181395679712,-0.005563479848206043
1,SPY,2023-04-05,0.0008089182083494961,-0.002621804364025593
1,SPY,2023-04-06,0.0007973459432832897,0.003893420100212097
1,SPY,2023-04-10,0.0007982755778357387,0.0010256771929562092
1,SPY,2023-04-11,0.0007975025800988078,0.0002686130173970014
1,SPY,2023-04-12,0.000794071878772229,-0.004084320273250341
1,SPY,2023-04-13,0.0007881247438490391,0.013195488601922989
1,SPY,2023-04-14,0.0008046467555686831,-0.002445857273414731
1,SPY,2023-04-17,0.0008051545009948313,0.003581828437745571
1,SPY,2023-04-18,0.0008154292008839548,0.0006519030430354178
1,SPY,2023-04-19,0.0008162881713360548,-0.00016880901239346713
1,SPY,2023-04-20,0.0008205829653888941,-0.005472104996442795
1,SPY,2023-04-21,0.0008099403348751366,0.0007767330971546471
1,SPY,2023-04-24,0.000811567937489599,0.001042540417984128
1,SPY,2023-04-25,0.0008149811765179038,-0.016001170501112938
1,SPY,2023-04-26,0.0007462274516001344,-0.004244604613631964
1,SPY,2023-04-27,0.000718482886441052,0.019712574779987335
1,SPY,2023-04-28,0.0007799278246238828,0.008498945273458958
1,SPY,2023-05-01,0.0008187317289412022,-0.0010103135136887431
1,SPY,2023-05-02,0.000814865343272686,-0.011302992701530457
1,SPY,2023-05-03,0.0007786907954141498,-0.006887642666697502
1,SPY,2023-05-04,0.0007448053220286965,-0.0071081314235925674
1,SPY,2023-05-05,0.0007125117117539048,0.018343333154916763
1,SPY,2023-05-08,0.0007659820257686079,0.00026649321080185473
1,SPY,2023-05-09,0.0007787126232869923,-0.004395064897835255
1,SPY,2023-05-10,0.0007730736979283392,0.004661564249545336
1,SPY,2023-05-11,0.000792002072557807,-0.0017457050271332264
1,SPY,2023-05-12,0.0007923692464828491,-0.0013109726132825017
1,SPY,2023-05-15,0.0007847085944376886,0.0034440532326698303
1,SPY,2023-05-16,0.0007964607793837786,-0.006705075036734343
1,SPY,2023-05-17,0.0007767528295516968,0.01206585206091404
1,SPY,2023-05-18,0.0008086530142463744,0.00958716869354248
1,SPY,2023-05-19,0.0008220480522140861,-0.001456062076613307
1,SPY,2023-05-22,0.0008224808261729777,0.0004059523926116526
1,SPY,2023-05-23,0.0008206397760659456,-0.01128606591373682
1,SPY,2023-05-24,0.0007842867635190487,-0.00727136991918087
1,SPY,2023-05-25,0.0007401651819236577,0.008622664026916027
1,SPY,2023-05-26,0.0007576547213830054,0.01286751963198185
1,SPY,2023-05-30,0.000799202302005142,0.00038083974504843354
1,SPY,2023-05-31,0.0008021077373996377,-0.005560695193707943
1,SPY,2023-06-01,0.0007871207781136036,0.009456113912165165
1,SPY,2023-06-02,0.0008095709490589797,0.01435764878988266
1,SPY,2023-06-05,0.0008249987149611115,-0.0019178248476237059
2,AAPL,2023-06-06,0.0005863954429514706,-0.0020624478347599506
2,AAPL,2023-06-07,0.0005712196580134332,-0.007786569185554981
2,AAPL,2023-06-08,0.000546675524674356,0.015346954576671124
2,AAPL,2023-06-09,0.0005540643469430506,0.0021574159618467093
2,AAPL,2023-06-12,0.0005599638097919524,0.015517693012952805
2,AAPL,2023-06-13,0.000595630262978375,-0.0026152078062295914
2,AAPL,2023-06-14,0.0005996192339807749,0.0034853979013860226
2,AAPL,2023-06-15,0.0006012512603774667,0.01113645825535059
2,AAPL,2023-06-16,0.0006142518250271678,-0.005876974668353796
2,AAPL,2023-06-20,0.0006002107984386384,0.0004863539361394942
2,AAPL,2023-06-21,0.0006042021559551358,-0.0056915380991995335
2,AAPL,2023-06-22,0.0005926425219513476,0.016390299424529076
2,AAPL,2023-06-23,0.000626739114522934,-0.0017127158353105187
2,AAPL,2023-06-26,0.0006305439746938646,-0.0075815594755113125
2,AAPL,2023-06-27,0.0006204252713359892,0.01494666188955307
2,AAPL,2023-06-28,0.000641109247226268,0.006307884585112333
2,AAPL,2023-06-29,0.0006482701282948256,0.0017949335742741823
2,AAPL,2023-06-30,0.0006580896442756057,0.022839806973934174
2,AAPL,2023-07-03,0.0006747351144440472,-0.007815319113433361
2,AAPL,2023-07-05,0.0006671081064268947,-0.005888581741601229
2,AAPL,2023-07-06,0.0006510668317787349,0.0025055608712136745
2,AAPL,2023-07-07,0.0006511359242722392,-0.005908595398068428
2,AAPL,2023-07-10,0.0006446149200201035,-0.01091526448726654
2,AAPL,2023-07-11,0.0006337158847600222,-0.002813957864418626
2,AAPL,2023-07-12,0.0006303483387455344,0.00894536916166544
2,AAPL,2023-07-13,0.0006281731184571981,0.00404931977391243
2,AAPL,2023-07-14,0.0006381123093888164,0.0007868342217989266
2,AAPL,2023-07-17,0.0006420875433832407,0.017157617956399918
2,AAPL,2023-07-18,0.0006738650263287127,-0.0013411499094218016
2,AAPL,2023-07-19,0.0006769057363271713,0.007046912331134081
2,AAPL,2023-07-20,0.0006726922583766282,-0.010148928500711918
2,AAPL,2023-07-21,0.0006486453348770738,-0.006180605385452509
2,AAPL,2023-07-24,0.000635686214081943,0.004211178049445152
2,AAPL,2023-07-25,0.0006371248164214194,0.00450333533808589
2,AAPL,2023-07-26,0.0006491080275736749,0.004534740932285786
2,AAPL,2023-07-27,0.0006628612754866481,-0.006602724548429251
2,AAPL,2023-07-28,0.0006548556266352534,0.01341759692877531
2,AAPL,2023-07-31,0.0006603868096135557,0.0031609286088496447
2,AAPL,2023-08-01,0.0006679459474980831,-0.0042850361205637455
2,AAPL,2023-08-02,0.0006626357208006084,-0.015611071139574051
2,AAPL,2023-08-03,0.0006098001613281667,-0.007348672486841679
2,AAPL,2023-08-04,0.0005448709125630558,-0.04921121150255203
2,AAPL,2023-08-07,0.0006068768561817706,-0.01740434765815735
2,AAPL,2023-08-08,0.0006921631866134703,0.005297696217894554
2,AAPL,2023-08-09,0.0007030829438008368,-0.008994937874376774
2,AAPL,2023-08-10,0.0006423959857784212,-0.0012351969489827752
2,AAPL,2023-08-11,0.00048778398195281625,0.0003374739899300039
2,AAPL,2023-08-14,0.0003813648072537035,0.009349295869469643
2,AAPL,2023-08-15,0.00042452127672731876,-0.011263417080044746
2,AAPL,2023-08-16,0.0003986996889580041,-0.004971386399120092
2,AAPL,2023-08-17,0.0003757691301871091,-0.014662192203104496
2,AAPL,2023-08-18,0.0003415114479139447,0.0028121243230998516
2,AAPL,2023-08-21,0.00035328284138813615,0.0077069723047316074
2,AAPL,2023-08-22,0.00040618053753860295,0.007873710244894028
2,AAPL,2023-08-23,0.00047938700299710035,0.021711556240916252
2,AAPL,2023-08-24,0.0006082257023081183,-0.026519102975726128
2,AAPL,2023-08-25,0.0006193526205606759,0.012564071454107761
2,AAPL,2023-08-28,0.0006170116830617189,0.008807011879980564
2,AAPL,2023-08-29,0.0005986064788885415,0.02157582901418209
2,AAPL,2023-08-30,0.0005354933673515916,0.01899089850485325
2,AAPL,2023-08-31,0.00047520003863610327,0.0011718306923285127
2,AAPL,2023-09-01,0.00046388438204303384,0.008427628315985203
2,AAPL,2023-09-05,0.0004743920871987939,0.001265977043658495
2,AAPL,2023-09-06,0.0004819143796339631,-0.03644971176981926
2,AAPL,2023-09-07,0.0004752092354465276,-0.029685672372579575
2,AAPL,2023-09-08,0.0006193364970386028,0.0034857739228755236
2,AAPL,2023-09-11,0.0006656993646174669,0.006600812077522278
2,AAPL,2023-09-12,0.0006871383520774543,-0.017208127304911613
2,AAPL,2023-09-13,0.0007075622561387718,-0.01192549616098404
2,AAPL,2023-09-14,0.0006189014529809356,0.008744248189032078
2,AAPL,2023-09-15,0.0006186621030792594,-0.00416261563077569
2,AAPL,2023-09-18,0.0006127372616901994,0.016772065311670303
2,AAPL,2023-09-19,0.0006943522021174431,0.006161569617688656
2,AAPL,2023-09-20,0.0006757536320947111,-0.02019464410841465
2,AAPL,2023-09-21,0.0006854994571767747,-0.00892915390431881
2,AAPL,2023-09-22,0.0006932657561264932,0.004932170733809471
2,AAPL,2023-09-25,0.000678050855640322,0.007353425025939941
2,AAPL,2023-09-26,0.0006638187915086746,-0.023676708340644836
2,AAPL,2023-09-27,0.0006814252701587975,-0.008937235921621323
2,AAPL,2023-09-28,0.0006796644302085042,0.0015244833193719387
2,AAPL,2023-09-29,0.0006715850904583931,0.0030418315436691046
2,AAPL,2023-10-02,0.0006659917416982353,0.014726603403687477
2,AAPL,2023-10-03,0.000614981516264379,-0.00780021958053112
2,AAPL,2023-10-04,0.0005643418407998979,0.00728214718401432
2,AAPL,2023-10-05,0.0005152030498720706,0.00717203039675951
2,AAPL,2023-10-06,0.0004646048473659903,0.014642754569649696
2,AAPL,2023-10-09,0.0004267655313014984,0.00841582752764225
2,AAPL,2023-10-10,0.0004323474131524563,-0.003357784589752555
2,AAPL,2023-10-11,0.000442005752120167,0.007872987538576126
2,AAPL,2023-10-12,0.00044330168748274446,0.0050482493825256824
2,AAPL,2023-10-13,0.0004445469530764967,-0.010346046648919582
2,AAPL,2023-10-16,0.00044904695823788643,-0.0007273044902831316
2,AAPL,2023-10-17,0.00045587410568259656,-0.008823464624583721
2,AAPL,2023-10-18,0.0004446942766662687,-0.007422210648655891
2,AAPL,2023-10-19,0.000496045162435621,-0.002163186902180314
2,AAPL,2023-10-20,0.0005419108201749623,-0.014813512563705444
2,AAPL,2023-10-23,0.0006238917703740299,0.0006938488222658634
2,AAPL,2023-10-24,0.0006419356213882565,0.0025400312151759863
2,AAPL,2023-10-25,0.0006142311030998826,-0.013583376072347164
2,AAPL,2023-10-26,0.0006536425789818168,-0.024913476780056953
2,AAPL,2023-10-27,0.000698122545145452,0.007937943562865257
2,AAPL,2023-10-30,0.0006873869569972157,0.01223001815378666
2,AAPL,2023-10-31,0.0006548740202561021,0.002814801875501871
2,AAPL,2023-11-01,0.0006271994789130986,0.018565282225608826
2,AAPL,2023-11-02,0.0005526855238713324,0.020482094958424568
2,AAPL,2023-11-03,0.00046048691729083657,-0.005194477271288633
2,AAPL,2023-11-06,0.000440295523731038,0.014499475248157978
2,AAPL,2023-11-07,0.0004383205669000745,0.014347190037369728
2,AAPL,2023-11-08,0.000459467206383124,0.005867797881364822
2,AAPL,2023-11-09,0.00048129979404620826,-0.002628105925396085
2,AAPL,2023-11-10,0.0004834496940020472,0.022954564541578293
2,AAPL,2023-11-13,0.0005041981348767877,-0.008620775304734707
2,AAPL,2023-11-14,0.0004905000678263605,0.014184791594743729
2,AAPL,2023-11-15,0.0004922333755530417,0.003036146517843008
2,AAPL,2023-11-16,0.0004791107785422355,0.009001660160720348
2,AAPL,2023-11-17,0.0004658455145545304,-0.00010535367619013414
2,AAPL,2023-11-20,0.00047613916103728116,0.009235428646206856
2,AAPL,2023-11-21,0.00047832587733864784,-0.004239944275468588
2,AAPL,2023-11-22,0.00047697933041490614,0.0035082963295280933
2,AAPL,2023-11-24,0.0004815967404283583,-0.0070289443247020245
2,AAPL,2023-11-27,0.0004926706897094846,-0.0009478537831455469
2,AAPL,2023-11-28,0.0004930067807435989,0.0032088879961520433
2,AAPL,2023-11-29,0.00048326552496291697,-0.0054243458434939384
2,AAPL,2023-11-30,0.0004817394365090877,0.003058183239772916
2,AAPL,2023-12-01,0.0004789404629264027,0.006768209394067526
2,AAPL,2023-12-04,0.0004904333618469536,-0.009509749710559845
2,AAPL,2023-12-05,0.0004824852221645415,0.020844345912337303
2,AAPL,2023-12-06,0.0005210910458117723,-0.005703074857592583
2,AAPL,2023-12-07,0.0005222350009717047,0.010088058188557625
2,AAPL,2023-12-08,0.0005614185938611627,0.007385253440588713
2,AAPL,2023-12-11,0.0005909276660531759,-0.013011575676500797
2,AAPL,2023-12-12,0.0005780145875178277,0.007888687774538994
2,AAPL,2023-12-13,0.0005954253720119596,0.016553832218050957
2,AAPL,2023-12-14,0.0006264928379096091,0.0007573642651550472
2,AAPL,2023-12-15,0.0006216452457010746,-0.0027293877210468054
2,AAPL,2023-12-18,0.0006225060787983239,-0.008539646863937378
2,AAPL,2023-12-19,0.000607611145824194,0.005345760844647884
2,AAPL,2023-12-20,0.0006163879297673702,-0.010771778412163258
2,AAPL,2023-12-21,0.000597234582528472,-0.0007701196009293199
2,AAPL,2023-12-22,0.0005950478953309357,-0.00556290103122592
2,AAPL,2023-12-26,0.0005639666924253106,-0.002845059847459197
2,AAPL,2023-12-27,0.000543494476005435,0.0005177333950996399
2,AAPL,2023-12-28,0.0005418854998424649,0.0022238504607230425
2,AAPL,2023-12-29,0.000563888403121382,-0.005438880994915962
2,AAPL,2024-01-02,0.0005593124078586698,-0.03644273057579994
2,AAPL,2024-01-03,0.0005154378013685346,-0.007515631150454283
2,AAPL,2024-01-04,0.0006114781717769802,-0.012781376019120216
2,AAPL,2024-01-05,0.0006643919623456895,-0.004021128173917532
2,AAPL,2024-01-08,0.0006803273572586477,0.023887163028120995
2,AAPL,2024-01-09,0.000656669435556978,-0.0022659352980554104
2,AAPL,2024-01-10,0.0006451443186961114,0.005655281245708466
2,AAPL,2024-01-11,0.0006094295531511307,-0.003227636683732271
2,AAPL,2024-01-12,0.0005937358364462852,0.0017765017691999674
2,AAPL,2024-01-16,0.0005585298058576882,-0.012393544428050518
2,AAPL,2024-01-17,0.0005988688790239394,-0.005186849273741245
2,AAPL,2024-01-18,0.0006332623888738453,0.03205139562487602
2,AAPL,2024-01-19,0.000533412559889257,0.015413680113852024
2,AAPL,2024-01-22,0.0004737383860629052,0.01208977960050106
2,AAPL,2024-01-23,0.0004987129359506071,0.006631209049373865
2,AAPL,2024-01-24,0.000536020495928824,-0.003489911090582609
2,AAPL,2024-01-25,0.0005526394816115499,-0.001698227133601904
2,AAPL,2024-01-26,0.0005540666170418262,-0.009053532965481281
2,AAPL,2024-01-29,0.0005380852380767465,-0.0035922557581216097
2,AAPL,2024-01-30,0.0005260537145659328,-0.019433416426181793
2,AAPL,2024-01-31,0.0004972881288267672,-0.019547581672668457
2,AAPL,2024-02-01,0.0005812807939946651,0.013252552598714828
2,AAPL,2024-02-02,0.0005867705913260579,-0.005419934634119272
2,AAPL,2024-02-05,0.0006153222057037055,0.009798543527722359
2,AAPL,2024-02-06,0.0005792529555037618,0.008594710379838943
2,AAPL,2024-02-07,0.0005262010381557047,0.0005809088470414281
2,AAPL,2024-02-08,0.0004936765762977302,-0.005771265830844641
2,AAPL,2024-02-09,0.00048751465510576963,0.004085601773113012
2,AAPL,2024-02-12,0.0004856156883761287,-0.00904263649135828
2,AAPL,2024-02-13,0.00048194199916906655,-0.011338522657752037
2,AAPL,2024-02-14,0.0005032060435041785,-0.004821205046027899
2,AAPL,2024-02-15,0.0005148876807652414,-0.0015762554248794913
2,AAPL,2024-02-16,0.0005194498226046562,-0.008465951308608055
2,AAPL,2024-02-20,0.0005632300744764507,-0.004122362472116947
2,AAPL,2024-02-21,0.0006034955149516463,0.004177357070147991
2,AAPL,2024-02-22,0.0005850373418070376,0.01118097361177206
2,AAPL,2024-02-23,0.0005103140138089657,-0.010084673762321472
2,AAPL,2024-02-26,0.0005093817599117756,-0.00747924018651247
2,AAPL,2024-02-27,0.0005296238232403994,0.008081545121967793
2,AAPL,2024-02-28,0.00048332769074477255,-0.006647175177931786
2,AAPL,2024-02-29,0.0004990742891095579,-0.003700043074786663
2,AAPL,2024-03-01,0.0005143697489984334,-0.006048694718629122
2,AAPL,2024-03-04,0.0005205915658734739,-0.025708815082907677
2,AAPL,2024-03-05,0.0006140423938632011,-0.02885337546467781
2,AAPL,2024-03-06,0.0006942555191926658,-0.005895434878766537
2,AAPL,2024-03-07,0.0006927961949259043,-0.0007099430658854544
2,AAPL,2024-03-08,0.0006218638736754656,0.010184502229094505
2,AAPL,2024-03-11,0.0006125876680016518,0.011762363836169243
2,AAPL,2024-03-12,0.0006649559363722801,0.0027746357955038548
2,AAPL,2024-03-13,0.0006624331581406295,-0.012196561321616173
2,AAPL,2024-03-14,0.0006557417800650001,0.010868118144571781
2,AAPL,2024-03-15,0.000641977007035166,-0.002199026523157954
2,AAPL,2024-03-18,0.0006379419937729836,0.006352144759148359
2,AAPL,2024-03-19,0.0006126060616225004,0.013493713922798634
2,AAPL,2024-03-20,0.0005580556462518871,0.014602024108171463
2,AAPL,2024-03-21,0.0004942819359712303,-0.04171569645404816
2,AAPL,2024-03-22,0.0005349501734599471,0.005296133458614349
2,MSFT,2023-06-06,0.00045575210242532194,-0.006750129163265228
2,MSFT,2023-06-07,0.00045121193397790194,-0.03135443851351738
2,MSFT,2023-06-08,0.0004890020936727524,0.005796769633889198
2,MSFT,2023-06-09,0.0005016808863729239,0.004692881368100643
2,MSFT,2023-06-12,0.000491606944706291,0.015365337952971458
2,MSFT,2023-06-13,0.00045489027979783714,0.007325929589569569
2,MSFT,2023-06-14,0.000455270434031263,0.009082416072487831
2,MSFT,2023-06-15,0.00047415902372449636,0.0313984751701355
2,MSFT,2023-06-16,0.0005037219962105155,-0.016714783385396004
2,MSFT,2023-06-20,0.0004904125235043466,-0.012581159360706806
2,MSFT,2023-06-21,0.00047681143041700125,-0.013371190056204796
2,MSFT,2023-06-22,0.0004534604086074978,0.01826963573694229
2,MSFT,2023-06-23,0.0004805351491086185,-0.013902392238378525
2,MSFT,2023-06-26,0.00047551546595059335,-0.01934874802827835
2,MSFT,2023-06-27,0.00045367208076640964,0.018004899844527245
2,MSFT,2023-06-28,0.0004694547096733004,0.003818548284471035
2,MSFT,2023-06-29,0.0004832458507735282,-0.0023848137352615595
2,MSFT,2023-06-30,0.0004927841364406049,0.016252806410193443
2,MSFT,2023-07-03,0.0005214788252487779,-0.007516283541917801
2,MSFT,2023-07-05,0.0005234076525084674,0.00047321064630523324
2,MSFT,2023-07-06,0.0005278160679154098,0.009184366092085838
2,MSFT,2023-07-07,0.0005472726770676672,-0.011938335373997688
2,MSFT,2023-07-10,0.0005405509728007019,-0.016112927347421646
2,MSFT,2023-07-11,0.0005302956560626626,0.0019269561162218451
2,MSFT,2023-07-12,0.0005354341119527817,0.014126495458185673
2,MSFT,2023-07-13,0.0005502966232597828,0.016062403097748756
2,MSFT,2023-07-14,0.0005860910168848932,0.007501279003918171
2,MSFT,2023-07-17,0.0005870359600521624,0.001418188912793994
2,MSFT,2023-07-18,0.0005913666682317853,0.039028268307447433
2,MSFT,2023-07-19,0.0005711356643587351,-0.012343096546828747
2,MSFT,2023-07-20,0.0005462316330522299,-0.023393232375383377
2,MSFT,2023-07-21,0.0004990220186300576,-0.008977167308330536
2,MSFT,2023-07-24,0.0004674351657740772,0.0038902703672647476
2,MSFT,2023-07-25,0.0004693186201620847,0.016866203397512436
2,MSFT,2023-07-26,0.0004753686080221087,-0.038363970816135406
2,MSFT,2023-07-27,0.0004897170001640916,-0.021093126386404037
2,MSFT,2023-07-28,0.0005311790737323463,0.02286769077181816
2,MSFT,2023-07-31,0.0005056270747445524,-0.007266941945999861
2,MSFT,2023-08-01,0.0005206666537560523,0.0012495683040469885
2,MSFT,2023-08-02,0.0005100506241433322,-0.026634441688656807
2,MSFT,2023-08-03,0.0006009815842844546,-0.00256819068454206
2,MSFT,2023-08-04,0.0006326721049845219,0.0034227906726300716
2,MSFT,2023-08-07,0.0006424976163543761,0.007083123084157705
2,MSFT,2023-08-08,0.0006265616393648088,-0.012375191785395145
2,MSFT,2023-08-09,0.000636458455119282,-0.011785030364990234
2,MSFT,2023-08-10,0.0006374239455908537,0.002170062158256769
2,MSFT,2023-08-11,0.0006289656739681959,-0.00596317695453763
2,MSFT,2023-08-14,0.0006271318416111171,0.009394488297402859
2,MSFT,2023-08-15,0.0006206412799656391,-0.006750289350748062
2,MSFT,2023-08-16,0.0006253845058381557,-0.002431389642879367
2,MSFT,2023-08-17,0.0006175439339131117,-0.011046881787478924
2,MSFT,2023-08-18,0.0006255054613575339,-0.0012632677098736167
2,MSFT,2023-08-21,0.0006148634711280465,0.016918741166591644
2,MSFT,2023-08-22,0.0005489250761456788,0.0018000553827732801
2,MSFT,2023-08-23,0.0004894318990409374,0.01398129016160965
2,MSFT,2023-08-24,0.0004368311201687902,-0.021732941269874573
2,MSFT,2023-08-25,0.00045008445158600807,0.009363269433379173
2,MSFT,2023-08-28,0.00043030595406889915,0.002226718468591571
2,MSFT,2023-08-29,0.0004349498194642365,0.014445753768086433
2,MSFT,2023-08-30,0.0004436327435541898,0.0011562526924535632
2,MSFT,2023-08-31,0.0004551840538624674,-0.0031377384439110756
2,MSFT,2023-09-01,0.00047244835877791047,0.002742194104939699
2,MSFT,2023-09-05,0.00048483340651728213,0.014769261702895164
2,MSFT,2023-09-06,0.0005169883370399475,-0.002010948024690151
2,MSFT,2023-09-07,0.000528111937455833,-0.008962105959653854
2,MSFT,2023-09-08,0.0005237877485342324,0.013129192404448986
2,MSFT,2023-09-11,0.0005306088132783771,0.010919076390564442
2,MSFT,2023-09-12,0.0005367624689824879,-0.01842617802321911
2,MSFT,2023-09-13,0.000506244832649827,0.012847742065787315
2,MSFT,2023-09-14,0.0005150400684215128,0.007825056090950966
2,MSFT,2023-09-15,0.000523258582688868,-0.025355612859129906
2,MSFT,2023-09-18,0.00046666839625686407,-0.0035191928036510944
2,MSFT,2023-09-19,0.00047056059702299535,-0.0012466433690860868
2,MSFT,2023-09-20,0.000474126631161198,-0.024268953129649162
2,MSFT,2023-09-21,0.0005950612248852849,-0.003873075358569622
2,MSFT,2023-09-22,0.000618103367742151,-0.007917897775769234
2,MSFT,2023-09-25,0.0006407307810150087,0.0016704231966286898
2,MSFT,2023-09-26,0.0006367997266352177,-0.017151974141597748
2,MSFT,2023-09-27,0.0006508652004413307,0.0020801404025405645
2,MSFT,2023-09-28,0.0006403852021321654,0.002713831840083003
2,MSFT,2023-09-29,0.0006319225649349391,0.006704896222800016
2,MSFT,2023-10-02,0.000622362713329494,0.01897927187383175
2,MSFT,2023-10-03,0.000585110392421484,-0.026481518521904945
2,MSFT,2023-10-04,0.0006090899696573615,0.017617138102650642
2,MSFT,2023-10-05,0.0005801619845442474,0.0012533541303128004
2,MSFT,2023-10-06,0.0005532514187507331,0.024436060339212418
2,MSFT,2023-10-09,0.0004704936291091144,0.0077921259216964245
2,MSFT,2023-10-10,0.0004105749831069261,-0.004345213994383812
2,MSFT,2023-10-11,0.0004157329094596207,0.012197322212159634
2,MSFT,2023-10-12,0.0004175645299255848,-0.003797612152993679
2,MSFT,2023-10-13,0.00043063642806373537,-0.010411755181849003
2,MSFT,2023-10-16,0.0004189231258351356,0.014871126040816307
2,MSFT,2023-10-17,0.0004343450127635151,-0.0017454816261306405
2,MSFT,2023-10-18,0.0004325825138948858,-0.005889668129384518
2,MSFT,2023-10-19,0.00042607681825757027,0.0036587610375136137
2,MSFT,2023-10-20,0.00043653303873725235,-0.014134153723716736
2,MSFT,2023-10-23,0.00045678671449422836,0.008079562336206436
2,MSFT,2023-10-24,0.00045699405018240213,0.003667426761239767
2,MSFT,2023-10-25,0.00044416190939955413,0.030216693878173828
2,MSFT,2023-10-26,0.0004478251503314823,-0.038235947489738464
2,MSFT,2023-10-27,0.000464381038909778,0.005838312674313784
2,MSFT,2023-10-30,0.00046625800314359367,0.022485781461000443
2,MSFT,2023-10-31,0.00045839586528018117,0.002368926303461194
2,MSFT,2023-11-01,0.00048582698218524456,0.023269804194569588
2,MSFT,2023-11-02,0.0005293539143167436,0.006480592302978039
2,MSFT,2023-11-03,0.0005521951825357974,0.012779632583260536
2,MSFT,2023-11-06,0.0005640078452415764,0.010517126880586147
2,MSFT,2023-11-07,0.0005705395014956594,0.011156658641994
2,MSFT,2023-11-08,0.0005701658665202558,0.007378543261438608
2,MSFT,2023-11-09,0.0005666062934324145,-0.006934637203812599
2,MSFT,2023-11-10,0.0005449377931654453,0.02459179051220417
2,MSFT,2023-11-13,0.0005502058775164187,-0.008121241815388203
2,MSFT,2023-11-14,0.0005251269321888685,0.009742824360728264
2,MSFT,2023-11-15,0.0005180445150472224,0.00040597422048449516
2,MSFT,2023-11-16,0.000501229427754879,0.017430325970053673
2,MSFT,2023-11-17,0.0004978621145710349,-0.016943592578172684
2,MSFT,2023-11-20,0.00048516603419557214,0.020314104855060577
2,MSFT,2023-11-21,0.0004898444749414921,-0.011645383201539516
2,MSFT,2023-11-22,0.0004800837195944041,0.012730991467833519
2,MSFT,2023-11-24,0.00047186302253976464,-0.0011120670242235065
2,MSFT,2023-11-27,0.0004722453304566443,0.0031215886119753122
2,MSFT,2023-11-28,0.00046920415479689837,0.010744675993919373
2,MSFT,2023-11-29,0.00048110104398801923,-0.010111097246408463
2,MSFT,2023-11-30,0.0004636423254851252,0.00015855788660701364
2,MSFT,2023-12-01,0.0004671327769756317,-0.011680182069540024
2,MSFT,2023-12-04,0.00046174373710528016,-0.014442743733525276
2,MSFT,2023-12-05,0.0004593289631884545,0.009114925749599934
2,MSFT,2023-12-06,0.00045409976155497134,-0.010036428458988667
2,MSFT,2023-12-07,0.00045370665611699224,0.005812921095639467
2,MSFT,2023-12-08,0.0004572122124955058,0.008803167380392551
2,MSFT,2023-12-11,0.00045954278903082013,-0.00786019116640091
2,MSFT,2023-12-12,0.0004739711293950677,0.008260807022452354
2,MSFT,2023-12-13,0.0005013180198147893,-2.65088674495928e-05
2,MSFT,2023-12-14,0.000521651585586369,-0.022802481427788734
2,MSFT,2023-12-15,0.0004695475799962878,0.013031837530434132
2,MSFT,2023-12-18,0.00048019387759268284,0.005165735725313425
2,MSFT,2023-12-19,0.0004900021012872458,0.0016355434199795127
2,MSFT,2023-12-20,0.0005125043098814785,-0.007097969297319651
2,MSFT,2023-12-21,0.0005088021862320602,0.007847821339964867
2,MSFT,2023-12-22,0.0005354859749786556,0.002780287293717265
2,MSFT,2023-12-26,0.0005497912061400712,0.0002135931426892057
2,MSFT,2023-12-27,0.0005638069706037641,-0.0015760317910462618
2,MSFT,2023-12-28,0.0005685912328772247,0.003229584777727723
2,MSFT,2023-12-29,0.0005937166279181838,0.0020230207592248917
2,MSFT,2024-01-02,0.0006129000685177743,-0.01384386233985424
2,MSFT,2024-01-03,0.0005649279919452965,-0.0007283890736289322
2,MSFT,2024-01-04,0.0005659258458763361,-0.007203548680990934
2,MSFT,2024-01-05,0.0005390757578425109,-0.0005163308815099299
2,MSFT,2024-01-08,0.0005204074550420046,0.01869543455541134
2,MSFT,2024-01-09,0.0005750170676037669,0.00293180625885725
2,MSFT,2024-01-10,0.0006026382325217128,0.018403610214591026
2,MSFT,2024-01-11,0.0006300229579210281,0.0048476397059857845
2,MSFT,2024-01-12,0.0006312616751529276,0.00993404071778059
2,MSFT,2024-01-16,0.0006348914466798306,0.004623000510036945
2,MSFT,2024-01-17,0.0006435862160287797,-0.002052064286544919
2,MSFT,2024-01-18,0.0006388160400092602,0.011233964934945107
2,MSFT,2024-01-19,0.0006343557615764439,0.012113051488995552
2,MSFT,2024-01-22,0.0006318631931208074,-0.005432597361505032
2,MSFT,2024-01-23,0.0006166453822515905,0.006009427830576897
2,MSFT,2024-01-24,0.0006051178206689656,0.009133388288319111
2,MSFT,2024-01-25,0.0006022818852216005,0.005721919238567352
2,MSFT,2024-01-26,0.0005927846650592983,-0.002324520144611597
2,MSFT,2024-01-29,0.0005826200358569622,0.014232429675757885
2,MSFT,2024-01-30,0.0005825184634886682,-0.002761782379820943
2,MSFT,2024-01-31,0.0005680987960658967,-0.027316071093082428
2,MSFT,2024-02-01,0.000486170407384634,0.015474120154976845
2,MSFT,2024-02-02,0.0004887148388661444,0.018258219584822655
2,MSFT,2024-02-05,0.0005091585335321724,-0.01363769918680191
2,MSFT,2024-02-06,0.0004974041949026287,-0.0003945866774301976
2,MSFT,2024-02-07,0.0005010393797419965,0.020890522748231888
2,MSFT,2024-02-08,0.0005440867971628904,0.00014492898480966687
2,MSFT,2024-02-09,0.0005599104333668947,0.015431670472025871
2,MSFT,2024-02-12,0.0005746908718720078,-0.012658478692173958
2,MSFT,2024-02-13,0.0005568044725805521,-0.02176368050277233
2,MSFT,2024-02-14,0.0004971688031218946,0.009618890471756458
2,MSFT,2024-02-15,0.0004996073548682034,-0.00718107633292675
2,MSFT,2024-02-16,0.0004895312595181167,-0.006167964078485966
2,MSFT,2024-02-20,0.00047280691796913743,-0.0031480705365538597
2,MSFT,2024-02-21,0.00047669047489762306,-0.0015155249275267124
2,MSFT,2024-02-22,0.00047761277528479695,0.023273680359125137
2,MSFT,2024-02-23,0.0005137549014762044,-0.0031874035485088825
2,MSFT,2024-02-26,0.0005305159720592201,-0.006847062148153782
2,MSFT,2024-02-27,0.0005335204186849296,-0.0001471461437176913
2,MSFT,2024-02-28,0.0005314749432727695,0.0005889117019250989
2,MSFT,2024-02-29,0.0005367041449062526,0.014415347948670387
2,MSFT,2024-03-01,0.0005690340185537934,0.004486477933824062
2,MSFT,2024-03-04,0.0005857432843185961,-0.0013967574341222644
2,MSFT,2024-03-05,0.0006004913011565804,-0.03001820482313633
2,MSFT,2024-03-06,0.0005369201535359025,-0.0013917827745899558
2,MSFT,2024-03-07,0.000501760805491358,0.017381489276885986
2,MSFT,2024-03-08,0.0005360172945074737,-0.0071625495329499245
2,MSFT,2024-03-11,0.0005198696744628251,-0.004193710163235664
2,MSFT,2024-03-12,0.0005101521383039653,0.026251865550875664
2,MSFT,2024-03-13,0.0005650013918057084,-0.0004334972763899714
2,MSFT,2024-03-14,0.0005819590878672898,0.024087121710181236
2,MSFT,2024-03-15,0.0006081158062443137,-0.020912347361445427
2,MSFT,2024-03-18,0.0005873545887880027,0.002159124705940485
2,MSFT,2024-03-19,0.0005845315754413605,0.00975277740508318
2,MSFT,2024-03-20,0.0005914238863624632,0.009024033322930336
2,MSFT,2024-03-21,0.0006078933365643024,0.009688889607787132
2,MSFT,2024-03-22,0.0006113017443567514,-0.0014684279449284077
2,NVDA,2023-06-06,0.0011703821364790201,-0.01328651886433363
2,NVDA,2023-06-07,0.0011080894619226456,-0.03087260015308857
2,NVDA,2023-06-08,0.000998536474071443,0.027243852615356445
2,NVDA,2023-06-09,0.0010292725637555122,0.006729009095579386
2,NVDA,2023-06-12,0.0010696026729419827,0.018197862431406975
2,NVDA,2023-06-13,0.0011633906979113817,0.03826356306672096
2,NVDA,2023-06-14,0.0011426914716139436,0.04702204465866089
2,NVDA,2023-06-15,0.0010791394161060452,-0.008032805286347866
2,NVDA,2023-06-16,0.0010647064773365855,0.0009137820452451706
2,NVDA,2023-06-20,0.0010416066506877542,0.025805002078413963
2,NVDA,2023-06-21,0.0009662472293712199,-0.017570283263921738
2,NVDA,2023-06-22,0.000957137846853584,-0.00046467705396935344
2,NVDA,2023-06-23,0.0008864151313900948,-0.01914781890809536
2,NVDA,2023-06-26,0.0008336555329151452,-0.038077596575021744
2,NVDA,2023-06-27,0.0009412355138920248,0.030156835913658142
2,NVDA,2023-06-28,0.0008891132310964167,-0.0182911679148674
2,NVDA,2023-06-29,0.0009341296972706914,-0.0072004045359790325
2,NVDA,2023-06-30,0.000963362108450383,0.0356130488216877
2,NVDA,2023-07-03,0.0008420817903243005,0.002620335901156068
2,NVDA,2023-07-05,0.0008002175600267947,-0.0022658519446849823
2,NVDA,2023-07-06,0.0007827773224562407,-0.005069741979241371
2,NVDA,2023-07-07,0.0007854296127334237,0.009455598890781403
2,NVDA,2023-07-10,0.0007767438655719161,-0.00762840686365962
2,NVDA,2023-07-11,0.0007791633252054453,0.005319859366863966
2,NVDA,2023-07-12,0.0007766484632156789,0.0346936397254467
2,NVDA,2023-07-13,0.0008032896439544857,0.04618155211210251
2,NVDA,2023-07-14,0.0008375748293474317,-0.011110392399132252
2,NVDA,2023-07-17,0.0007863264181651175,0.021582288667559624
2,NVDA,2023-07-18,0.0007877079187892377,0.021990278735756874
2,NVDA,2023-07-19,0.0007736298139207065,-0.00881886761635542
2,NVDA,2023-07-20,0.0007615857175551355,-0.03363288193941116
2,NVDA,2023-07-21,0.000797523302026093,-0.026963962242007256
2,NVDA,2023-07-24,0.0009561074548400939,0.00681496225297451
2,NVDA,2023-07-25,0.001004108227789402,0.023635895922780037
2,NVDA,2023-07-26,0.0009492038516327739,-0.004981850739568472
2,NVDA,2023-07-27,0.0009251233423128724,0.009808279573917389
2,NVDA,2023-07-28,0.0008591633522883058,0.018349289894104004
2,NVDA,2023-07-31,0.0007662110147066414,-0.0004494361055549234
2,NVDA,2023-08-01,0.0007585975690744817,-0.0047621335834264755
2,NVDA,2023-08-02,0.00075418601045385,-0.049318134784698486
2,NVDA,2023-08-03,0.0009224519599229097,0.005541463848203421
2,NVDA,2023-08-04,0.000956622650846839,0.003699878230690956
2,NVDA,2023-08-07,0.0009716700878925622,0.016360552981495857
2,NVDA,2023-08-08,0.0008736879681237042,-0.01671862043440342
2,NVDA,2023-08-09,0.000870753254275769,-0.0483940914273262
2,NVDA,2023-08-10,0.000999166164547205,-0.0039085280150175095
2,NVDA,2023-08-11,0.0010497886687517166,-0.03683605417609215
2,NVDA,2023-08-14,0.0011300176847726107,0.06853094696998596
2,NVDA,2023-08-15,0.0009925792692229152,0.004265005234628916
2,NVDA,2023-08-16,0.000890460389200598,-0.010386284440755844
2,NVDA,2023-08-17,0.0008389410213567317,-0.0032707559876143932
2,NVDA,2023-08-18,0.000805945775937289,-0.001038697431795299
2,NVDA,2023-08-21,0.0007926881080493331,0.08131580054759979
2,NVDA,2023-08-22,0.0007416954613290727,-0.02804756350815296
2,NVDA,2023-08-23,0.0007428097887896001,0.031215021386742592
2,NVDA,2023-08-24,0.0007509956485591829,0.0009969748789444566
2,NVDA,2023-08-25,0.0007466680253855884,-0.024576956406235695
2,NVDA,2023-08-28,0.0007665544981136918,0.01759806089103222
2,NVDA,2023-08-29,0.0007742251036688685,0.04077158123254776
2,NVDA,2023-08-30,0.0007833039853721857,0.009791241958737373
2,NVDA,2023-08-31,0.0007972561870701611,0.0018454306991770864
2,NVDA,2023-09-01,0.0007998397923074663,-0.01728975772857666
2,NVDA,2023-09-05,0.0008011601748876274,0.000803750881459564
2,NVDA,2023-09-06,0.0008090140181593597,-0.031026160344481468
2,NVDA,2023-09-07,0.0008238783339038491,-0.017577553167939186
2,NVDA,2023-09-08,0.0008635710692033172,-0.014573627151548862
2,NVDA,2023-09-11,0.0009678309434093535,-0.008683132007718086
2,NVDA,2023-09-12,0.0010280247079208493,-0.006840737536549568
2,NVDA,2023-09-13,0.001084558549337089,0.013613150455057621
2,NVDA,2023-09-14,0.0010376988211646676,0.0021083648316562176
2,NVDA,2023-09-15,0.0009650680003687739,-0.03757668659090996
2,NVDA,2023-09-18,0.0010695339879021049,0.0015022630104795098
2,NVDA,2023-09-19,0.001028650556690991,-0.010195961222052574
2,NVDA,2023-09-20,0.0010739379795268178,-0.029876623302698135
2,NVDA,2023-09-21,0.001210036687552929,-0.029357492923736572
2,NVDA,2023-09-22,0.0012582320487126708,0.014354192651808262
2,NVDA,2023-09-25,0.0012431235518306494,0.014600851573050022
2,NVDA,2023-09-26,0.0012185927480459213,-0.0073933652602136135
2,NVDA,2023-09-27,0.001178346574306488,0.013202683068811893
2,NVDA,2023-09-28,0.0011824567336589098,0.01451695617288351
2,NVDA,2023-09-29,0.0011408519931137562,0.009470300748944283
2,NVDA,2023-10-02,0.0011090664193034172,0.029068194329738617
2,NVDA,2023-10-03,0.0009786500595510006,-0.028654547408223152
2,NVDA,2023-10-04,0.0009396327077411115,0.011969292536377907
2,NVDA,2023-10-05,0.0008641206077300012,0.014583790674805641
2,NVDA,2023-10-06,0.00077107670949772,0.02374926581978798
2,NVDA,2023-10-09,0.0007371159736067057,-0.010743247345089912
2,NVDA,2023-10-10,0.0007385165081359446,0.0115296496078372
2,NVDA,2023-10-11,0.0007431265548802912,0.021770967170596123
2,NVDA,2023-10-12,0.0007458894979208708,0.002965290332213044
2,NVDA,2023-10-13,0.0007409207173623145,-0.03212186321616173
2,NVDA,2023-10-16,0.0008342585060745478,0.013849600218236446
2,NVDA,2023-10-17,0.0008570567588321865,-0.04792478680610657
2,NVDA,2023-10-18,0.0010936030885204673,-0.04045433923602104
2,NVDA,2023-10-19,0.0012180890189483762,-0.002253727288916707
2,NVDA,2023-10-20,0.0012051634257659316,-0.0171047355979681
2,NVDA,2023-10-23,0.0011118714464828372,0.03765159100294113
2,NVDA,2023-10-24,0.001220573321916163,0.015882665291428566
2,NVDA,2023-10-25,0.0012053007958456874,-0.044107452034950256
2,NVDA,2023-10-26,0.0012315565254539251,-0.03539730980992317
2,NVDA,2023-10-27,0.0011473357444629073,0.004305540584027767
2,NVDA,2023-10-30,0.001078612869605422,0.016189277172088623
2,NVDA,2023-10-31,0.0010867948876693845,-0.009299545548856258
2,NVDA,2023-11-01,0.001083986135199666,0.03718622773885727
2,NVDA,2023-11-02,0.0011242665350437164,0.027521057054400444
2,NVDA,2023-11-03,0.0010744797764346004,0.033874720335006714
2,NVDA,2023-11-06,0.0009555235737934709,0.016440030187368393
2,NVDA,2023-11-07,0.0008511148625984788,0.004449024330824614
2,NVDA,2023-11-08,0.0007805753848515451,0.013379789888858795
2,NVDA,2023-11-09,0.0007290522335097194,0.008040710352361202
2,NVDA,2023-11-10,0.0007167143048718572,0.029072700068354607
2,NVDA,2023-11-13,0.0007309450884349644,0.0058789607137441635
2,NVDA,2023-11-14,0.0007240682025440037,0.02108430303633213
2,NVDA,2023-11-15,0.0007387492805719376,-0.015587128698825836
2,NVDA,2023-11-16,0.0007748052012175322,0.012036480940878391
2,NVDA,2023-11-17,0.000817661639302969,-0.003685084404423833
2,NVDA,2023-11-20,0.0008551753708161414,0.022286245599389076
2,NVDA,2023-11-21,0.000852729135658592,-0.009267278015613556
2,NVDA,2023-11-22,0.0009045537444762886,-0.02489490620791912
2,NVDA,2023-11-24,0.000985778751783073,-0.019484136253595352
2,NVDA,2023-11-27,0.001052540261298418,0.00970669835805893
2,NVDA,2023-11-28,0.0010106683475896716,-0.0087652076035738
2,NVDA,2023-11-29,0.0010085618123412132,0.0066485414281487465
2,NVDA,2023-11-30,0.0009597137686796486,-0.028871173039078712
2,NVDA,2023-12-01,0.000987133476883173,-0.00010705244494602084
2,NVDA,2023-12-04,0.0009129036916419864,-0.027203217148780823
2,NVDA,2023-12-05,0.0009162429487332702,0.023026593029499054
2,NVDA,2023-12-06,0.0008062587003223598,-0.023092517629265785
2,NVDA,2023-12-07,0.0008350942516699433,0.023736609145998955
2,NVDA,2023-12-08,0.0007745266193524003,0.01934133656322956
2,NVDA,2023-12-11,0.0007595173083245754,-0.018676185980439186
2,NVDA,2023-12-12,0.0007665773737244308,0.021849729120731354
2,NVDA,2023-12-13,0.0007667758036404848,0.00900301430374384
2,NVDA,2023-12-14,0.0008281486807391047,0.005433488171547651
2,NVDA,2023-12-15,0.0008525993907824159,0.011106844060122967
2,NVDA,2023-12-18,0.0008781758951954544,0.023988880217075348
2,NVDA,2023-12-19,0.0009141859482042491,-0.00949033722281456
2,NVDA,2023-12-20,0.0009307942818850279,-0.030560510233044624
2,NVDA,2023-12-21,0.0008799542556516826,0.018105139955878258
2,NVDA,2023-12-22,0.0008867204305715859,-0.0032713476102799177
2,NVDA,2023-12-26,0.0008670781971886754,0.009153241291642189
2,NVDA,2023-12-27,0.0008810609579086304,0.002796492073684931
2,NVDA,2023-12-28,0.0008822515956126153,0.0021224990487098694
2,NVDA,2023-12-29,0.0008928378811106086,0.0
2,NVDA,2024-01-02,0.0008920097607187927,-0.027722179889678955
2,NVDA,2024-01-03,0.0008041979162953794,-0.0125134801492095
2,NVDA,2024-01-04,0.0008534046355634928,0.008977956138551235
2,NVDA,2024-01-05,0.0008582970476709306,0.02263874001801014
2,NVDA,2024-01-08,0.0008082354906946421,0.062299326062202454
2,NVDA,2024-01-09,0.0008692076662555337,0.01683262176811695
2,NVDA,2024-01-10,0.0008871325990185142,0.022514570504426956
2,NVDA,2024-01-11,0.0009160444606095552,0.008646930567920208
2,NVDA,2024-01-12,0.0009124610223807395,-0.002044993219897151
2,NVDA,2024-01-16,0.0008900405955500901,0.030103445053100586
2,NVDA,2024-01-17,0.0009130067192018032,-0.005852331407368183
2,NVDA,2024-01-18,0.0008963106665760279,0.018629061058163643
2,NVDA,2024-01-19,0.0008736841264180839,0.04089837521314621
2,NVDA,2024-01-22,0.0008576558902859688,0.002736121416091919
2,NVDA,2024-01-23,0.0008456461946479976,0.003664469113573432
2,NVDA,2024-01-24,0.0008517102105543017,0.024565108120441437
2,NVDA,2024-01-25,0.0008621666929684579,0.004146924242377281
2,NVDA,2024-01-26,0.0008626666385680437,-0.009555761702358723
2,NVDA,2024-01-29,0.0008856175700202584,0.023224499076604843
2,NVDA,2024-01-30,0.0008735200390219688,0.004934527911245823
2,NVDA,2024-01-31,0.0008815914043225348,-0.020064838230609894
2,NVDA,2024-02-01,0.0009548098896630108,0.024087145924568176
2,NVDA,2024-02-02,0.0008832934545353055,0.048512790352106094
2,NVDA,2024-02-05,0.000852145254611969,0.04683065414428711
2,NVDA,2024-02-06,0.0008408071589656174,-0.016124814748764038
2,NVDA,2024-02-07,0.0008545494638383389,0.02712668851017952
2,NVDA,2024-02-08,0.0008543319418095052,-0.0065552229061722755
2,NVDA,2024-02-09,0.0008453103364445269,0.03515828773379326
2,NVDA,2024-02-12,0.0008493670029565692,0.0015929511282593012
2,NVDA,2024-02-13,0.0008437075302936137,-0.0016622489783912897
2,NVDA,2024-02-14,0.0008343806257471442,0.024270769208669662
2,NVDA,2024-02-15,0.000842028355691582,-0.01694968156516552
2,NVDA,2024-02-16,0.0008498975075781345,-0.0006194502930156887
2,NVDA,2024-02-20,0.0008536183158867061,-0.04450816288590431
2,NVDA,2024-02-21,0.0010000095935538411,-0.028923047706484795
2,NVDA,2024-02-22,0.0011351733701303601,0.15187005698680878
2,NVDA,2024-02-23,0.000966048741247505,0.0035459110513329506
2,NVDA,2024-02-26,0.0009768028976395726,0.0034829406067728996
2,NVDA,2024-02-27,0.0009627324179746211,-0.004955751821398735
2,NVDA,2024-02-28,0.0009641444776207209,-0.01327707152813673
2,NVDA,2024-02-29,0.000982813537120819,0.0184857789427042
2,NVDA,2024-03-01,0.0009201316861435771,0.03925129398703575
2,NVDA,2024-03-04,0.0008333807927556336,0.03531978651881218
2,NVDA,2024-03-05,0.0008306216332130134,0.008539821021258831
2,NVDA,2024-03-06,0.0008236226276494563,0.03133124113082886
2,NVDA,2024-03-07,0.0008140591089613736,0.043774109333753586
2,NVDA,2024-03-08,0.0008117082761600614,-0.05707525461912155
2,NVDA,2024-03-11,0.0009974526474252343,-0.020242711529135704
2,NVDA,2024-03-12,0.0011030558962374926,0.06912646442651749
2,NVDA,2024-03-13,0.0010995526099577546,-0.011214522644877434
2,NVDA,2024-03-14,0.0011405657278373837,-0.03292769938707352
2,NVDA,2024-03-15,0.001163745648227632,-0.0012173826107755303
2,NVDA,2024-03-18,0.0011033611372113228,0.007011161185801029
2,NVDA,2024-03-19,0.0010936640901491046,0.010604415088891983
2,NVDA,2024-03-20,0.0011445613345131278,0.010836123488843441
2,NVDA,2024-03-21,0.0011304031359031796,0.011693613603711128
2,NVDA,2024-03-22,0.0010709002381190658,0.030736342072486877
2,TSLA,2023-06-06,0.0010227651800960302,0.016859950497746468
2,TSLA,2023-06-07,0.0010220921831205487,0.014623072929680347
2,TSLA,2023-06-08,0.0010081796208396554,0.04480209946632385
2,TSLA,2023-06-09,0.0009967254009097815,0.03981660678982735
2,TSLA,2023-06-12,0.0009672293090261519,0.021974490955471992
2,TSLA,2023-06-13,0.0009756116196513176,0.034927017986774445
2,TSLA,2023-06-14,0.0009743114933371544,-0.007449046708643436
2,TSLA,2023-06-15,0.000985852675512433,-0.003471944248303771
2,TSLA,2023-06-16,0.0009999803733080626,0.017969714477658272
2,TSLA,2023-06-20,0.0009813203942030668,0.05201270803809166
2,TSLA,2023-06-21,0.000980404787696898,-0.056166619062423706
2,TSLA,2023-06-22,0.001038385322317481,0.019654473289847374
2,TSLA,2023-06-23,0.0010150100570172071,-0.03073851205408573
2,TSLA,2023-06-26,0.0010663203429430723,-0.06251408159732819
2,TSLA,2023-06-27,0.0012391130439937115,0.037296198308467865
2,TSLA,2023-06-28,0.0011788205010816455,0.023813875392079353
2,TSLA,2023-06-29,0.001071781967766583,0.00490525271743536
2,TSLA,2023-06-30,0.0010131833842024207,0.016446493566036224
2,TSLA,2023-07-03,0.0009677328635007143,0.06668034940958023
2,TSLA,2023-07-05,0.0010027866810560226,0.009461225010454655
2,TSLA,2023-07-06,0.001083661918528378,-0.021252285689115524
2,TSLA,2023-07-07,0.001086747506633401,-0.0076593137346208096
2,TSLA,2023-07-10,0.0010833918349817395,-0.017719777300953865
2,TSLA,2023-07-11,0.0010786352213472128,0.0006674942560493946
2,TSLA,2023-07-12,0.0010809792438521981,0.008121354505419731
2,TSLA,2023-07-13,0.0010857540182769299,0.02149605005979538
2,TSLA,2023-07-14,0.0011194070102646947,0.012444771826267242
2,TSLA,2023-07-17,0.0011296526063233614,0.03148433938622475
2,TSLA,2023-07-18,0.0011606274638324976,0.010141906328499317
2,TSLA,2023-07-19,0.001165539724752307,-0.0071159605868160725
2,TSLA,2023-07-20,0.0011483445996418595,-0.1024426594376564
2,TSLA,2023-07-21,0.001014414825476706,-0.011015200056135654
2,TSLA,2023-07-24,0.0011278123129159212,0.03417588397860527
2,TSLA,2023-07-25,0.0010916047031059861,-0.014148526825010777
2,TSLA,2023-07-26,0.001081844442524016,-0.003511861665174365
2,TSLA,2023-07-27,0.0010625389404594898,-0.03322998806834221
2,TSLA,2023-07-28,0.0010991401504725218,0.04110506922006607
2,TSLA,2023-07-31,0.001028295373544097,0.0037087358068674803
2,TSLA,2023-08-01,0.001020375406369567,-0.024069223552942276
2,TSLA,2023-08-02,0.0010141127277165651,-0.02702135220170021
2,TSLA,2023-08-03,0.0009915294358506799,0.020295601338148117
2,TSLA,2023-08-04,0.0009750714525580406,-0.021279912441968918
2,TSLA,2023-08-07,0.0009865759639069438,-0.009538785554468632
2,TSLA,2023-08-08,0.0009696785127744079,-0.006983965635299683
2,TSLA,2023-08-09,0.000985262100584805,-0.03053763322532177
2,TSLA,2023-08-10,0.0011158956913277507,0.0129224369302392
2,TSLA,2023-08-11,0.0011024546111002564,-0.011024937964975834
2,TSLA,2023-08-14,0.001097730128094554,-0.01198165025562048
2,TSLA,2023-08-15,0.0010914033045992255,-0.02877160534262657
2,TSLA,2023-08-16,0.0011946558952331543,-0.032103247940540314
2,TSLA,2023-08-17,0.0012528150109574199,-0.028687750920653343
2,TSLA,2023-08-18,0.0013107223203405738,-0.01716126687824726
2,TSLA,2023-08-21,0.0013097655028104782,0.0707145631313324
2,TSLA,2023-08-22,0.0012523846235126257,0.008224490098655224
2,TSLA,2023-08-23,0.001202310319058597,0.015615669079124928
2,TSLA,2023-08-24,0.0011105394223704934,-0.02921607345342636
2,TSLA,2023-08-25,0.0011056455550715327,0.03649340569972992
2,TSLA,2023-08-28,0.000968172331340611,0.0009635784663259983
2,TSLA,2023-08-29,0.0008758887415751815,0.07406604290008545
2,TSLA,2023-08-30,0.0008811626466922462,-0.0010893200524151325
2,TSLA,2023-08-31,0.0009103475022129714,0.004582682158797979
2,TSLA,2023-09-01,0.0009562557679601014,-0.05197056010365486
2,TSLA,2023-09-05,0.0009378247195854783,0.04579063504934311
2,TSLA,2023-09-06,0.0009968307567760348,-0.017978070303797722
2,TSLA,2023-09-07,0.0010003146016970277,-0.0017083203420042992
2,TSLA,2023-09-08,0.000998954870738089,-0.011960403993725777
2,TSLA,2023-09-11,0.0009883202146738768,0.0961511880159378
2,TSLA,2023-09-12,0.0010414891876280308,-0.02254919707775116
2,TSLA,2023-09-13,0.0010315458057448268,0.014180336147546768
2,TSLA,2023-09-14,0.0010472850408405066,0.01732063852250576
2,TSLA,2023-09-15,0.0010754534741863608,-0.005995308514684439
2,TSLA,2023-09-18,0.001088564982637763,-0.033764638006687164
2,TSLA,2023-09-19,0.0010619530221447349,0.004588376265019178
2,TSLA,2023-09-20,0.0010651667835190892,-0.0147803770378232
2,TSLA,2023-09-21,0.0010458383476361632,-0.02658899687230587
2,TSLA,2023-09-22,0.0010112697491422296,-0.04323655739426613
2,TSLA,2023-09-25,0.0010335372062399983,0.00857955776154995
2,TSLA,2023-09-26,0.0010212360648438334,-0.011687985621392727
2,TSLA,2023-09-27,0.001027141697704792,-0.014939798042178154
2,TSLA,2023-09-28,0.0010262764990329742,0.024154987186193466
2,TSLA,2023-09-29,0.0010150832822546363,0.015465456061065197
2,TSLA,2023-10-02,0.0010249076876789331,0.0055000134743750095
2,TSLA,2023-10-03,0.0010544175747781992,-0.020356863737106323
2,TSLA,2023-10-04,0.0010088159469887614,0.05764957517385483
2,TSLA,2023-10-05,0.0010704543674364686,-0.004259387031197548
2,TSLA,2023-10-06,0.0011099717812612653,0.0018441397696733475
2,TSLA,2023-10-09,0.0011163260787725449,-0.003306367201730609
2,TSLA,2023-10-10,0.0011021570535376668,0.015097009018063545
2,TSLA,2023-10-11,0.0011289521353319287,-0.002392682246863842
2,TSLA,2023-10-12,0.0011361625511199236,-0.01578998565673828
2,TSLA,2023-10-13,0.001123870606534183,-0.03039509244263172
2,TSLA,2023-10-16,0.0010557726491242647,0.0110883554443717
2,TSLA,2023-10-17,0.001084298244677484,0.0036559109576046467
2,TSLA,2023-10-18,0.0010850674007087946,-0.048931486904621124
2,TSLA,2023-10-19,0.0010008731624111533,-0.09761624783277512
2,TSLA,2023-10-20,0.0013121414231136441,-0.037588294595479965
2,TSLA,2023-10-23,0.0014364985981956124,0.0004244409501552582
2,TSLA,2023-10-24,0.0014643421163782477,0.020719371736049652
2,TSLA,2023-10-25,0.001378957531414926,-0.019117502495646477
2,TSLA,2023-10-26,0.0012052677338942885,-0.0318550243973732
2,TSLA,2023-10-27,0.0009148934623226523,0.007456619758158922
2,TSLA,2023-10-30,0.0006877781706862152,-0.04913755878806114
2,TSLA,2023-10-31,0.00043237084173597395,0.017479076981544495
2,TSLA,2023-11-01,0.0003054042172152549,0.023715784773230553
2,TSLA,2023-11-02,0.00043161545181646943,0.0606074184179306
2,TSLA,2023-11-03,0.0007263067527674139,0.006613987032324076
2,TSLA,2023-11-06,0.0009416931425221264,-0.003141875611618161
2,TSLA,2023-11-07,0.0010922686196863651,0.013183964416384697
2,TSLA,2023-11-08,0.0011883198749274015,-0.00031507379026152194
2,TSLA,2023-11-09,0.0011870517628267407,-0.056160490959882736
2,TSLA,2023-11-10,0.0012154995929449797,0.021996498107910156
2,TSLA,2023-11-13,0.0011889744782820344,0.041341833770275116
2,TSLA,2023-11-14,0.0010857220040634274,0.05943801999092102
2,TSLA,2023-11-15,0.000980308628641069,0.02261415496468544
2,TSLA,2023-11-16,0.0009253313182853162,-0.038835350424051285
2,TSLA,2023-11-17,0.0009705483680590987,0.0030349320732057095
2,TSLA,2023-11-20,0.000995159731246531,0.005533119197934866
2,TSLA,2023-11-21,0.0010059501510113478,0.02349097467958927
2,TSLA,2023-11-22,0.0010097086196765304,-0.029408274218440056
2,TSLA,2023-11-24,0.0010183198610320687,0.005280385725200176
2,TSLA,2023-11-27,0.0010222295532003045,0.0026721747126430273
2,TSLA,2023-11-28,0.0010259789414703846,0.044083356857299805
2,TSLA,2023-11-29,0.0010647318558767438,-0.010512266308069229
2,TSLA,2023-11-30,0.0010659038089215755,-0.016769619658589363
2,TSLA,2023-12-01,0.001061861403286457,-0.005220199469476938
2,TSLA,2023-12-04,0.0010624474380165339,-0.013701443560421467
2,TSLA,2023-12-05,0.0010148131987079978,0.013240755535662174
2,TSLA,2023-12-06,0.0010202426929026842,0.0027191294357180595
2,TSLA,2023-12-07,0.0010302182054147124,0.013568409718573093
2,TSLA,2023-12-08,0.001078946515917778,0.004933396354317665
2,TSLA,2023-12-11,0.0011397425550967455,-0.016957230865955353
2,TSLA,2023-12-12,0.0011519017862156034,-0.011452714912593365
2,TSLA,2023-12-13,0.0011358557967469096,0.009573866613209248
2,TSLA,2023-12-14,0.0011839387007057667,0.04797596111893654
2,TSLA,2023-12-15,0.0012269355356693268,0.00971168838441372
2,TSLA,2023-12-18,0.0012890729121863842,-0.005617318209260702
2,TSLA,2023-12-19,0.001306141959503293,0.020185250788927078
2,TSLA,2023-12-20,0.0013306160690262914,-0.039976779371500015
2,TSLA,2023-12-21,0.0012737319339066744,0.029345860704779625
2,TSLA,2023-12-22,0.0012772295158356428,-0.007731210440397263
2,TSLA,2023-12-26,0.0012706280685961246,0.015987740829586983
2,TSLA,2023-12-27,0.0012874522944912314,0.0186474546790123
2,TSLA,2023-12-28,0.0012863993179053068,-0.03210415318608284
2,TSLA,2023-12-29,0.0012716901255771518,-0.01873832754790783
2,TSLA,2024-01-02,0.0012431370560079813,-0.00024148747615981847
2,TSLA,2024-01-03,0.0012231997679919004,-0.04096122458577156
2,TSLA,2024-01-04,0.0011276794830337167,-0.0021831500343978405
2,TSLA,2024-01-05,0.0010413702111691236,-0.0018509415676817298
2,TSLA,2024-01-08,0.001040669740177691,0.012386614456772804
2,TSLA,2024-01-09,0.0010461451020091772,-0.023096838966012
2,TSLA,2024-01-10,0.0010327819036319852,-0.004350632894784212
2,TSLA,2024-01-11,0.0010324568720534444,-0.029145965352654457
2,TSLA,2024-01-12,0.0010280573042109609,-0.0373493991792202
2,TSLA,2024-01-16,0.0011065977159887552,0.004649070557206869
2,TSLA,2024-01-17,0.0011426404817029834,-0.020025473088026047
2,TSLA,2024-01-18,0.0012616505846381187,-0.017172815278172493
2,TSLA,2024-01-19,0.0013045556843280792,0.0014620114816352725
2,TSLA,2024-01-22,0.0013204413698986173,-0.01610524021089077
2,TSLA,2024-01-23,0.0013725804165005684,0.0016270106425508857
2,TSLA,2024-01-24,0.0013614649651572108,-0.006283434573560953
2,TSLA,2024-01-25,0.001371060498058796,-0.1292581707239151
2,TSLA,2024-01-26,0.0014653813559561968,0.0033890658523887396
2,TSLA,2024-01-29,0.0013644818682223558,0.04105548933148384
2,TSLA,2024-01-30,0.0013978281058371067,0.003450822550803423
2,TSLA,2024-01-31,0.0013565024128183722,-0.022699469700455666
2,TSLA,2024-02-01,0.001358713605441153,0.008347821421921253
2,TSLA,2024-02-02,0.0013343081809580326,-0.005042859353125095
2,TSLA,2024-02-05,0.0013130020815879107,-0.03713468834757805
2,TSLA,2024-02-06,0.001325738150626421,0.022067798301577568
2,TSLA,2024-02-07,0.0013047022512182593,0.013309177942574024
2,TSLA,2024-02-08,0.0012973224511370063,0.01050015352666378
2,TSLA,2024-02-09,0.0012902036542072892,0.02093365788459778
2,TSLA,2024-02-12,0.0012434163363650441,-0.028506003320217133
2,TSLA,2024-02-13,0.0012171384878456593,-0.02208876796066761
2,TSLA,2024-02-14,0.0012025301111862063,0.025167010724544525
2,TSLA,2024-02-15,0.0010885465890169144,0.060353342443704605
2,TSLA,2024-02-16,0.0009608566761016846,-0.0024975037667900324
2,TSLA,2024-02-20,0.0009737163200043142,-0.031447067856788635
2,TSLA,2024-02-21,0.0009778410894796252,0.005199145525693893
2,TSLA,2024-02-22,0.0009822177235037088,0.013463405892252922
2,TSLA,2024-02-23,0.0010310971410945058,-0.02794368751347065
2,TSLA,2024-02-26,0.0009944959310814738,0.037973709404468536
2,TSLA,2024-02-27,0.0010583775583654642,0.0016536061884835362
2,TSLA,2024-02-28,0.0010581349488347769,0.011499231681227684
2,TSLA,2024-02-29,0.0010906296083703637,-0.0007921787328086793
2,TSLA,2024-03-01,0.0011087494203820825,0.0037575173191726208
2,TSLA,2024-03-04,0.0011268967064097524,-0.07424464076757431
2,TSLA,2024-03-05,0.0010173172922804952,-0.04012679681181908
2,TSLA,2024-03-06,0.0011903754202648997,-0.02351212315261364
2,TSLA,2024-03-07,0.0013443157076835632,0.011881108395755291
2,TSLA,2024-03-08,0.001381406793370843,-0.018701624125242233
2,TSLA,2024-03-11,0.0014234192203730345,0.013763678260147572
2,TSLA,2024-03-12,0.0014083529822528362,-0.0012947061331942677
2,TSLA,2024-03-13,0.0013916706666350365,-0.04646099731326103
2,TSLA,2024-03-14,0.0014154443051666021,-0.04205689951777458
2,TSLA,2024-03-15,0.0014364024391397834,0.006563075818121433
2,TSLA,2024-03-18,0.0014136177487671375,0.06066415086388588
2,TSLA,2024-03-19,0.0013429835671558976,-0.01437203399837017
2,TSLA,2024-03-20,0.0013430063845589757,0.025017132982611656
2,TSLA,2024-03-21,0.0012816289672628045,-0.016299696639180183
2,TSLA,2024-03-22,0.001215293537825346,-0.011581712402403355
2,GOOGL,2023-06-06,0.0005108852055855095,0.010263851843774319
2,GOOGL,2023-06-07,0.000452764390502125,-0.038514021784067154
2,GOOGL,2023-06-08,0.0005141383735463023,-0.002943090396001935
2,GOOGL,2023-06-09,0.0005087858298793435,0.0007366637582890689
2,GOOGL,2023-06-12,0.0004988756845705211,0.011469529010355473
2,GOOGL,2023-06-13,0.0004504435637500137,0.001535490620881319
2,GOOGL,2023-06-14,0.00044903953676111996,-0.001292917411774397
2,GOOGL,2023-06-15,0.00044407451059669256,0.011416852474212646
2,GOOGL,2023-06-16,0.0004526802513282746,-0.012549488805234432
2,GOOGL,2023-06-20,0.0004482865915633738,-0.003486971603706479
2,GOOGL,2023-06-21,0.00045210003736428916,-0.020932432264089584
2,GOOGL,2023-06-22,0.00046236003981903195,0.021338460966944695
2,GOOGL,2023-06-23,0.00045855544158257544,-0.006599122658371925
2,GOOGL,2023-06-26,0.0004736741539090872,-0.03324209526181221
2,GOOGL,2023-06-27,0.0004670482303481549,-8.45579052111134e-05
2,GOOGL,2023-06-28,0.00046397221740335226,0.015513227321207523
2,GOOGL,2023-06-29,0.00045839601079933345,-0.009026977233588696
2,GOOGL,2023-06-30,0.00045830520684830844,0.005024879705160856
2,GOOGL,2023-07-03,0.00046465208288282156,0.001669642748311162
2,GOOGL,2023-07-05,0.00046192819718271494,0.015311766415834427
2,GOOGL,2023-07-06,0.000489811587613076,-0.01356191374361515
2,GOOGL,2023-07-07,0.0004963821265846491,-0.0052588945254683495
2,GOOGL,2023-07-10,0.0004893531440757215,-0.025687094777822495
2,GOOGL,2023-07-11,0.00047208191244862974,0.005907753482460976
2,GOOGL,2023-07-12,0.00046998029574751854,0.015165366232395172
2,GOOGL,2023-07-13,0.00047001129132695496,0.04609192535281181
2,GOOGL,2023-07-14,0.0005001889658160508,0.007041058503091335
2,GOOGL,2023-07-17,0.0005230829119682312,-0.006158210337162018
2,GOOGL,2023-07-18,0.0005305171944200993,-0.007165617309510708
2,GOOGL,2023-07-19,0.0005108010373078287,-0.014077381230890751
2,GOOGL,2023-07-20,0.0004895989550277591,-0.02346419356763363
2,GOOGL,2023-07-21,0.00046964368084445596,0.006855745799839497
2,GOOGL,2023-07-24,0.00047881412319839,0.012502803467214108
2,GOOGL,2023-07-25,0.00047159247333183885,0.005579567514359951
2,GOOGL,2023-07-26,0.0004766327911056578,0.056162551045417786
2,GOOGL,2023-07-27,0.0004700577992480248,0.0010050467681139708
2,GOOGL,2023-07-28,0.0004835798463318497,0.024277999997138977
2,GOOGL,2023-07-31,0.00048589182551950216,0.0010552468011155725
2,GOOGL,2023-08-01,0.0004841113113798201,-0.008854500018060207
2,GOOGL,2023-08-02,0.00046719660167582333,-0.02439242973923683
2,GOOGL,2023-08-03,0.00047378268209286034,0.0005449639284051955
2,GOOGL,2023-08-04,0.0005116204265505075,-0.002650466514751315
2,GOOGL,2023-08-07,0.0005581259028986096,0.026345795020461082
2,GOOGL,2023-08-08,0.000512920378241688,-0.0009886457119137049
2,GOOGL,2023-08-09,0.0004922830266878009,-0.013330656103789806
2,GOOGL,2023-08-10,0.0005065136938355863,0.00023137136304285377
2,GOOGL,2023-08-11,0.0005145325558260083,-0.0010030358098447323
2,GOOGL,2023-08-14,0.0005085643497295678,0.013569360598921776
2,GOOGL,2023-08-15,0.0004929584683850408,-0.011872531846165657
2,GOOGL,2023-08-16,0.0005474495701491833,-0.008356798440217972
2,GOOGL,2023-08-17,0.000592971860896796,0.009434918873012066
2,GOOGL,2023-08-18,0.0005546645843423903,-0.019116338342428207
2,GOOGL,2023-08-21,0.0005756540922448039,0.007114058826118708
2,GOOGL,2023-08-22,0.0005028641317039728,0.005515637807548046
2,GOOGL,2023-08-23,0.0004629380418919027,0.025168683379888535
2,GOOGL,2023-08-24,0.0004674202937167138,-0.019760161638259888
2,GOOGL,2023-08-25,0.00045728651457466185,0.0007700010901317
2,GOOGL,2023-08-28,0.00046785431914031506,0.008662617765367031
2,GOOGL,2023-08-29,0.0004913041484542191,0.026811139658093452
2,GOOGL,2023-08-30,0.0005157527630217373,0.009687567129731178
2,GOOGL,2023-08-31,0.0005392557941377163,0.0021318038925528526
2,GOOGL,2023-09-01,0.0005439262604340911,-0.0037520560435950756
2,GOOGL,2023-09-05,0.0005396499764174223,0.0008103408035822213
2,GOOGL,2023-09-06,0.0005470376927405596,-0.009695454500615597
2,GOOGL,2023-09-07,0.0005321470671333373,0.005931982304900885
2,GOOGL,2023-09-08,0.000531664292793721,0.008246234618127346
2,GOOGL,2023-09-11,0.000541341898497194,0.003951887600123882
2,GOOGL,2023-09-12,0.0005490684416145086,-0.011606820859014988
2,GOOGL,2023-09-13,0.0005334802553988993,0.010071630589663982
2,GOOGL,2023-09-14,0.0005441565881483257,0.01011623628437519
2,GOOGL,2023-09-15,0.0005590449436567724,-0.005081458482891321
2,GOOGL,2023-09-18,0.0005488846218213439,0.005877709947526455
2,GOOGL,2023-09-19,0.000546094321180135,-0.001230747438967228
2,GOOGL,2023-09-20,0.0005468229064717889,-0.031645774841308594
2,GOOGL,2023-09-21,0.0004961119848303497,-0.024984387680888176
2,GOOGL,2023-09-22,0.0006161980563774705,-0.0014575052773579955
2,GOOGL,2023-09-25,0.0006494029657915235,0.006581032648682594
2,GOOGL,2023-09-26,0.0006422344595193863,-0.019563116133213043
2,GOOGL,2023-09-27,0.0006685233674943447,0.0152060491964221
2,GOOGL,2023-09-28,0.0006474541733041406,0.013468055985867977
2,GOOGL,2023-09-29,0.0006147187086753547,-0.011019840836524963
2,GOOGL,2023-10-02,0.0006140897748991847,0.02497965656220913
2,GOOGL,2023-10-03,0.0005359273054637015,-0.013053405098617077
2,GOOGL,2023-10-04,0.0005059068789705634,0.0209969375282526
2,GOOGL,2023-10-05,0.0004345386696513742,-0.0012579065514728427
2,GOOGL,2023-10-06,0.00042916840175166726,0.018412338569760323
2,GOOGL,2023-10-09,0.00043506131623871624,0.006086931563913822
2,GOOGL,2023-10-10,0.000457671849289909,-0.0026042135432362556
2,GOOGL,2023-10-11,0.0004633122880477458,0.017875105142593384
2,GOOGL,2023-10-12,0.00047514462494291365,-0.011305459775030613
2,GOOGL,2023-10-13,0.00046011447557248175,-0.011652914807200432
2,GOOGL,2023-10-16,0.00044376225559972227,0.012587953358888626
2,GOOGL,2023-10-17,0.0004508133861236274,0.004447300452739
2,GOOGL,2023-10-18,0.00045132936793379486,-0.012676458805799484
2,GOOGL,2023-10-19,0.00045757440966553986,-0.0015233849408105016
2,GOOGL,2023-10-20,0.00048492185305804014,-0.015731189399957657
2,GOOGL,2023-10-23,0.0005587991327047348,0.00661546690389514
2,GOOGL,2023-10-24,0.0005570584908127785,0.016781412065029144
2,GOOGL,2023-10-25,0.0004734394315164536,-0.0999242439866066
2,GOOGL,2023-10-26,0.0006897852290421724,-0.026868464425206184
2,GOOGL,2023-10-27,0.0006183084915392101,-0.0008999672718346119
2,GOOGL,2023-10-30,0.00048000997048802674,0.018570879474282265
2,GOOGL,2023-10-31,0.0004038760671392083,-0.0030578235164284706
2,GOOGL,2023-11-01,0.0003244047984480858,0.018920432776212692
2,GOOGL,2023-11-02,0.0003578068281058222,0.008190910331904888
2,GOOGL,2023-11-03,0.0004252397920936346,0.012549538165330887
2,GOOGL,2023-11-06,0.0005115628591738641,0.008868384175002575
2,GOOGL,2023-11-07,0.0005901615950278938,0.00551270367577672
2,GOOGL,2023-11-08,0.0006216989713720977,0.0066207535564899445
2,GOOGL,2023-11-09,0.0006201864453032613,-0.012210399843752384
2,GOOGL,2023-11-10,0.0006220466457307339,0.017882879823446274
2,GOOGL,2023-11-13,0.0006024235626682639,-0.003778268815949559
2,GOOGL,2023-11-14,0.000558668514713645,0.011516468599438667
2,GOOGL,2023-11-15,0.0005413861363194883,0.007455931045114994
2,GOOGL,2023-11-16,0.0005063830176368356,0.01701412722468376
2,GOOGL,2023-11-17,0.00048187904758378863,-0.011901495978236198
2,GOOGL,2023-11-20,0.00048923579743132,0.00692283408716321
2,GOOGL,2023-11-21,0.00048016058281064034,0.005270581692457199
2,GOOGL,2023-11-22,0.0004684677696786821,0.011035955511033535
2,GOOGL,2023-11-24,0.00046743135317228734,-0.013082088902592659
2,GOOGL,2023-11-27,0.0004713289672508836,-0.002050667069852352
2,GOOGL,2023-11-28,0.00046978762838989496,0.005774502642452717
2,GOOGL,2023-11-29,0.0004775053239427507,-0.016238950192928314
2,GOOGL,2023-11-30,0.00047057378105819225,-0.018391834571957588
2,GOOGL,2023-12-01,0.0005184944020584226,-0.005068143364042044
2,GOOGL,2023-12-04,0.0005618419381789863,-0.019837353378534317
2,GOOGL,2023-12-05,0.0006193582084961236,0.013217722997069359
2,GOOGL,2023-12-06,0.0005933527718298137,-0.0074326773174107075
2,GOOGL,2023-12-07,0.0006052493117749691,0.05178161337971687
2,GOOGL,2023-12-08,0.00048552421503700316,-0.014269327744841576
2,GOOGL,2023-12-11,0.0004805724893230945,-0.012673383578658104
2,GOOGL,2023-12-12,0.00048676657024770975,-0.005793721880763769
2,GOOGL,2023-12-13,0.0004894129233434796,0.0003772304335143417
2,GOOGL,2023-12-14,0.0004965548869222403,-0.004763442557305098
2,GOOGL,2023-12-15,0.0004978924407623708,0.00498961890116334
2,GOOGL,2023-12-18,0.0004982755635865033,0.023846257477998734
2,GOOGL,2023-12-19,0.000503393413964659,0.006239811424165964
2,GOOGL,2023-12-20,0.0005150485667400062,0.01229124516248703
2,GOOGL,2023-12-21,0.0005289249238558114,0.014923754148185253
2,GOOGL,2023-12-22,0.0005501491250470281,0.007590982131659985
2,GOOGL,2023-12-26,0.0005566864856518805,0.00021213725267443806
2,GOOGL,2023-12-27,0.0005647496436722577,-0.008159367367625237
2,GOOGL,2023-12-28,0.0005591601366177201,-0.0009979279711842537
2,GOOGL,2023-12-29,0.0005636910791508853,-0.0038582070264965296
2,GOOGL,2024-01-02,0.0005623025936074555,-0.010940850712358952
2,GOOGL,2024-01-03,0.0005465261056087911,0.005413418170064688
2,GOOGL,2024-01-04,0.0005564539460465312,-0.018379826098680496
2,GOOGL,2024-01-05,0.0005382990930229425,-0.004850856959819794
2,GOOGL,2024-01-08,0.000532778212800622,0.022654622793197632
2,GOOGL,2024-01-09,0.000555045495275408,0.015083074569702148
2,GOOGL,2024-01-10,0.0005626723868772388,0.009391644038259983
2,GOOGL,2024-01-11,0.0005811904557049274,-0.0014066682197153568
2,GOOGL,2024-01-12,0.0005763627123087645,0.004003886133432388
2,GOOGL,2024-01-16,0.0005786658730357885,-0.001122083282098174
2,GOOGL,2024-01-17,0.000588901515584439,-0.007184446323662996
2,GOOGL,2024-01-18,0.000588507333304733,0.014108018949627876
2,GOOGL,2024-01-19,0.0005917317466810346,0.020010333508253098
2,GOOGL,2024-01-22,0.0006048927898518741,-0.00266749644652009
2,GOOGL,2024-01-23,0.0005988426273688674,0.007166218012571335
2,GOOGL,2024-01-24,0.0006022109882906079,0.011226031929254532
2,GOOGL,2024-01-25,0.0006125064101070166,0.021094026044011116
2,GOOGL,2024-01-26,0.0006154163274914026,0.0021049303468316793
2,GOOGL,2024-01-29,0.0006120657199062407,0.00863625481724739
2,GOOGL,2024-01-30,0.0006088900263421237,-0.013444250449538231
2,GOOGL,2024-01-31,0.0005921103875152767,-0.07796505838632584
2,GOOGL,2024-02-01,0.0005952395731583238,0.0075375898741185665
2,GOOGL,2024-02-02,0.0006763252313248813,0.008605411276221275
2,GOOGL,2024-02-05,0.0006897475686855614,0.00908895954489708
2,GOOGL,2024-02-06,0.0006777669186703861,0.002918984740972519
2,GOOGL,2024-02-07,0.000655984622426331,0.009943420067429543
2,GOOGL,2024-02-08,0.0005739488988183439,0.0025391154922544956
2,GOOGL,2024-02-09,0.0005276426672935486,0.020956171676516533
2,GOOGL,2024-02-12,0.0005295649170875549,-0.009914534166455269
2,GOOGL,2024-02-13,0.0005449848249554634,-0.01633281633257866
2,GOOGL,2024-02-14,0.0005199958686716855,0.005496679339557886
2,GOOGL,2024-02-15,0.0005282096099108458,-0.021960509940981865
2,GOOGL,2024-02-16,0.0005056455847807229,-0.015885228291153908
2,GOOGL,2024-02-20,0.000502961571328342,0.004260765854269266
2,GOOGL,2024-02-21,0.0005124774761497974,0.010082137770950794
2,GOOGL,2024-02-22,0.0005091268685646355,0.010745462961494923
2,GOOGL,2024-02-23,0.0005090294289402664,-0.0009027495980262756
2,GOOGL,2024-02-26,0.0005051871994510293,-0.045402348041534424
2,GOOGL,2024-02-27,0.0005699914763681591,0.00947741698473692
2,GOOGL,2024-02-28,0.0005704056238755584,-0.018165482208132744
2,GOOGL,2024-02-29,0.0006313720950856805,0.015136506408452988
2,GOOGL,2024-03-01,0.0005886778817512095,-0.009579152800142765
2,GOOGL,2024-03-04,0.0005946062155999243,-0.028025124222040176
2,GOOGL,2024-03-05,0.00066744489595294,-0.00511243287473917
2,GOOGL,2024-03-06,0.0006724785780534148,-0.009618480689823627
2,GOOGL,2024-03-07,0.0006792993517592549,0.022425180301070213
2,GOOGL,2024-03-08,0.0006652347510680556,0.007635630667209625
2,GOOGL,2024-03-11,0.0006588236428797245,0.016552241519093513
2,GOOGL,2024-03-12,0.0006109849782660604,0.006010944023728371
2,GOOGL,2024-03-13,0.0005455893697217107,0.009270928800106049
2,GOOGL,2024-03-14,0.0004992300528101623,0.023402439430356026
2,GOOGL,2024-03-15,0.0005050565232522786,-0.013508213683962822
2,GOOGL,2024-03-18,0.000524706207215786,0.045012217015028
2,GOOGL,2024-03-19,0.0005304662045091391,-0.004411124624311924
2,GOOGL,2024-03-20,0.0005388438585214317,0.011563213542103767
2,GOOGL,2024-03-21,0.00054182019084692,-0.007693967781960964
2,GOOGL,2024-03-22,0.0005314339650794864,0.02124977484345436
2,AMZN,2023-06-06,0.0005433482583612204,0.010400613769888878
2,AMZN,2023-06-07,0.0005357979680411518,-0.0434219054877758
2,AMZN,2023-06-08,0.0005901993135921657,0.024606069549918175
2,AMZN,2023-06-09,0.0005708590033464134,-0.006621468812227249
2,AMZN,2023-06-12,0.0005872024921700358,0.02512131631374359
2,AMZN,2023-06-13,0.00054162711603567,0.0007108476129360497
2,AMZN,2023-06-14,0.0005401616217568517,-0.001896677422337234
2,AMZN,2023-06-15,0.0005354385357350111,0.005443174857646227
2,AMZN,2023-06-16,0.0005441430257633328,-0.012826800346374512
2,AMZN,2023-06-20,0.0005366357509046793,0.0023082823026925325
2,AMZN,2023-06-21,0.0005403944524005055,-0.007581513375043869
2,AMZN,2023-06-22,0.0005443759146146476,0.041734758764505386
2,AMZN,2023-06-23,0.0005596005939878523,-0.006320293061435223
2,AMZN,2023-06-26,0.0005629037041217089,-0.015585134737193584
2,AMZN,2023-06-27,0.0005349778803065419,0.01442456804215908
2,AMZN,2023-06-28,0.000559319625608623,-0.0010843421332538128
2,AMZN,2023-06-29,0.000559319625608623,-0.008873661048710346
2,AMZN,2023-06-30,0.0005477828090079129,0.019051138311624527
2,AMZN,2023-07-03,0.0005840588128194213,-0.0010745214531198144
2,AMZN,2023-07-05,0.0005940820556133986,0.0012279637157917023
2,AMZN,2023-07-06,0.0006021208828315139,-0.015614479780197144
2,AMZN,2023-07-07,0.0005801456863991916,0.011001878418028355
2,AMZN,2023-07-10,0.0005877643707208335,-0.02063053660094738
2,AMZN,2023-07-11,0.0005585527396760881,0.01289534941315651
2,AMZN,2023-07-12,0.0005765464738942683,0.015563949942588806
2,AMZN,2023-07-13,0.0005875391070730984,0.02640666626393795
2,AMZN,2023-07-14,0.0006079728482291102,0.00282541336491704
2,AMZN,2023-07-17,0.0005985773168504238,-0.008350742980837822
2,AMZN,2023-07-18,0.0005864633712917566,-0.005480668041855097
2,AMZN,2023-07-19,0.0005596005939878523,0.018867772072553635
2,AMZN,2023-07-20,0.0005802190862596035,-0.040711138397455215
2,AMZN,2023-07-21,0.0005496026715263724,0.0003076879947911948
2,AMZN,2023-07-24,0.0005505088483914733,-0.00927361287176609
2,AMZN,2023-07-25,0.0006007439806126058,0.002558849286288023
2,AMZN,2023-07-26,0.000608205737080425,-0.007618281524628401
2,AMZN,2023-07-27,0.0006334409699775279,0.0007800788735039532
2,AMZN,2023-07-28,0.0006286849966272712,0.03041013330221176
2,AMZN,2023-07-31,0.0005563937011174858,0.011057211086153984
2,AMZN,2023-08-01,0.0005510099581442773,-0.014998135156929493
2,AMZN,2023-08-02,0.00055062270257622,-0.026781097054481506
2,AMZN,2023-08-03,0.0005353018641471863,0.00544491782784462
2,AMZN,2023-08-04,0.0005401312373578548,0.07945180684328079
2,AMZN,2023-08-07,0.0005346969119273126,0.018808843567967415
2,AMZN,2023-08-08,0.0005678343586623669,-0.01616138592362404
2,AMZN,2023-08-09,0.0005722764763049781,-0.015047594904899597
2,AMZN,2023-08-10,0.0005501468549482524,0.005137245636433363
2,AMZN,2023-08-11,0.0005437912186607718,-0.0010831058025360107
2,AMZN,2023-08-14,0.0005391491577029228,0.015485316514968872
2,AMZN,2023-08-15,0.0005567860207520425,-0.020846134051680565
2,AMZN,2023-08-16,0.0005426116986200213,-0.019066287204623222
2,AMZN,2023-08-17,0.0005444316193461418,-0.008102713152766228
2,AMZN,2023-08-18,0.0005958715919405222,-0.005688596982508898
2,AMZN,2023-08-21,0.0006334359059110284,0.010899635031819344
2,AMZN,2023-08-22,0.0006069325609132648,-0.0031978064216673374
2,AMZN,2023-08-23,0.0005948413745500147,0.009415528737008572
2,AMZN,2023-08-24,0.0005787156405858696,-0.02753022313117981
2,AMZN,2023-08-25,0.0006681199301965535,0.01071302779018879
2,AMZN,2023-08-28,0.0006288166041485965,-0.0009008643100969493
2,AMZN,2023-08-29,0.0006102609913796186,0.013206714764237404
2,AMZN,2023-08-30,0.0005552420043386519,0.0011853001778945327
2,AMZN,2023-08-31,0.0005554799572564662,0.02153288945555687
2,AMZN,2023-09-01,0.0005697048618458211,0.0007967306883074343
2,AMZN,2023-09-05,0.0005685076466761529,-0.006173016503453255
2,AMZN,2023-09-06,0.0005783739034086466,-0.014011920429766178
2,AMZN,2023-09-07,0.0005481371772475541,0.018228281289339066
2,AMZN,2023-09-08,0.0005690366378985345,0.0027527520433068275
2,AMZN,2023-09-11,0.0005831653252243996,0.034624796360731125
2,AMZN,2023-09-12,0.0006096104625612497,-0.013153992593288422
2,AMZN,2023-09-13,0.0006001542205922306,0.02530902996659279
2,AMZN,2023-09-14,0.000613295822404325,-0.000897916906978935
2,AMZN,2023-09-15,0.0006113037816248834,-0.03037659265100956
2,AMZN,2023-09-18,0.0005515111261047423,-0.0029247349593788385
2,AMZN,2023-09-19,0.0005513213109225035,-0.016930563375353813
2,AMZN,2023-09-20,0.0006070489762350917,-0.01714838668704033
2,AMZN,2023-09-21,0.0007280315621756017,-0.045053280889987946
2,AMZN,2023-09-22,0.0008048004237934947,-0.0016251248307526112
2,AMZN,2023-09-25,0.0007477211183868349,0.016514137387275696
2,AMZN,2023-09-26,0.0007338379509747028,-0.04113311320543289
2,AMZN,2023-09-27,0.0005078113172203302,0.0
2,AMZN,2023-09-28,0.00030840712133795023,0.0
2,AMZN,2023-09-29,0.00022666205768473446,0.009008352644741535
2,AMZN,2023-10-02,0.0002580985601525754,0.018240461125969887
2,AMZN,2023-10-03,0.0003662761300802231,-0.03730076923966408
2,AMZN,2023-10-04,0.0002672840200830251,0.018115852028131485
2,AMZN,2023-10-05,0.00032539095263928175,-0.008222697302699089
2,AMZN,2023-10-06,0.00033567487844266,0.01575331948697567
2,AMZN,2023-10-09,0.0004211381892673671,0.0023417030461132526
2,AMZN,2023-10-10,0.00047677726252004504,0.009466985240578651
2,AMZN,2023-10-11,0.0006259108777157962,0.017986832186579704
2,AMZN,2023-10-12,0.0006888573989272118,0.003785589011386037
2,AMZN,2023-10-13,0.0006722481921315193,-0.01938110776245594
2,AMZN,2023-10-16,0.0006717140786349773,0.021042248234152794
2,AMZN,2023-10-17,0.0006340611143968999,-0.008181258104741573
2,AMZN,2023-10-18,0.0006091219838708639,-0.025733286514878273
2,AMZN,2023-10-19,0.0006711218156851828,0.002104931976646185
2,AMZN,2023-10-20,0.0006924844929017127,-0.025477545335888863
2,AMZN,2023-10-23,0.0007616017828695476,0.011043687351047993
2,AMZN,2023-10-24,0.0007601590477861464,0.015679217875003815
2,AMZN,2023-10-25,0.0007264824816957116,-0.057387202978134155
2,AMZN,2023-10-26,0.0007482425426132977,-0.015106527134776115
2,AMZN,2023-10-27,0.0006379539845511317,0.06609495729207993
2,AMZN,2023-10-30,0.000765180797316134,0.038169413805007935
2,AMZN,2023-10-31,0.0007323622703552246,0.0028592166490852833
2,AMZN,2023-11-01,0.0006663886015303433,0.028955362737178802
2,AMZN,2023-11-02,0.0005926418816670775,0.007779930252581835
2,AMZN,2023-11-03,0.0005418523796834052,0.0038312748074531555
2,AMZN,2023-11-06,0.0005112941726110876,0.00819146167486906
2,AMZN,2023-11-07,0.0004973704926669598,0.021031053736805916
2,AMZN,2023-11-08,0.000496583292260766,-0.004424354061484337
2,AMZN,2023-11-09,0.0004983500111848116,-0.010471269488334656
2,AMZN,2023-11-10,0.0005236232536844909,0.020834026858210564
2,AMZN,2023-11-13,0.000521671783644706,-0.006779695861041546
2,AMZN,2023-11-14,0.0005523666623048484,0.022262487560510635
2,AMZN,2023-11-15,0.0005706261727027595,-0.017993606626987457
2,AMZN,2023-11-16,0.0006328512099571526,-0.0025871084071695805
2,AMZN,2023-11-17,0.0006780545809306204,0.01631917618215084
2,AMZN,2023-11-20,0.0006619439227506518,0.006522369105368853
2,AMZN,2023-11-21,0.0006345192668959498,-0.015378098003566265
2,AMZN,2023-11-22,0.0006772395572625101,0.019339323043823242
2,AMZN,2023-11-24,0.0005989797646179795,0.0002044558059424162
2,AMZN,2023-11-27,0.0005213629920035601,0.006723903585225344
2,AMZN,2023-11-28,0.0005064369761385024,-0.004749615211039782
2,AMZN,2023-11-29,0.0005101627320982516,-0.004840584937483072
2,AMZN,2023-11-30,0.0005052473279647529,-0.001573209068737924
2,AMZN,2023-12-01,0.000504736031871289,0.006413794122636318
2,AMZN,2023-12-04,0.0005170524818822742,-0.015006979927420616
2,AMZN,2023-12-05,0.0004998712101951241,0.013986300677061081
2,AMZN,2023-12-06,0.0005016708746552467,-0.01619802415370941
2,AMZN,2023-12-07,0.0004915742320008576,0.01619802415370941
2,AMZN,2023-12-08,0.0004970262525603175,0.003669682890176773
2,AMZN,2023-12-11,0.0004984664265066385,-0.010432734154164791
2,AMZN,2023-12-12,0.0004958112840540707,0.010839635506272316
2,AMZN,2023-12-13,0.0005018986412324011,0.009179334156215191
2,AMZN,2023-12-14,0.0005206011119298637,-0.009586235508322716
2,AMZN,2023-12-15,0.0005125723546370864,0.017149638384580612
2,AMZN,2023-12-18,0.0005192874232307076,0.026971809566020966
2,AMZN,2023-12-19,0.0005419561639428139,-0.0018191003473475575
2,AMZN,2023-12-20,0.00055289565352723,-0.010918340645730495
2,AMZN,2023-12-21,0.0005340160569176078,0.011243426240980625
2,AMZN,2023-12-22,0.0005520856939256191,-0.002733830828219652
2,AMZN,2023-12-26,0.0005538448458537459,-6.514686538139358e-05
2,AMZN,2023-12-27,0.0005621494492515922,-0.0004564454429782927
2,AMZN,2023-12-28,0.0005649083759635687,0.00026087992591783404
2,AMZN,2023-12-29,0.0005766578251495957,-0.009432812221348286
2,AMZN,2024-01-02,0.0005710336845368147,-0.01331725250929594
2,AMZN,2024-01-03,0.0005336186732165515,-0.009785544127225876
2,AMZN,2024-01-04,0.0005428901640698314,-0.02661905623972416
2,AMZN,2024-01-05,0.0006143968203105032,0.004623714368790388
2,AMZN,2024-01-08,0.0006416646065190434,0.026229677721858025
2,AMZN,2024-01-09,0.0005534904776141047,0.015109877102077007
2,AMZN,2024-01-10,0.0005422016838565469,0.015470650978386402
2,AMZN,2024-01-11,0.0005827375571243465,0.009387897327542305
2,AMZN,2024-01-12,0.0006128452369011939,-0.0036152240354567766
2,AMZN,2024-01-16,0.0006214460008777678,-0.009487311355769634
2,AMZN,2024-01-17,0.000621694081928581,-0.009512302465736866
2,AMZN,2024-01-18,0.0006061377935111523,0.011729719117283821
2,AMZN,2024-01-19,0.0006073780241422355,0.01191567163914442
2,AMZN,2024-01-22,0.0006285787094384432,-0.0036114933900535107
2,AMZN,2024-01-23,0.0006325525464490056,0.00797948520630598
2,AMZN,2024-01-24,0.0006448006606660783,0.005433174781501293
2,AMZN,2024-01-25,0.0006580789340659976,0.005594095680862665
2,AMZN,2024-01-26,0.0006595140439458191,0.008647102862596512
2,AMZN,2024-01-29,0.0006568867829628289,0.013359332457184792
2,AMZN,2024-01-30,0.0006680338410660625,-0.014113732613623142
2,AMZN,2024-01-31,0.0006427529733628035,-0.02418961375951767
2,AMZN,2024-02-01,0.0005700844922102988,0.025949064642190933
2,AMZN,2024-02-02,0.0006027334602549672,0.07572554796934128
2,AMZN,2024-02-05,0.0006391739589162171,-0.008768909610807896
2,AMZN,2024-02-06,0.0006430288776755333,-0.006834432482719421
2,AMZN,2024-02-07,0.0006363340653479099,0.00812536757439375
2,AMZN,2024-02-08,0.0006409280467778444,-0.004054431337863207
2,AMZN,2024-02-09,0.0006325044669210911,0.02678135596215725
2,AMZN,2024-02-12,0.0006406622705981135,-0.012168901972472668
2,AMZN,2024-02-13,0.0006143664359115064,-0.02170298621058464
2,AMZN,2024-02-14,0.0005706818774342537,0.013780304230749607
2,AMZN,2024-02-15,0.0005762756336480379,-0.0069252741523087025
2,AMZN,2024-02-16,0.0005810543661937118,-0.0017094019567593932
2,AMZN,2024-02-20,0.0005811201990582049,-0.014439139515161514
2,AMZN,2024-02-21,0.0005840411176905036,0.008996959775686264
2,AMZN,2024-02-22,0.0005817048950120807,0.03491339087486267
2,AMZN,2024-02-23,0.0005921457777731121,0.002345761051401496
2,AMZN,2024-02-26,0.0006153991562314332,-0.0014869599835947156
2,AMZN,2024-02-27,0.0006304644048213959,-0.00683381874114275
2,AMZN,2024-02-28,0.0006212308653630316,-0.0021920378785580397
2,AMZN,2024-02-29,0.0006207347614690661,0.020576804876327515
2,AMZN,2024-03-01,0.0006602000212296844,0.008225900121033192
2,AMZN,2024-03-04,0.0006809931946918368,-0.0035975270438939333
2,AMZN,2024-03-05,0.0006664316751994193,-0.019676532596349716
2,AMZN,2024-03-06,0.0006288368604145944,-0.0035094853956252337
2,AMZN,2024-03-07,0.0005993872764520347,0.018897105008363724
2,AMZN,2024-03-08,0.0006211017607711256,-0.008348296396434307
2,AMZN,2024-03-11,0.0005964385345578194,-0.019522080197930336
2,AMZN,2024-03-12,0.0005684418138116598,0.01975013129413128
2,AMZN,2024-03-13,0.0005619798321276903,0.006648685783147812
2,AMZN,2024-03-14,0.0005597246345132589,0.012327433563768864
2,AMZN,2024-03-15,0.0005990557256154716,-0.02452200837433338
2,AMZN,2024-03-18,0.0005530323251150548,0.00034392409725114703
2,AMZN,2024-03-19,0.000548008072655648,0.008105519227683544
2,AMZN,2024-03-20,0.0005604308098554611,0.012710239738225937
2,AMZN,2024-03-21,0.0006131641566753387,0.0
2,AMZN,2024-03-22,0.0006182973156683147,0.004033399745821953
2,META,2023-06-06,0.0006193661247380078,-0.0009953344706445932
2,META,2023-06-07,0.0006220091599971056,-0.028128689154982567
2,META,2023-06-08,0.0006606978131458163,0.0037107327952980995
2,META,2023-06-09,0.000705184880644083,0.0013975102920085192
2,META,2023-06-12,0.0007269905181601644,0.022762088105082512
2,META,2023-06-13,0.0006539862370118499,0.0009957050206139684
2,META,2023-06-14,0.0006444577011279762,0.007454090751707554
2,META,2023-06-15,0.0006396810058504343,0.030551055446267128
2,META,2023-06-16,0.0006723133847117424,-0.0029495269991457462
2,META,2023-06-20,0.0006748259766027331,0.011780914850533009
2,META,2023-06-21,0.0007079335046000779,-0.009505811147391796
2,META,2023-06-22,0.0007058588671498001,0.011438366957008839
2,META,2023-06-23,0.0007327765924856067,0.013423998840153217
2,META,2023-06-26,0.0007469482370652258,-0.03618176653981209
2,META,2023-06-27,0.0006974639254622161,0.030346084386110306
2,META,2023-06-28,0.0007203069399110973,-0.006150140892714262
2,META,2023-06-29,0.0007172042387537658,-0.013267286121845245
2,META,2023-06-30,0.0007015604642219841,0.01917373016476631
2,META,2023-07-03,0.000738960166927427,-0.0033509558998048306
2,META,2023-07-05,0.0007470942218787968,0.028775852173566818
2,META,2023-07-06,0.0007682631839998066,-0.008118035271763802
2,META,2023-07-07,0.0007610049797222018,-0.005012627691030502
2,META,2023-07-10,0.0007498179911635816,0.012212960049510002
2,META,2023-07-11,0.0007698595291003585,0.014146351255476475
2,META,2023-07-12,0.0007948516868054867,0.036374885588884354
2,META,2023-07-13,0.000789922836702317,0.013071260415017605
2,META,2023-07-14,0.0007872953428886831,-0.014591889455914497
2,META,2023-07-17,0.0007606943836435676,0.005649842321872711
2,META,2023-07-18,0.0007546505657956004,0.004593098536133766
2,META,2023-07-19,0.0007420473266392946,0.012610457837581635
2,META,2023-07-20,0.0007480290369130671,-0.04362663999199867
2,META,2023-07-21,0.0006884789327159524,-0.027683401480317116
2,META,2023-07-24,0.0007518770871683955,-0.009046511724591255
2,META,2023-07-25,0.0008556534885428846,0.009759766981005669
2,META,2023-07-26,0.0008434353512711823,0.01382735650986433
2,META,2023-07-27,0.0007777854916639626,0.04306872561573982
2,META,2023-07-28,0.0007000323967076838,0.043227992951869965
2,META,2023-07-31,0.0007175583159551024,-0.02136477828025818
2,META,2023-08-01,0.0007413640851154923,0.012817584909498692
2,META,2023-08-02,0.0007717447588220239,-0.026374125853180885
2,META,2023-08-03,0.0007203597342595458,-0.003569756168872118
2,META,2023-08-04,0.000702426943462342,-0.007885610684752464
2,META,2023-08-07,0.000681938196066767,0.018588287755846977
2,META,2023-08-08,0.0006962589104659855,-0.01246029231697321
2,META,2023-08-09,0.0006844165618531406,-0.024052521213889122
2,META,2023-08-10,0.0006906467606313527,0.0017351185670122504
2,META,2023-08-11,0.0006905349437147379,-0.013500683940947056
2,META,2023-08-14,0.0006908020586706698,0.014971617609262466
2,META,2023-08-15,0.0006912927492521703,-0.01394449733197689
2,META,2023-08-16,0.0007037313771434128,-0.025695672258734703
2,META,2023-08-17,0.0007897395989857614,-0.0317610427737236
2,META,2023-08-18,0.000902109663002193,-0.0064747752621769905
2,META,2023-08-21,0.0009239556966349483,0.023205997422337532
2,META,2023-08-22,0.0008750894339755177,-0.007965482771396637
2,META,2023-08-23,0.0008752415888011456,0.022825194522738457
2,META,2023-08-24,0.0007987215067259967,-0.025784704834222794
2,META,2023-08-25,0.0008865403942763805,-0.004369002301245928
2,META,2023-08-28,0.0008963608997873962,0.01653505675494671
2,META,2023-08-29,0.0008563212468288839,0.026282889768481255
2,META,2023-08-30,0.0007625982398167253,-0.009745735675096512
2,META,2023-08-31,0.0007030636770650744,0.0026736510917544365
2,META,2023-09-01,0.000650628877338022,0.0016544903628528118
2,META,2023-09-05,0.0006433023372665048,0.012639938853681087
2,META,2023-09-06,0.000667483895085752,-0.003270263783633709
2,META,2023-09-07,0.0007038090261630714,-0.0016725469613447785
2,META,2023-09-08,0.0007066818652674556,-0.00261514401063323
2,META,2023-09-11,0.0007132319733500481,0.03194567933678627
2,META,2023-09-12,0.0007506844704039395,-0.019369615241885185
2,META,2023-09-13,0.0007370470557361841,0.01120799034833908
2,META,2023-09-14,0.0007509174174629152,0.021596958860754967
2,META,2023-09-15,0.000769303587730974,-0.0372900553047657
2,META,2023-09-18,0.0007081571384333074,0.007431343197822571
2,META,2023-09-19,0.0006988832610659301,0.008294549770653248
2,META,2023-09-20,0.0007037096656858921,-0.01785930246114731
2,META,2023-09-21,0.0006973459385335445,-0.013234885409474373
2,META,2023-09-22,0.0007332672830671072,0.01126399077475071
2,META,2023-09-25,0.0007035450544208288,0.005834244657307863
2,META,2023-09-26,0.0006942712352611125,-0.006235459819436073
2,META,2023-09-27,0.0006948830559849739,-0.00408927071839571
2,META,2023-09-28,0.0006899883155710995,0.020675623789429665
2,META,2023-09-29,0.0007199994288384914,-0.012413954362273216
2,META,2023-10-02,0.0007176235085353255,0.021779030561447144
2,META,2023-10-03,0.0007605981081724167,-0.01935049332678318
2,META,2023-10-04,0.0007298105629161,0.015301009640097618
2,META,2023-10-05,0.0007503614760935307,-0.0025886583607643843
2,META,2023-10-06,0.0007537126075476408,0.0343136265873909
2,META,2023-10-09,0.0007731764926575124,0.009246083907783031
2,META,2023-10-10,0.0007767233182676136,0.010871808975934982
2,META,2023-10-11,0.0007780898595228791,0.01841006986796856
2,META,2023-10-12,0.0007802670006640255,-0.011227373965084553
2,META,2023-10-13,0.0007561226957477629,-0.029649225994944572
2,META,2023-10-16,0.0006858949200250208,0.020320124924182892
2,META,2023-10-17,0.0006988832610659301,0.0088353231549263
2,META,2023-10-18,0.0006984857609495521,-0.021936409175395966
2,META,2023-10-19,0.0006960663595236838,-0.01321113109588623
2,META,2023-10-20,0.0007868295069783926,-0.013388005085289478
2,META,2023-10-23,0.0008811611915007234,0.01721692830324173
2,META,2023-10-24,0.0008387270499952137,-0.004660394042730331
2,META,2023-10-25,0.0008101414423435926,-0.04254993423819542
2,META,2023-10-26,0.0009285584092140198,-0.038039542734622955
2,META,2023-10-27,0.0009649332496337593,0.028647568076848984
2,META,2023-10-30,0.0009524977649562061,0.01978735812008381
2,META,2023-10-31,0.0009092684485949576,-0.00460308650508523
2,META,2023-11-01,0.0008744279039092362,0.03451548144221306
2,META,2023-11-02,0.0007374166161753237,-0.0031473760027438402
2,META,2023-11-03,0.000673996692057699,0.01192710641771555
2,META,2023-11-06,0.0006778385723009706,0.0038068867288529873
2,META,2023-11-07,0.0006802144926041365,0.009517782367765903
2,META,2023-11-08,0.0007304534665308893,0.003006536513566971
2,META,2023-11-09,0.0007602316327393055,0.0024051342625170946
2,META,2023-11-10,0.00076721963705495,0.025320030748844147
2,META,2023-11-13,0.0008062840788625181,0.0012767899315804243
2,META,2023-11-14,0.0008071412448771298,0.02139815129339695
2,META,2023-11-15,0.0008220707532018423,-0.010762030258774757
2,META,2023-11-16,0.0008069269242696464,0.004438225645571947
2,META,2023-11-17,0.0008096289820969105,0.0025402952451258898
2,META,2023-11-20,0.0008232168038375676,0.01460745558142662
2,META,2023-11-21,0.0008379847276955843,-0.008833667263388634
2,META,2023-11-22,0.0008157629054039717,0.013294795528054237
2,META,2023-11-24,0.0008507121820002794,-0.009592188522219658
2,META,2023-11-27,0.0008612470119260252,-0.010491609573364258
2,META,2023-11-28,0.000834105652756989,0.012736090458929539
2,META,2023-11-29,0.0008591474615968764,-0.02023342065513134
2,META,2023-11-30,0.0008125980966724455,-0.015318612568080425
2,META,2023-12-01,0.0007650828338228166,-0.007147617172449827
2,META,2023-12-04,0.0007346804486587644,-0.014887575060129166
2,META,2023-12-05,0.0007322020246647298,-0.005420465022325516
2,META,2023-12-06,0.0007570295711047947,-0.0026427353732287884
2,META,2023-12-07,0.0007797762518748641,0.02838529646396637
2,META,2023-12-08,0.0007260494749061763,0.018685918301343918
2,META,2023-12-11,0.0007792358519509435,-0.022705281153321266
2,META,2023-12-12,0.0007774718105792999,0.027113132178783417
2,META,2023-12-13,0.0008138311095535755,0.0015546496724709868
2,META,2023-12-14,0.000842606124933809,-0.004701063968241215
2,META,2023-12-15,0.0008397146593779325,0.005238751880824566
2,META,2023-12-18,0.0008563150186091661,0.02855069190263748
2,META,2023-12-19,0.0008926743175834417,0.01651874929666519
2,META,2023-12-20,0.0009144209325313568,-0.003087271936237812
2,META,2023-12-21,0.0009157346794381738,0.01367731112986803
2,META,2023-12-22,0.0009310927707701921,-0.0019788616336882114
2,META,2023-12-26,0.000917067052796483,0.004066350869834423
2,META,2023-12-27,0.0009233221062459052,0.008419191464781761
2,META,2023-12-28,0.0009153154096566141,0.0013685536105185747
2,META,2023-12-29,0.0009117965819314122,-0.012242634780704975
2,META,2024-01-02,0.0008847017888911068,-0.02190718986093998
2,META,2024-01-03,0.0008171791560016572,-0.005269426852464676
2,META,2024-01-04,0.000785242416895926,0.007663244381546974
2,META,2024-01-05,0.0007761518354527652,0.013818783685564995
2,META,2024-01-08,0.0008118900004774332,0.01888563483953476
2,META,2024-01-09,0.0008562187431380153,-0.003435344435274601
2,META,2024-01-10,0.0008632502285763621,0.03583300858736038
2,META,2024-01-11,0.0009017587290145457,-0.002161737298592925
2,META,2024-01-12,0.0009253113530576229,0.012954231351613998
2,META,2024-01-16,0.0009310927707701921,-0.018950488418340683
2,META,2024-01-17,0.000904364453162998,0.0024732896126806736
2,META,2024-01-18,0.0009050756925716996,0.020846949890255928
2,META,2024-01-19,0.0009122686460614204,0.019274508580565453
2,META,2024-01-22,0.0009225208195857704,-0.004364772699773312
2,META,2024-01-23,0.000907398818526417,0.008918233215808868
2,META,2024-01-24,0.0009087808430194855,0.01417723298072815
2,META,2024-01-25,0.0009181043715216219,0.006327503360807896
2,META,2024-01-26,0.0009153464925475419,0.002438619500026107
2,META,2024-01-29,0.0009184025693684816,0.01730525493621826
2,META,2024-01-30,0.000922955630812794,-0.002396808471530676
2,META,2024-01-31,0.0009104175842367113,-0.02510889619588852
2,META,2024-02-01,0.0008514078799635172,0.011823002249002457
2,META,2024-02-02,0.0008611693629063666,0.18496514856815338
2,META,2024-02-05,0.000883729662746191,-0.03335074335336685
2,META,2024-02-06,0.0008505972800776362,-0.010261205956339836
2,META,2024-02-07,0.0008114271913655102,0.03217816352844238
2,META,2024-02-08,0.0008035385399125516,0.0008727913373149931
2,META,2024-02-09,0.0007848914829082787,-0.0040295543149113655
2,META,2024-02-12,0.0007616851362399757,0.0016863220371305943
2,META,2024-02-13,0.0007453021826222539,-0.018902163952589035
2,META,2024-02-14,0.0007395285647362471,0.02819979004561901
2,META,2024-02-15,0.0007389974780380726,0.02245979942381382
2,META,2024-02-16,0.0007358451257459819,-0.02237517759203911
2,META,2024-02-20,0.0007318324642255902,-0.003322578500956297
2,META,2024-02-21,0.0007303447928279638,-0.006856379099190235
2,META,2024-02-22,0.00073557801079005,0.0379437692463398
2,META,2024-02-23,0.0007273383671417832,-0.004329243209213018
2,META,2024-02-26,0.0007224685396067798,-0.004742311779409647
2,META,2024-02-27,0.0007311025983653963,0.010962148196995258
2,META,2024-02-28,0.0007296614930965006,-0.00624054903164506
2,META,2024-02-29,0.0007292701629921794,0.012544485740363598
2,META,2024-03-01,0.0007839535246603191,0.024526918306946754
2,META,2024-03-04,0.00083824252942577,-0.00821609701961279
2,META,2024-03-05,0.0008222167380154133,-0.016127247363328934
2,META,2024-03-06,0.0007689805934205651,0.011903088539838791
2,META,2024-03-07,0.0007616323418915272,0.0319383405148983
2,META,2024-03-08,0.0007687259349040687,-0.012257712893188
2,META,2024-03-11,0.000710952328518033,-0.0452004075050354
2,META,2024-03-12,0.0007456655730493367,0.03287045657634735
2,META,2024-03-13,0.0007565264240838587,-0.0083993598818779
2,META,2024-03-14,0.0007948237471282482,-0.007575587369501591
2,META,2024-03-15,0.0008292575366795063,-0.015841564163565636
2,META,2024-03-18,0.0008593089878559113,0.026258300989866257
2,META,2024-03-19,0.0007848107488825917,-0.001490057329647243
2,META,2024-03-20,0.0007305745966732502,0.018527813255786896
2,META,2024-03-21,0.0006533743580803275,0.004421258810907602
2,META,2024-03-22,0.0006406406755559146,0.0035778821911662817
2,SPY,2023-06-06,0.00047099668881855905,0.002174797235056758
2,SPY,2023-06-07,0.0004726049955934286,-0.0034636424388736486
2,SPY,2023-06-08,0.0004719761782325804,0.0060304817743599415
2,SPY,2023-06-09,0.000474305561510846,0.0017925795400515199
2,SPY,2023-06-12,0.00047240295680239797,0.009031042456626892
2,SPY,2023-06-13,0.00048639686428941786,0.0065711019560694695
2,SPY,2023-06-14,0.000489177939016372,0.0011902990518137813
2,SPY,2023-06-15,0.0004862292262259871,0.012321500107645988
2,SPY,2023-06-16,0.0004947524867020547,-0.0034121398348361254
2,SPY,2023-06-20,0.00048973283264786,-0.005201653577387333
2,SPY,2023-06-21,0.0004874305159319192,-0.005136935971677303
2,SPY,2023-06-22,0.000479314272524789,0.0036031375639140606
2,SPY,2023-06-23,0.00048416704521514475,-0.007588720414787531
2,SPY,2023-06-26,0.00047298934077844024,-0.004094037692993879
2,SPY,2023-06-27,0.0004664206353481859,0.010903646238148212
2,SPY,2023-06-28,0.00048477755626663566,0.0005041107069700956
2,SPY,2023-06-29,0.0004921039217151701,0.003933676518499851
2,SPY,2023-06-30,0.0005030056927353144,0.01173168420791626
2,SPY,2023-07-03,0.0005259870085865259,0.001149852410890162
2,SPY,2023-07-05,0.0005431894678622484,-0.0014883464900776744
2,SPY,2023-07-06,0.0005478848470374942,-0.007861537858843803
2,SPY,2023-07-07,0.0005350812571123242,-0.002527856733649969
2,SPY,2023-07-10,0.000523697875905782,0.002527856733649969
2,SPY,2023-07-11,0.0005292658461257815,0.006348350550979376
2,SPY,2023-07-12,0.0005404369439929724,0.008013916201889515
2,SPY,2023-07-13,0.000538109743501991,0.007905391044914722
2,SPY,2023-07-14,0.0005421133828349411,-0.0006229392602108419
2,SPY,2023-07-17,0.0005391880986280739,0.003466201713308692
2,SPY,2023-07-18,0.0005364384851418436,0.007403245661407709
2,SPY,2023-07-19,0.0005234548007138073,0.0022211770992726088
2,SPY,2023-07-20,0.0005209650844335556,-0.006656670477241278
2,SPY,2023-07-21,0.0005030452157370746,0.0
2,SPY,2023-07-24,0.000497553322929889,0.00445746211335063
2,SPY,2023-07-25,0.0005024273414164782,0.002726346254348755
2,SPY,2023-07-26,0.0005079777911305428,0.00015362970589194447
2,SPY,2023-07-27,0.0005143919843249023,-0.006651914678514004
2,SPY,2023-07-28,0.0004978959332220256,0.009742510505020618
2,SPY,2023-07-31,0.0004975401679985225,0.0019023313652724028
2,SPY,2023-08-01,0.0004974764888174832,-0.002865681191906333
2,SPY,2023-08-02,0.0004937122575938702,-0.01400839351117611
2,SPY,2023-08-03,0.00044492684537544847,-0.002870054915547371
2,SPY,2023-08-04,0.0004328582144808024,-0.0045330035500228405
2,SPY,2023-08-07,0.0004117926873732358,0.00869054812937975
2,SPY,2023-08-08,0.0004294483223930001,-0.004357998259365559
2,SPY,2023-08-09,0.0004324043693486601,-0.00670775817707181
2,SPY,2023-08-10,0.0004248437180649489,0.0003589534026104957
2,SPY,2023-08-11,0.00042146749910898507,-0.0005834003095515072
2,SPY,2023-08-14,0.00042429176392033696,0.005504786502569914
2,SPY,2023-08-15,0.00043684057891368866,-0.011717140674591064
2,SPY,2023-08-16,0.00041974132182076573,-0.007365358527749777
2,SPY,2023-08-17,0.0004016406019218266,-0.007648835889995098
2,SPY,2023-08-18,0.0003831225913017988,0.00048104007146321237
2,SPY,2023-08-21,0.0003744975256267935,0.006485301069915295
2,SPY,2023-08-22,0.00038307279464788735,-0.0027124504558742046
2,SPY,2023-08-23,0.0003792851639445871,0.0110762445256114
2,SPY,2023-08-24,0.00039853667840361595,-0.013956079259514809
2,SPY,2023-08-25,0.0003824725281447172,0.007025209721177816
2,SPY,2023-08-28,0.00038998338277451694,0.006321425549685955
2,SPY,2023-08-29,0.00040329794865101576,0.014351213350892067
2,SPY,2023-08-30,0.0004293839156161994,0.004110200330615044
2,SPY,2023-08-31,0.0004499838687479496,-0.0014642919413745403
2,SPY,2023-09-01,0.000456987414509058,0.001863291603513062
2,SPY,2023-09-05,0.0004585188580676913,-0.004331281408667564
2,SPY,2023-09-06,0.00045829705777578056,-0.006744927726686001
2,SPY,2023-09-07,0.0004443470679689199,-0.003074954031035304
2,SPY,2023-09-08,0.00043004422332160175,0.0015050640795379877
2,SPY,2023-09-11,0.00042663433123379946,0.006554901599884033
2,SPY,2023-09-12,0.0004381246108096093,-0.005500671919435263
2,SPY,2023-09-13,0.0004316972044762224,0.0011652878019958735
2,SPY,2023-09-14,0.000435564637882635,0.00858551636338234
2,SPY,2023-09-15,0.00045313313603401184,-0.012121628038585186
2,SPY,2023-09-18,0.00042675144504755735,0.0005864023696631193
2,SPY,2023-09-19,0.00041525528649799526,-0.0020760532934218645
2,SPY,2023-09-20,0.00041220997809432447,-0.009235854260623455
2,SPY,2023-09-21,0.0003922615433111787,-0.016666477546095848
2,SPY,2023-09-22,0.00036749179707840085,-0.002251106547191739
2,SPY,2023-09-25,0.00034408370265737176,0.004196392372250557
2,SPY,2023-09-26,0.00035078052314929664,-0.01480023842304945
2,SPY,2023-09-27,0.0003188074042554945,0.0003991234698332846
2,SPY,2023-09-28,0.00030932147637940943,0.005780509673058987
2,SPY,2023-09-29,0.0003060565213672817,-0.002429819665849209
2,SPY,2023-10-02,0.0002999804855789989,-0.0003977142332587391
2,SPY,2023-10-03,0.0002927185269072652,-0.013476348482072353
2,SPY,2023-10-04,0.0002865853894036263,0.007255451753735542
2,SPY,2023-10-05,0.000280986656434834,-0.0003768579044844955
2,SPY,2023-10-06,0.0002768271369859576,0.011802849359810352
2,SPY,2023-10-09,0.0002765621175058186,0.0063819377683103085
2,SPY,2023-10-10,0.0003026319609489292,0.005191267933696508
2,SPY,2023-10-11,0.000338306330377236,0.004087962210178375
2,SPY,2023-10-12,0.0003584846272133291,-0.006115116644650698
2,SPY,2023-10-13,0.00036431176704354584,-0.0049933940172195435
2,SPY,2023-10-16,0.0003576559538487345,0.010466529987752438
2,SPY,2023-10-17,0.00038177560782060027,-4.589736272464506e-05
2,SPY,2023-10-18,0.00039012834895402193,-0.013414667919278145
2,SPY,2023-10-19,0.00036086380714550614,-0.008825279772281647
2,SPY,2023-10-20,0.0003415683750063181,-0.012364099733531475
2,SPY,2023-10-23,0.00030219272593967617,-0.001734733348712325
2,SPY,2023-10-24,0.0003020873118657619,0.0075110383331775665
2,SPY,2023-10-25,0.00029888679273426533,-0.014455955475568771
2,SPY,2023-10-26,0.0002962177386507392,-0.012046962976455688
2,SPY,2023-10-27,0.00032241203007288277,-0.004543195944279432
2,SPY,2023-10-30,0.0003455448604654521,0.011884966865181923
2,SPY,2023-10-31,0.0003137840540148318,0.006260605063289404
2,SPY,2023-11-01,0.0002887332229875028,0.010608301497995853
2,SPY,2023-11-02,0.00029684582841582596,0.018983017653226852
2,SPY,2023-11-03,0.0003336138906888664,0.009082013741135597
2,SPY,2023-11-06,0.00036076715332455933,0.0022978479973971844
2,SPY,2023-11-07,0.00037579034687951207,0.00284193130210042
2,SPY,2023-11-08,0.0003913318214472383,0.0007322880555875599
2,SPY,2023-11-09,0.00040121673373505473,-0.007829470559954643
2,SPY,2023-11-10,0.0003939862654078752,0.015484286472201347
2,SPY,2023-11-13,0.00040471594547852874,-0.0009537073783576488
2,SPY,2023-11-14,0.00040086169610731304,0.01921497844159603
2,SPY,2023-11-15,0.00040303589776158333,0.00211470783688128
2,SPY,2023-11-16,0.0004006830567959696,0.0012226253747940063
2,SPY,2023-11-17,0.0003946377837564796,0.0012429797789081931
2,SPY,2023-11-20,0.0003958983870688826,0.0076681505888700485
2,SPY,2023-11-21,0.00039108001510612667,-0.002181872259825468
2,SPY,2023-11-22,0.00038213576772250235,0.0038535387720912695
2,SPY,2023-11-24,0.0003833875816781074,0.0006150712142698467
2,SPY,2023-11-27,0.00038216065149754286,-0.0018025926547124982
2,SPY,2023-11-28,0.0003806907043326646,0.0009897220879793167
2,SPY,2023-11-29,0.0003818824770860374,-0.0007037495961412787
2,SPY,2023-11-30,0.0003803115105256438,0.003929764963686466
2,SPY,2023-12-01,0.00038754273555241525,0.005898433271795511
2,SPY,2023-12-04,0.00039485006709583104,-0.005263310391455889
2,SPY,2023-12-05,0.0003931809915229678,-0.0001970758312381804
2,SPY,2023-12-06,0.0003859893186017871,-0.004037774633616209
2,SPY,2023-12-07,0.00037462636828422546,0.007601392455399036
2,SPY,2023-12-08,0.00038920011138543487,0.0042898948304355145
2,SPY,2023-12-11,0.0004072203009855002,0.003881986252963543
2,SPY,2023-12-12,0.0004259403212927282,0.004556814208626747
2,SPY,2023-12-13,0.00043434282997623086,0.013695846311748028
2,SPY,2023-12-14,0.0004488704144023359,0.003204226726666093
2,SPY,2023-12-15,0.00044746999628841877,-0.0016476850723847747
2,SPY,2023-12-18,0.00044987918226979673,0.005609259009361267
2,SPY,2023-12-19,0.00045403503463603556,0.0060624657198786736
2,SPY,2023-12-20,0.00045873114140704274,-0.013954238034784794
2,SPY,2023-12-21,0.0004245933669153601,0.00943734124302864
2,SPY,2023-12-22,0.00042446597944945097,0.002007646718993783
2,SPY,2023-12-26,0.00042233424028381705,0.004213512875139713
2,SPY,2023-12-27,0.0004292821395210922,0.0018066003685817122
2,SPY,2023-12-28,0.0004329336225055158,0.00037770686321891844
2,SPY,2023-12-29,0.0004376495198812336,-0.0028993829619139433
2,SPY,2024-01-02,0.00043829885544255376,-0.0056119696237146854
2,SPY,2024-01-03,0.00042522657895460725,-0.008200210519134998
2,SPY,2024-01-04,0.00041178244282491505,-0.0032262741588056087
2,SPY,2024-01-05,0.00038619284168817103,0.0013686643214896321
2,SPY,2024-01-08,0.00038949877489358187,0.014175043441355228
2,SPY,2024-01-09,0.0004197589005343616,-0.0015182136557996273
2,SPY,2024-01-10,0.00042988682980649173,0.0056394669227302074
2,SPY,2024-01-11,0.0004522019880823791,-0.0004406381631270051
2,SPY,2024-01-12,0.00046207589912228286,0.000692542118486017
2,SPY,2024-01-16,0.0004607340379152447,-0.00367812835611403
2,SPY,2024-01-17,0.0004605041758622974,-0.005574135575443506
2,SPY,2024-01-18,0.0004463389632292092,0.008853436447679996
2,SPY,2024-01-19,0.000453376182122156,0.012389152310788631
2,SPY,2024-01-22,0.000466602185042575,0.0021122198086231947
2,SPY,2024-01-23,0.0004746166814584285,0.0029120389372110367
2,SPY,2024-01-24,0.00047842555795796216,0.0010927304392680526
2,SPY,2024-01-25,0.00047756684944033623,0.005424039904028177
2,SPY,2024-01-26,0.00048033182974904776,-0.001271206303499639
2,SPY,2024-01-29,0.0004806517099495977,0.007888179272413254
2,SPY,2024-01-30,0.00048635221901349723,-0.0007737274281680584
2,SPY,2024-01-31,0.0004867006791755557,-0.016451917588710785
2,SPY,2024-02-01,0.0004549750010482967,0.013003334403038025
2,SPY,2024-02-02,0.00046782908611930907,0.010472205467522144
2,SPY,2024-02-05,0.00047642411664128304,-0.003647713689133525
2,SPY,2024-02-06,0.000474840693641454,0.0028991110157221556
2,SPY,2024-02-07,0.00047776231076568365,0.008305716328322887
2,SPY,2024-02-08,0.0004824489005841315,0.00044152679038234055
2,SPY,2024-02-09,0.00048344157403334975,0.005762825254350901
2,SPY,2024-02-12,0.0004836084845010191,-0.00043892633402720094
2,SPY,2024-02-13,0.0004780587914865464,-0.013868842273950577
2,SPY,2024-02-14,0.0004467218241188675,0.00904655922204256
2,SPY,2024-02-15,0.0004520014044828713,0.006876099389046431
2,SPY,2024-02-16,0.0004648401227314025,-0.004992415197193623
2,SPY,2024-02-20,0.00046377352555282414,-0.005520655307918787
2,SPY,2024-02-21,0.00045603574835695326,0.0009054094552993774
2,SPY,2024-02-22,0.0004593724152073264,0.02048424817621708
2,SPY,2024-02-23,0.00047695706598460674,0.000689420267008245
2,SPY,2024-02-26,0.00047995333443395793,-0.003669240977615118
2,SPY,2024-02-27,0.0004813632695004344,0.0018560249591246247
2,SPY,2024-02-28,0.0004814892017748207,-0.0013225771253928542
2,SPY,2024-02-29,0.0004799006273970008,0.003588645486161113
2,SPY,2024-03-01,0.0004862936621066183,0.009344411082565784
2,SPY,2024-03-04,0.0004917525802738965,-0.0010729130590334535
2,SPY,2024-03-05,0.0004912576987408102,-0.010044406168162823
2,SPY,2024-03-06,0.00047381874173879623,0.005054334178566933
2,SPY,2024-03-07,0.00047579602687619627,0.009877508506178856
2,SPY,2024-03-08,0.00048750374116934836,-0.006020172033458948
2,SPY,2024-03-11,0.0004724241734948009,-0.0008602325688116252
2,SPY,2024-03-12,0.00046920901513658464,0.01069977879524231
2,SPY,2024-03-13,0.00047940504737198353,-0.0015687593258917332
2,SPY,2024-03-14,0.0004782667092513293,-0.0019787175115197897
2,SPY,2024-03-15,0.0004773911496158689,-0.006890268996357918
2,SPY,2024-03-18,0.000460134499007836,0.005925564561039209
2,SPY,2024-03-19,0.0004675809177570045,0.005541827064007521
2,SPY,2024-03-20,0.0004869488475378603,0.009206828661262989
2,SPY,2024-03-21,0.0004998227232135832,0.0032993429340422153
2,SPY,2024-03-22,0.0004985408741049469,-0.001897792681120336
3,AAPL,2024-03-25,0.0008724028593860567,-0.008334826678037643
3,AAPL,2024-03-26,0.0008575069950893521,-0.006694938521832228
3,AAPL,2024-03-27,0.0008319310727529228,0.020990770310163498
3,AAPL,2024-03-28,0.0008708958048373461,-0.010615297593176365
3,AAPL,2024-04-01,0.0008776385220699012,-0.008491892367601395
3,AAPL,2024-04-02,0.0008632529061287642,-0.007023297715932131
3,AAPL,2024-04-03,0.0008647540234960616,0.0047857253812253475
3,AAPL,2024-04-04,0.0008912418852560222,-0.0049041337333619595
3,AAPL,2024-04-05,0.0008948954637162387,0.004491711966693401
3,AAPL,2024-04-08,0.0009115322609432042,-0.006685816682875156
3,AAPL,2024-04-09,0.0009167874231934547,0.007216432131826878
3,AAPL,2024-04-10,0.0009345820872113109,-0.011201840825378895
3,AAPL,2024-04-11,0.0009167431853711605,0.04236089065670967
3,AAPL,2024-04-12,0.001016118098050356,0.008589675650000572
3,AAPL,2024-04-15,0.001055426779203117,-0.022106138989329338
3,AAPL,2024-04-16,0.0010403672931715846,-0.01935320347547531
3,AAPL,2024-04-17,0.0009947082726284862,-0.008180788718163967
3,AAPL,2024-04-18,0.0009610195993445814,-0.005730851553380489
3,AAPL,2024-04-19,0.0009480438311584294,-0.012287675403058529
3,AAPL,2024-04-22,0.0009222645894624293,0.00507803400978446
3,AAPL,2024-04-23,0.0009125476935878396,0.006371361669152975
3,AAPL,2024-04-24,0.0009312442853115499,0.012622218579053879
3,AAPL,2024-04-25,0.0009616805473342538,0.0051341671496629715
3,AAPL,2024-04-26,0.0010038487380370498,-0.0034790378995239735
3,AAPL,2024-04-29,0.0010207585291936994,0.024505414068698883
3,AAPL,2024-04-30,0.0010683651780709624,-0.018439890816807747
3,AAPL,2024-05-01,0.001043476746417582,-0.006065521854907274
3,AAPL,2024-05-02,0.0010445569641888142,0.02179287001490593
3,AAPL,2024-05-03,0.0010783708421513438,0.05809544026851654
3,AAPL,2024-05-06,0.0010906961979344487,-0.00914859026670456
3,AAPL,2024-05-07,0.001073910272680223,0.0037901371251791716
3,AAPL,2024-05-08,0.0010573919862508774,0.0018623888026922941
3,AAPL,2024-05-09,0.0010504431556910276,0.009964455850422382
3,AAPL,2024-05-10,0.0010585981654003263,-0.006914051715284586
3,AAPL,2024-05-13,0.0010103461099788547,0.017491452395915985
3,AAPL,2024-05-14,0.0010306028416380286,0.0061544617637991905
3,AAPL,2024-05-15,0.0010277298279106617,0.012143993750214577
3,AAPL,2024-05-16,0.0010305335745215416,0.0006322248955257237
3,AAPL,2024-05-17,0.0010105951223522425,0.00015805463772267103
3,AAPL,2024-05-20,0.0010169872548431158,0.006143113598227501
3,AAPL,2024-05-21,0.0010145454434677958,0.006833919323980808
3,AAPL,2024-05-22,0.0010180446552112699,-0.007566985674202442
3,AAPL,2024-05-23,0.0009861441794782877,-0.021282942965626717
3,AAPL,2024-05-24,0.0009119545575231314,0.016452081501483917
3,AAPL,2024-05-28,0.0009443741291761398,5.262179911369458e-05
3,AAPL,2024-05-29,0.000953761104028672,0.00157777254935354
3,AAPL,2024-05-30,0.0009752677869983017,0.0052412813529372215
3,AAPL,2024-05-31,0.001042987685650587,0.005006127990782261
3,AAPL,2024-06-03,0.001108161173760891,0.00921636912971735
3,AAPL,2024-06-04,0.0011525263544172049,0.0016477518947795033
3,AAPL,2024-06-05,0.0011675014393404126,0.0077904281206429005
3,AAPL,2024-06-06,0.0011807247065007687,-0.007122011389583349
3,AAPL,2024-06-07,0.0011797396000474691,0.012316148728132248
3,AAPL,2024-06-10,0.0011955918744206429,-0.019333453848958015
3,AAPL,2024-06-11,0.001166833215393126,0.07013139873743057
3,AAPL,2024-06-12,0.0012034651590511203,0.028177453204989433
3,AAPL,2024-06-13,0.0011798214400187135,0.005476267542690039
3,AAPL,2024-06-14,0.0011458531953394413,-0.008202020078897476
3,AAPL,2024-06-17,0.0011086816666647792,0.019480541348457336
3,AAPL,2024-06-18,0.0011001015082001686,-0.011045299470424652
3,AAPL,2024-06-20,0.001061008544638753,-0.021747589111328125
3,AAPL,2024-06-21,0.0009703903924673796,-0.010499440133571625
3,AAPL,2024-06-24,0.0008618910796940327,0.003127771895378828
3,AAPL,2024-06-25,0.0008651323732919991,0.004458195064216852
3,AAPL,2024-06-26,0.000871645868755877,0.01979607343673706
3,AAPL,2024-06-27,0.0009177221800200641,0.00397796556353569
3,AAPL,2024-06-28,0.0009619089541956782,-0.01638757437467575
3,AAPL,2024-07-01,0.0009460244327783585,0.028688957914710045
3,AAPL,2024-07-02,0.0009958241134881973,0.016109557822346687
3,AAPL,2024-07-03,0.0010435644071549177,0.005794092081487179
3,AAPL,2024-07-05,0.001073902123607695,0.02139018103480339
3,AAPL,2024-07-08,0.0010960439685732126,0.00651745218783617
3,AAPL,2024-07-09,0.0010936926119029522,0.003767683170735836
3,AAPL,2024-07-10,0.0010955214966088533,0.018629107624292374
3,AAPL,2024-07-11,0.0011247306829318404,-0.02349466271698475
3,AAPL,2024-07-12,0.0010648240568116307,0.012966428883373737
3,AAPL,2024-07-15,0.0010661287233233452,0.016604717820882797
3,AAPL,2024-07-16,0.0010661743581295013,0.00179012562148273
3,AAPL,2024-07-17,0.0010669997427612543,-0.025621341541409492
3,AAPL,2024-07-18,0.000974962895270437,-0.02074863202869892
3,AAPL,2024-07-19,0.0007880984339863062,0.0005797070334665477
3,AAPL,2024-07-22,0.000725465128198266,-0.0015615582233294845
3,AAPL,2024-07-23,0.000736322661396116,0.004677378572523594
3,AAPL,2024-07-24,0.0007512886077165604,-0.029175840318202972
3,AAPL,2024-07-25,0.0006240615621209145,-0.004816047381609678
3,AAPL,2024-07-26,0.0005836618947796524,0.0021586110815405846
3,AAPL,2024-07-29,0.0005956088425591588,0.001283898833207786
3,AAPL,2024-07-30,0.0006249381694942713,0.0025627927388995886
3,AAPL,2024-07-31,0.0006862091249786317,0.014879509806632996
3,AAPL,2024-08-01,0.0007542770472355187,-0.016892533749341965
3,AAPL,2024-08-02,0.0007397548179142177,0.006845848169177771
3,AAPL,2024-08-05,0.0007800106541253626,-0.04936562106013298
3,AAPL,2024-08-06,0.0005898523377254605,-0.009796065278351307
3,AAPL,2024-08-07,0.0004820596659556031,0.012420694343745708
3,AAPL,2024-08-08,0.0004584801208693534,0.016496486961841583
3,AAPL,2024-08-09,0.0004713604284916073,0.013642442412674427
3,AAPL,2024-08-12,0.0005545665044337511,0.007104648742824793
3,AAPL,2024-08-13,0.0006336029036901891,0.017046812921762466
3,AAPL,2024-08-14,0.0007230247720144689,0.002031750278547406
3,AAPL,2024-08-15,0.0007863638456910849,0.013439791277050972
3,AAPL,2024-08-16,0.0008570999489165843,0.005901044700294733
3,AAPL,2024-08-19,0.0009194895974360406,-0.0007080741343088448
3,AAPL,2024-08-20,0.0009438608540222049,0.0027409906033426523
3,AAPL,2024-08-21,0.0009613219881430268,-0.000485873082652688
3,AAPL,2024-08-22,0.0009643081575632095,-0.008293768391013145
3,AAPL,2024-08-23,0.0009343770798295736,0.01023543905466795
3,AAPL,2024-08-26,0.0009701364324428141,0.0014978406252339482
3,AAPL,2024-08-27,0.0009625446400605142,0.0037345795426517725
3,AAPL,2024-08-28,0.0009725865093059838,-0.006776459980756044
3,AAPL,2024-08-29,0.0009307774598710239,0.014464940875768661
3,AAPL,2024-08-30,0.0009409317281097174,-0.0034437819849699736
3,AAPL,2024-09-03,0.0009062575991265476,-0.027582140639424324
3,AAPL,2024-09-04,0.0008152052760124207,-0.008656161837279797
3,AAPL,2024-09-05,0.0006880730506964028,0.006903944071382284
3,AAPL,2024-09-06,0.000702332123182714,-0.0070397378876805305
3,AAPL,2024-09-09,0.0006405748426914215,0.00040753683424554765
3,AAPL,2024-09-10,0.0006746474537067115,-0.0036281065549701452
3,AAPL,2024-09-11,0.0006919369334354997,0.011518632061779499
3,AAPL,2024-09-12,0.0007579461671411991,0.000493893981911242
3,AAPL,2024-09-13,0.0008059128886088729,-0.0012127524241805077
3,AAPL,2024-09-16,0.0008313785656355321,-0.028168337419629097
3,AAPL,2024-09-17,0.0007478706538677216,0.002170393243432045
3,AAPL,2024-09-18,0.0006990808178670704,0.017829852178692818
3,AAPL,2024-09-19,0.0007809470989741385,0.03639500215649605
3,AAPL,2024-09-20,0.0008933692588470876,-0.002931661903858185
3,AAPL,2024-09-23,0.0009707119897939265,-0.007609902881085873
3,AAPL,2024-09-24,0.0009828959591686726,0.00396608654409647
3,AAPL,2024-09-25,0.001011537853628397,-0.004407796077430248
3,AAPL,2024-09-26,0.0009871780639514327,0.005067374091595411
3,AAPL,2024-09-27,0.0010163290426135063,0.001185875036753714
3,AAPL,2024-09-30,0.0010286346077919006,0.02261430397629738
3,AAPL,2024-10-01,0.0010742438025772572,-0.02957455813884735
3,AAPL,2024-10-02,0.0010157509241253138,0.0025165709666907787
3,AAPL,2024-10-03,0.0010059090564027429,-0.00490659661591053
3,AAPL,2024-10-04,0.0009977350709959865,0.004994862247258425
3,AAPL,2024-10-07,0.0010087050031870604,-0.022788507863879204
3,AAPL,2024-10-08,0.0009206332615576684,0.01823672465980053
3,AAPL,2024-10-09,0.0009325331775471568,0.01656038500368595
3,AAPL,2024-10-10,0.000989374122582376,-0.0021805004216730595
3,AAPL,2024-10-11,0.0010226789163425565,-0.006526695564389229
3,AAPL,2024-10-14,0.001020318130031228,0.016345493495464325
3,AAPL,2024-10-15,0.0010801198659464717,0.010964352637529373
3,AAPL,2024-10-16,0.0011073780478909612,-0.00889116432517767
3,AAPL,2024-10-17,0.0010968671413138509,0.0015949252992868423
3,AAPL,2024-10-18,0.0011114244116470218,0.012201857753098011
3,AAPL,2024-10-21,0.0011443269904702902,0.006278147455304861
3,AAPL,2024-10-22,0.0011522347340360284,-0.002625213237479329
3,AAPL,2024-10-23,0.0011556699173524976,-0.021860208362340927
3,AAPL,2024-10-24,0.0010921271750703454,-0.0008237360161729157
3,AAPL,2024-10-25,0.0010856955777853727,0.003636554814875126
3,AAPL,2024-10-28,0.001068643992766738,0.008562709204852581
3,AAPL,2024-10-29,0.0010927609400823712,0.001156082609668374
3,AAPL,2024-10-30,0.0011233043624088168,-0.01539582759141922
3,AAPL,2024-10-31,0.0010634706122800708,-0.01837725006043911
3,AAPL,2024-11-01,0.000920232618227601,-0.01336858794093132
3,AAPL,2024-11-04,0.0008763691294007003,-0.004045669920742512
3,AAPL,2024-11-05,0.0008866126299835742,0.006465183105319738
3,AAPL,2024-11-06,0.0009248440619558096,-0.0032722707837820053
3,AAPL,2024-11-07,0.0009133394341915846,0.02114691399037838
3,AAPL,2024-11-08,0.0010118797654286027,-0.0011889140587300062
3,AAPL,2024-11-11,0.0010618066880851984,-0.012101531028747559
3,AAPL,2024-11-12,0.001065399032086134,0.0
3,AAPL,2024-11-13,0.0010680350242182612,0.003961295820772648
3,AAPL,2024-11-14,0.0010788148501887918,0.013676491566002369
3,AAPL,2024-11-15,0.0011392979649826884,-0.01420963741838932
3,AAPL,2024-11-18,0.0011176305124536157,0.013332890346646309
3,AAPL,2024-11-19,0.0011630349326878786,0.001139628468081355
3,AAPL,2024-11-20,0.0011962028220295906,0.0031490607652813196
3,AAPL,2024-11-21,0.001216329401358962,-0.002098159398883581
3,AAPL,2024-11-22,0.001224486157298088,0.0058901188895106316
3,AAPL,2024-11-25,0.0012341318652033806,0.012966327369213104
3,AAPL,2024-11-26,0.0012621561763808131,0.009360522963106632
3,AAPL,2024-11-27,0.0012719014193862677,-0.0005531837814487517
3,AAPL,2024-11-29,0.0012838022084906697,0.010163967497646809
3,AAPL,2024-12-02,0.0012884394964203238,0.009477471001446247
3,AAPL,2024-12-03,0.0012795949587598443,0.01269099023193121
3,AAPL,2024-12-04,0.0012923342874273658,0.0014825835824012756
3,AAPL,2024-12-05,0.0012854891829192638,0.00012344947026576847
3,AAPL,2024-12-06,0.0012675476027652621,-0.0008233266416937113
3,AAPL,2024-12-09,0.0012530743842944503,0.015972914174199104
3,AAPL,2024-12-10,0.0012706684647127986,0.004125335719436407
3,AAPL,2024-12-11,0.0012697342317551374,-0.005179551895707846
3,AAPL,2024-12-12,0.0012555422727018595,0.005946028511971235
3,AAPL,2024-12-13,0.0012603707145899534,0.0006853067898191512
3,AAPL,2024-12-16,0.0012613352155312896,0.011659380048513412
3,AAPL,2024-12-17,0.0013004192151129246,0.009672712534666061
3,AAPL,2024-12-18,0.0013138384092599154,-0.021654488518834114
3,AAPL,2024-12-19,0.0012123559135943651,0.0069901603274047375
3,AAPL,2024-12-20,0.0011852245079353452,0.018641037866473198
3,AAPL,2024-12-23,0.0012226647231727839,0.0030601585749536753
3,AAPL,2024-12-24,0.0012173973955214024,0.011412668973207474
3,AAPL,2024-12-26,0.001227818662300706,0.0031706616282463074
3,AAPL,2024-12-27,0.0012293484760448337,-0.013330507092177868
3,AAPL,2024-12-30,0.00118537456728518,-0.013352212496101856
3,AAPL,2024-12-31,0.0011043684789910913,-0.007082877680659294
3,AAPL,2025-01-02,0.0010401230538263917,-0.026586202904582024
3,AAPL,2025-01-03,0.0008670230163261294,-0.0020114362705498934
3,AAPL,2025-01-06,0.0008475082577206194,0.0067163389176130295
3,AAPL,2025-01-07,0.0008897251100279391,-0.011453023180365562
3,AAPL,2025-01-08,0.0008487295708619058,0.0020209134090691805
3,AAPL,2025-01-10,0.0008447070722468197,-0.024399057030677795
3,MSFT,2024-03-25,0.0011825042311102152,-0.013809585943818092
3,MSFT,2024-03-26,0.0011614782270044088,-0.002865604590624571
3,MSFT,2024-03-27,0.0011373200686648488,-0.0005217751604504883
3,MSFT,2024-03-28,0.0011285132495686412,-0.001686156028881669
3,MSFT,2024-04-01,0.001120385597459972,0.009109348058700562
3,MSFT,2024-04-02,0.0011361254146322608,-0.007399465423077345
3,MSFT,2024-04-03,0.001115561812184751,-0.0023517871741205454
3,MSFT,2024-04-04,0.001123135327361524,-0.006131294649094343
3,MSFT,2024-04-05,0.0010910618584603071,0.018117696046829224
3,MSFT,2024-04-08,0.0011387247359380126,-0.0021880476269870996
3,MSFT,2024-04-09,0.0011556255631148815,0.003972416277974844
3,MSFT,2024-04-10,0.001175642479211092,-0.007109702564775944
3,MSFT,2024-04-11,0.0011637419229373336,0.010973013006150723
3,MSFT,2024-04-12,0.001199193298816681,-0.014191417954862118
3,MSFT,2024-04-15,0.0011441786773502827,-0.019772136583924294
3,MSFT,2024-04-16,0.0010265229502692819,0.0022697991225868464
3,MSFT,2024-04-17,0.0009430479840375483,-0.006631112657487392
3,MSFT,2024-04-18,0.0008908591698855162,-0.01855195313692093
3,MSFT,2024-04-19,0.0008246582583524287,-0.0128207728266716
3,MSFT,2024-04-22,0.0007696281536482275,0.004599675536155701
3,MSFT,2024-04-23,0.0007495994213968515,0.01635093055665493
3,MSFT,2024-04-24,0.0008039911626838148,0.003649046178907156
3,MSFT,2024-04-25,0.0008430347661487758,-0.024800172075629234
3,MSFT,2024-04-26,0.0008370500290766358,0.018079504370689392
3,MSFT,2024-04-29,0.0008693495183251798,-0.010067252442240715
3,MSFT,2024-04-30,0.0008752703433856368,-0.03264642506837845
3,MSFT,2024-05-01,0.0006659639766439795,0.014306357130408287
3,MSFT,2024-05-02,0.000689211068674922,0.007316104136407375
3,MSFT,2024-05-03,0.0007116838241927326,0.021927490830421448
3,MSFT,2024-05-06,0.0007772322278469801,0.01677686534821987
3,MSFT,2024-05-07,0.0008436099742539227,-0.010208197869360447
3,MSFT,2024-05-08,0.0008920825202949345,0.0029272984247654676
3,MSFT,2024-05-09,0.0009615713497623801,0.004326367285102606
3,MSFT,2024-05-10,0.0010288029443472624,0.005852068308740854
3,MSFT,2024-05-13,0.0010710920905694366,-0.0024624038487672806
3,MSFT,2024-05-14,0.0010959588689729571,0.006841147784143686
3,MSFT,2024-05-15,0.0011235263664275408,0.017332756891846657
3,MSFT,2024-05-16,0.0011391707230359316,-0.0049522449262440205
3,MSFT,2024-05-17,0.0011237700236961246,-0.0018544519552960992
3,MSFT,2024-05-20,0.0011247106594964862,0.012134344317018986
3,MSFT,2024-05-21,0.0011352879228070378,0.008661328814923763
3,MSFT,2024-05-22,0.0011357907205820084,0.003443678142502904
3,MSFT,2024-05-23,0.0011375705944374204,-0.008209860883653164
3,MSFT,2024-05-24,0.0010982186067849398,0.007373237982392311
3,MSFT,2024-05-28,0.0011118216207250953,0.00037197486381046474
3,MSFT,2024-05-29,0.0011055065551772714,-0.0026759966276586056
3,MSFT,2024-05-30,0.0010986822890117764,-0.03437020257115364
3,MSFT,2024-05-31,0.0010102546075358987,0.0011087714228779078
3,MSFT,2024-06-03,0.0010164887644350529,-0.0038859781343489885
3,MSFT,2024-06-04,0.001028930302709341,0.006147743668407202
3,MSFT,2024-06-05,0.0010424257488921285,0.018903503194451332
3,MSFT,2024-06-06,0.001098615932278335,0.0012019980931654572
3,MSFT,2024-06-07,0.0011298783356323838,-0.0015794364735484123
3,MSFT,2024-06-10,0.0011377750197425485,0.00943977851420641
3,MSFT,2024-06-11,0.0011680846801027656,0.011178987100720406
3,MSFT,2024-06-12,0.0011891878675669432,0.019182560965418816
3,MSFT,2024-06-13,0.0011960258707404137,0.0011783735826611519
3,MSFT,2024-06-14,0.001196631113998592,0.0022393427789211273
3,MSFT,2024-06-17,0.0012010078644379973,0.013020087033510208
3,MSFT,2024-06-18,0.001199305639602244,-0.004537734668701887
3,MSFT,2024-06-20,0.0011896733194589615,-0.001434841426089406
3,MSFT,2024-06-21,0.00118035648483783,0.009112434461712837
3,MSFT,2024-06-24,0.0011823616223409772,-0.004702172242105007
3,MSFT,2024-06-25,0.0011778257321566343,0.0073000420816242695
3,MSFT,2024-06-26,0.0011764081427827477,0.0026795759331434965
3,MSFT,2024-06-27,0.0011734608560800552,0.0015249080024659634
3,MSFT,2024-06-28,0.0011746914824470878,-0.013114223256707191
3,MSFT,2024-07-01,0.001146807917393744,0.02164577506482601
3,MSFT,2024-07-02,0.0011652675457298756,0.005567535292357206
3,MSFT,2024-07-03,0.0011754074366763234,0.003238830715417862
3,MSFT,2024-07-05,0.0011833059834316373,0.014628870412707329
3,MSFT,2024-07-08,0.0011937766103073955,-0.002827258547767997
3,MSFT,2024-07-09,0.0011864249827340245,-0.014474422670900822
3,MSFT,2024-07-10,0.0011579666752368212,0.014495963230729103
3,MSFT,2024-07-11,0.001178388250991702,-0.025084147229790688
3,MSFT,2024-07-12,0.0011364667443558574,-0.0025324022863060236
3,MSFT,2024-07-15,0.001130500459112227,0.0009035709081217647
3,MSFT,2024-07-16,0.0011331163113936782,-0.009828616864979267
3,MSFT,2024-07-17,0.0011137435212731361,-0.013437521643936634
3,MSFT,2024-07-18,0.001083620241843164,-0.007127534132450819
3,MSFT,2024-07-19,0.0010399224702268839,-0.007430484518408775
3,MSFT,2024-07-22,0.0009763247217051685,0.013249539770185947
3,MSFT,2024-07-23,0.0010003139032050967,0.004302860703319311
3,MSFT,2024-07-24,0.0010248704347759485,-0.03651343286037445
3,MSFT,2024-07-25,0.0008228139486163855,-0.02478599362075329
3,MSFT,2024-07-26,0.0006663904641754925,0.016286347061395645
3,MSFT,2024-07-29,0.000637553574051708,0.0034273751080036163
3,MSFT,2024-07-30,0.0006015570252202451,-0.008968428708612919
3,MSFT,2024-07-31,0.0005228322115726769,-0.010864725336432457
3,MSFT,2024-08-01,0.0004810011887457222,-0.002968602580949664
3,MSFT,2024-08-02,0.0004313377139624208,-0.02088233456015587
3,MSFT,2024-08-05,0.00031902483897283673,-0.03320201858878136
3,MSFT,2024-08-06,0.00012023989256704226,0.01122355181723833
3,MSFT,2024-08-07,9.42516780924052e-05,-0.0029572497587651014
3,MSFT,2024-08-08,9.948963270289823e-05,0.01063530147075653
3,MSFT,2024-08-09,0.00011010500020347536,0.008235222660005093
3,MSFT,2024-08-12,0.00012211814464535564,0.001944041228853166
3,MSFT,2024-08-13,0.00020548046450130641,0.017543794587254524
3,MSFT,2024-08-14,0.00029773724963888526,0.006860244087874889
3,MSFT,2024-08-15,0.0003812729846686125,0.011754576116800308
3,MSFT,2024-08-16,0.0004982601967640221,-0.006098960526287556
3,MSFT,2024-08-19,0.0005700151086784899,0.007285704370588064
3,MSFT,2024-08-20,0.0006255359621718526,0.007727477699518204
3,MSFT,2024-08-21,0.0006771498010493815,-0.0015548344235867262
3,MSFT,2024-08-22,0.0007171885808929801,-0.020460540428757668
3,MSFT,2024-08-23,0.0007496936013922095,0.002979499055072665
3,MSFT,2024-08-26,0.000776905391830951,-0.007949229329824448
3,MSFT,2024-08-27,0.0007513387245126069,0.0008460430544801056
3,MSFT,2024-08-28,0.0007452119025401771,-0.00785969477146864
3,MSFT,2024-08-29,0.0006659323698841035,0.0061185103841125965
3,MSFT,2024-08-30,0.0006797132664360106,0.009683792479336262
3,MSFT,2024-09-03,0.0007092411397024989,-0.018631568178534508
3,MSFT,2024-09-04,0.0006466790800914168,-0.0013197952648624778
3,MSFT,2024-09-05,0.0006620101048611104,-0.0012479695724323392
3,MSFT,2024-09-06,0.000680251105222851,-0.016516901552677155
3,MSFT,2024-09-09,0.0006190870772115886,0.009957575239241123
3,MSFT,2024-09-10,0.0006424118182621896,0.02068580873310566
3,MSFT,2024-09-11,0.0007198770181275904,0.021117623895406723
3,MSFT,2024-09-12,0.0007877980824559927,0.009317290969192982
3,MSFT,2024-09-13,0.0008144823368638754,0.008372368291020393
3,MSFT,2024-09-16,0.0008374881581403315,0.0017401836812496185
3,MSFT,2024-09-17,0.0008659837767481804,0.00879423413425684
3,MSFT,2024-09-18,0.00089360709534958,-0.010023493319749832
3,MSFT,2024-09-19,0.0008871645550243556,0.01812565326690674
3,MSFT,2024-09-20,0.0008885649149306118,-0.007826310582458973
3,MSFT,2024-09-23,0.0008769941050559282,-0.00405168579891324
3,MSFT,2024-09-24,0.0008625861955806613,-0.010061819106340408
3,MSFT,2024-09-25,0.0008473146590404212,0.0068269832991063595
3,MSFT,2024-09-26,0.0008383493986912072,-0.0018530023517087102
3,MSFT,2024-09-27,0.000848142197355628,-0.007657239679247141
3,MSFT,2024-09-30,0.0008183082682080567,0.005312814377248287
3,MSFT,2024-10-01,0.0008242258918471634,-0.02258642204105854
3,MSFT,2024-10-02,0.0007040094933472574,-0.008498359471559525
3,MSFT,2024-10-03,0.0006333639612421393,-0.001415406703017652
3,MSFT,2024-10-04,0.0006264285184442997,-0.0011530007468536496
3,MSFT,2024-10-07,0.0006410772330127656,-0.015794841572642326
3,MSFT,2024-10-08,0.0006291685276664793,0.012544979341328144
3,MSFT,2024-10-09,0.000656230840831995,0.006608979776501656
3,MSFT,2024-10-10,0.0006945198401808739,-0.003888085950165987
3,MSFT,2024-10-11,0.0007163052796386182,0.001153759192675352
3,MSFT,2024-10-14,0.0007292114896699786,0.006750798784196377
3,MSFT,2024-10-15,0.0007372075924649835,-0.0009548899251967669
3,MSFT,2024-10-16,0.0007444579969160259,-0.0062764366157352924
3,MSFT,2024-10-17,0.0007349025690928102,0.0014407428679987788
3,MSFT,2024-10-18,0.0007543379324488342,0.0034496334847062826
3,MSFT,2024-10-21,0.0007857914315536618,0.0014816715847700834
3,MSFT,2024-10-22,0.0008083780994638801,0.020631875842809677
3,MSFT,2024-10-23,0.0008362240623682737,-0.006830079481005669
3,MSFT,2024-10-24,0.0008659366867505014,0.00030608809902332723
3,MSFT,2024-10-25,0.0008913773344829679,0.008019967004656792
3,MSFT,2024-10-28,0.000925145111978054,-0.0036503192968666553
3,MSFT,2024-10-29,0.000946899235714227,0.012486648745834827
3,MSFT,2024-10-30,0.001005665515549481,0.0013417683076113462
3,MSFT,2024-10-31,0.001021030475385487,-0.062436893582344055
3,MSFT,2024-11-01,0.0008718027384020388,0.009844338521361351
3,MSFT,2024-11-04,0.0008323649526573718,-0.0046651591546833515
3,MSFT,2024-11-05,0.0007552360184490681,0.007317787501960993
3,MSFT,2024-11-06,0.0007637468515895307,0.02097131311893463
3,MSFT,2024-11-07,0.0007991492166183889,0.012417268939316273
3,MSFT,2024-11-08,0.0008880449458956718,-0.006816208828240633
3,MSFT,2024-11-11,0.0009223321685567498,-0.01077885553240776
3,MSFT,2024-11-12,0.0009245782857760787,0.01193773653358221
3,MSFT,2024-11-13,0.0009743296541273594,0.005116581916809082
3,MSFT,2024-11-14,0.0010078437626361847,0.003966841846704483
3,MSFT,2024-11-15,0.0010371414246037602,-0.028247950598597527
3,MSFT,2024-11-18,0.0009501199820078909,0.0018296841299161315
3,MSFT,2024-11-19,0.0009387112804688513,0.004870605655014515
3,MSFT,2024-11-20,0.0009530920651741326,-0.005520365666598082
3,MSFT,2024-11-21,0.0009253135067410767,-0.004326054826378822
3,MSFT,2024-11-22,0.0009034854592755437,0.009953505359590054
3,MSFT,2024-11-25,0.0009249461581930518,0.0042833006009459496
3,MSFT,2024-11-26,0.0009577490272931755,0.02173013985157013
3,MSFT,2024-11-27,0.0010511359432712197,-0.011751135811209679
3,MSFT,2024-11-29,0.0010732116643339396,0.0011104911100119352
3,MSFT,2024-12-02,0.0010815808782353997,0.017602667212486267
3,MSFT,2024-12-03,0.0011089694453403354,0.0005103024886921048
3,MSFT,2024-12-04,0.00113045540638268,0.014321780763566494
3,MSFT,2024-12-05,0.0011415471090003848,0.01181778684258461
3,MSFT,2024-12-06,0.0011531220516189933,0.0021440356504172087
3,MSFT,2024-12-09,0.0011446328135207295,0.005508211441338062
3,MSFT,2024-12-10,0.0011460387613624334,-0.006049483548849821
3,MSFT,2024-12-11,0.00112333323340863,0.012686236761510372
3,MSFT,2024-12-12,0.001125797745771706,0.0012687256094068289
3,MSFT,2024-12-13,0.0011096068192273378,-0.005106958094984293
3,MSFT,2024-12-16,0.0010901116766035557,0.009612375870347023
3,MSFT,2024-12-17,0.0011326776584610343,0.006335171405225992
3,MSFT,2024-12-18,0.0011488011805340648,-0.038284651935100555
3,MSFT,2024-12-19,0.0009919751901179552,-0.0008235315908677876
3,MSFT,2024-12-20,0.0009364009601995349,-0.0009843244915828109
3,MSFT,2024-12-23,0.0009221974760293961,-0.0030968531500548124
3,MSFT,2024-12-24,0.0008669676608406007,0.009330257773399353
3,MSFT,2024-12-26,0.0009244799148291349,-0.00278079928830266
3,MSFT,2024-12-27,0.0009564252104610205,-0.01745305210351944
3,MSFT,2024-12-30,0.0008837106288410723,-0.013327858410775661
3,MSFT,2024-12-31,0.0008126111351884902,-0.007869299501180649
3,MSFT,2025-01-02,0.000749547325540334,-0.006951835937798023
3,MSFT,2025-01-03,0.0006974571733735502,0.01133131142705679
3,MSFT,2025-01-06,0.0007295482791960239,0.010573389008641243
3,MSFT,2025-01-07,0.0007812074036337435,-0.012890930287539959
3,MSFT,2025-01-08,0.0007663015858270228,0.005171660799533129
3,MSFT,2025-01-10,0.0007636278751306236,-0.013301808387041092
3,NVDA,2024-03-25,0.0011161811416968703,0.007533418480306864
3,NVDA,2024-03-26,0.001253429101780057,-0.026030054315924644
3,NVDA,2024-03-27,0.0011930069886147976,-0.025284364819526672
3,NVDA,2024-03-28,0.0011603779857978225,0.001173942000605166
3,NVDA,2024-04-01,0.0012027323246002197,7.747518247924745e-05
3,NVDA,2024-04-02,0.0012238806812092662,-0.010132865980267525
3,NVDA,2024-04-03,0.0012053105747327209,-0.005470148753374815
3,NVDA,2024-04-04,0.001194122014567256,-0.03498987853527069
3,NVDA,2024-04-05,0.0008527113823220134,0.024185750633478165
3,NVDA,2024-04-08,0.0008777136681601405,-0.009992217645049095
3,NVDA,2024-04-09,0.0008431934984400868,-0.020628441125154495
3,NVDA,2024-04-10,0.0008071178453974426,0.019549177959561348
3,NVDA,2024-04-11,0.0009577824966982007,0.04027445241808891
3,NVDA,2024-04-12,0.0011613834649324417,-0.027182601392269135
3,NVDA,2024-04-15,0.0011777731124311686,-0.025089247152209282
3,NVDA,2024-04-16,0.0011024479754269123,0.016308000311255455
3,NVDA,2024-04-17,0.0011836725752800703,-0.03943350911140442
3,NVDA,2024-04-18,0.001019214279949665,0.007539708632975817
3,NVDA,2024-04-19,0.001017239410430193,-0.10541151463985443
3,NVDA,2024-04-22,0.0006344467401504517,0.04262178763747215
3,NVDA,2024-04-23,0.0005941716954112053,0.035881076008081436
3,NVDA,2024-04-24,0.0006745073478668928,-0.0338834747672081
3,NVDA,2024-04-25,0.0006401566206477582,0.036416083574295044
3,NVDA,2024-04-26,0.000716189038939774,0.05992406606674194
3,NVDA,2024-04-29,0.0009395148372277617,0.00025049695977941155
3,NVDA,2024-04-30,0.0010702083818614483,-0.01556082908064127
3,NVDA,2024-05-01,0.001105177914723754,-0.03967645764350891
3,NVDA,2024-05-02,0.0010582900140434504,0.03288281336426735
3,NVDA,2024-05-03,0.0011531265918165445,0.034045640379190445
3,NVDA,2024-05-06,0.0012838937109336257,0.03704642876982689
3,NVDA,2024-05-07,0.0013687961036339402,-0.017362793907523155
3,NVDA,2024-05-08,0.001347574288956821,-0.0015693497844040394
3,NVDA,2024-05-09,0.0013482047943398356,-0.018587471917271614
3,NVDA,2024-05-10,0.0013299904530867934,0.012663541361689568
3,NVDA,2024-05-13,0.0013325429754331708,0.005780133418738842
3,NVDA,2024-05-14,0.0013604157138615847,0.010530654340982437
3,NVDA,2024-05-15,0.0014119551051408052,0.03521071746945381
3,NVDA,2024-05-16,0.0014619563007727265,-0.00286796223372221
3,NVDA,2024-05-17,0.0014343233779072762,-0.020125091075897217
3,NVDA,2024-05-20,0.0014357782201841474,0.024576852098107338
3,NVDA,2024-05-21,0.0015168108511716127,0.006373366806656122
3,NVDA,2024-05-22,0.0015830674674361944,-0.004581406246870756
3,NVDA,2024-05-23,0.0016158982180058956,0.0891060158610344
3,NVDA,2024-05-24,0.0016875973669812083,0.025397473946213722
3,NVDA,2024-05-28,0.0017193160019814968,0.06747576594352722
3,NVDA,2024-05-29,0.0017253151163458824,0.00807949248701334
3,NVDA,2024-05-30,0.0016964435344561934,-0.03839370608329773
3,NVDA,2024-05-31,0.0016325903125107288,-0.007877020165324211
3,NVDA,2024-06-03,0.0015965721104294062,0.047793757170438766
3,NVDA,2024-06-04,0.0016442039050161839,0.012418022379279137
3,NVDA,2024-06-05,0.0016400456661358476,0.050270892679691315
3,NVDA,2024-06-06,0.0016390790697187185,-0.01184714026749134
3,NVDA,2024-06-07,0.0015872119693085551,-0.0009093921980820596
3,NVDA,2024-06-10,0.0015506410272791982,0.0074337078258395195
3,NVDA,2024-06-11,0.0015602015191689134,-0.007169670891016722
3,NVDA,2024-06-12,0.0015552097465842962,0.03486595302820206
3,NVDA,2024-06-13,0.0015859653940424323,0.03461752086877823
3,NVDA,2024-06-14,0.0016035136068239808,0.017362602055072784
3,NVDA,2024-06-17,0.0016230264445766807,-0.006847853772342205
3,NVDA,2024-06-18,0.0016142729436978698,0.034517280757427216
3,NVDA,2024-06-20,0.0016429105307906866,-0.03604532405734062
3,NVDA,2024-06-21,0.0015322994440793991,-0.032721057534217834
3,NVDA,2024-06-24,0.0014627750497311354,-0.06917928159236908
3,NVDA,2024-06-25,0.001238341210409999,0.06537958234548569
3,NVDA,2024-06-26,0.0012729335576295853,0.002455576788634062
3,NVDA,2024-06-27,0.0012247400591149926,-0.019250519573688507
3,NVDA,2024-06-28,0.0011676106369122863,-0.0036359054502099752
3,NVDA,2024-07-01,0.0011465033749118447,0.006132958456873894
3,NVDA,2024-07-02,0.0011499355314299464,-0.013200311921536922
3,NVDA,2024-07-03,0.00111871596891433,0.044717855751514435
3,NVDA,2024-07-05,0.0012781312689185143,-0.01928376406431198
3,NVDA,2024-07-08,0.0013256099773570895,0.018659666180610657
3,NVDA,2024-07-09,0.0013637930387631059,0.024502456188201904
3,NVDA,2024-07-10,0.0014428774593397975,0.026514068245887756
3,NVDA,2024-07-11,0.0015391879715025425,-0.05727626383304596
3,NVDA,2024-07-12,0.0014889794401824474,0.01433924213051796
3,NVDA,2024-07-15,0.0015174334403127432,-0.006209210027009249
3,NVDA,2024-07-16,0.0015056952834129333,-0.016326826065778732
3,NVDA,2024-07-17,0.0014468507142737508,-0.06853507459163666
3,NVDA,2024-07-18,0.0010061046341434121,0.025934157893061638
3,NVDA,2024-07-19,0.0010645439615473151,-0.02644278109073639
3,NVDA,2024-07-22,0.0009682207019068301,0.046473827213048935
3,NVDA,2024-07-23,0.0010867418022826314,-0.007719628978520632
3,NVDA,2024-07-24,0.001174332108348608,-0.07045624405145645
3,NVDA,2024-07-25,0.0009130398975685239,-0.017393415793776512
3,NVDA,2024-07-26,0.0007470991695299745,0.006922836881130934
3,NVDA,2024-07-29,0.0007105942931957543,-0.013087157160043716
3,NVDA,2024-07-30,0.0005444195121526718,-0.07304016500711441
3,NVDA,2024-07-31,0.00010593064507702366,0.12055353075265884
3,NVDA,2024-08-01,0.00017589970957487822,-0.06907223910093307
3,NVDA,2024-08-02,3.904402910848148e-05,-0.017923595383763313
3,NVDA,2024-08-05,1.7685475540929474e-05,-0.0656888484954834
3,NVDA,2024-08-06,0.0005672581610269845,0.037131838500499725
3,NVDA,2024-08-07,0.0003034958499483764,-0.05258168280124664
3,NVDA,2024-08-08,0.00045707260142080486,0.05946430191397667
3,NVDA,2024-08-09,0.0001445401576347649,-0.0020980078261345625
3,NVDA,2024-08-12,-0.00011317522148601711,0.03995475918054581
3,NVDA,2024-08-13,-5.106231037643738e-05,0.06326513737440109
3,NVDA,2024-08-14,6.10958450124599e-05,0.016565917059779167
3,NVDA,2024-08-15,0.00023914308985695243,0.03968311846256256
3,NVDA,2024-08-16,0.0004107239656150341,0.013902530074119568
3,NVDA,2024-08-19,0.0005802962114103138,0.042586296796798706
3,NVDA,2024-08-20,0.0007253717631101608,-0.021380623802542686
3,NVDA,2024-08-21,0.0008105208980850875,0.009775224141776562
3,NVDA,2024-08-22,0.0009185050148516893,-0.037746429443359375
3,NVDA,2024-08-23,0.0008080422994680703,0.04449409991502762
3,NVDA,2024-08-26,0.0009108993108384311,-0.022750528529286385
3,NVDA,2024-08-27,0.0007916039903648198,0.014445300213992596
3,NVDA,2024-08-28,0.0008181074517779052,-0.021189430728554726
3,NVDA,2024-08-29,0.0006396084791049361,-0.06597814708948135
3,NVDA,2024-08-30,0.0003545311337802559,0.01502409391105175
3,NVDA,2024-09-03,0.00020487942674662918,-0.10009659081697464
3,NVDA,2024-09-04,-9.001166472444311e-05,-0.016713043674826622
3,NVDA,2024-09-05,-2.3567878088215366e-05,0.009371309541165829
3,NVDA,2024-09-06,-0.00013199572276789695,-0.041712336242198944
3,NVDA,2024-09-09,0.00011987399193458259,0.03478596732020378
3,NVDA,2024-09-10,-6.252425373531878e-05,0.015193483792245388
3,NVDA,2024-09-11,-0.00017078546807169914,0.07834780216217041
3,NVDA,2024-09-12,-0.00013333169044926763,0.01898025907576084
3,NVDA,2024-09-13,4.104797335457988e-05,-0.00033575089764781296
3,NVDA,2024-09-16,0.00018703819660004228,-0.019671611487865448
3,NVDA,2024-09-17,0.00031552842119708657,-0.010242418386042118
3,NVDA,2024-09-18,0.00040641697705723345,-0.019392648711800575
3,NVDA,2024-09-19,0.0004488784761633724,0.038925591856241226
3,NVDA,2024-09-20,0.000600877741817385,-0.0159921795129776
3,NVDA,2024-09-23,0.0006710092420689762,0.002238769084215164
3,NVDA,2024-09-24,0.0007430093828588724,0.03888670355081558
3,NVDA,2024-09-25,0.0008750347187742591,0.021606458351016045
3,NVDA,2024-09-26,0.0009371944470331073,0.004281921312212944
3,NVDA,2024-09-27,0.0009982259944081306,-0.0215132012963295
3,NVDA,2024-09-30,0.0009493622928857803,0.00032945387647487223
3,NVDA,2024-10-01,0.0009017099509947002,-0.0372464582324028
3,NVDA,2024-10-02,0.000657315831631422,0.015688329935073853
3,NVDA,2024-10-03,0.0006585591472685337,0.03310196474194527
3,NVDA,2024-10-04,0.0008504242869094014,0.01670938730239868
3,NVDA,2024-10-07,0.0010271023493260145,0.022166773676872253
3,NVDA,2024-10-08,0.0011580177815631032,0.03968140855431557
3,NVDA,2024-10-09,0.0011953864013776183,-0.0018077412387356162
3,NVDA,2024-10-10,0.0012334448983892798,0.01615242287516594
3,NVDA,2024-10-11,0.0012776959920302033,-7.414295396301895e-05
3,NVDA,2024-10-14,0.0013060306664556265,0.023968670517206192
3,NVDA,2024-10-15,0.0013262307038530707,-0.0479937307536602
3,NVDA,2024-10-16,0.0012773912167176604,0.030826682224869728
3,NVDA,2024-10-17,0.0012820118572562933,0.008875924162566662
3,NVDA,2024-10-18,0.001295449212193489,0.007783825974911451
3,NVDA,2024-10-21,0.0013207253068685532,0.040543828159570694
3,NVDA,2024-10-22,0.0013492677826434374,-0.0008354647434316576
3,NVDA,2024-10-23,0.001370136276818812,-0.028467286378145218
3,NVDA,2024-10-24,0.0013331759255379438,0.006072021555155516
3,NVDA,2024-10-25,0.0013496835017576814,0.008015632629394531
3,NVDA,2024-10-28,0.0013635074719786644,-0.0072325970977544785
3,NVDA,2024-10-29,0.001371406251564622,0.00518158171325922
3,NVDA,2024-10-30,0.0014286907389760017,-0.013614438474178314
3,NVDA,2024-10-31,0.0014413842000067234,-0.048373993486166
3,NVDA,2024-11-01,0.0013376027345657349,0.01969047449529171
3,NVDA,2024-11-04,0.0013526218244805932,0.004788998980075121
3,NVDA,2024-11-05,0.0013161931419745088,0.027976863086223602
3,NVDA,2024-11-06,0.001361542847007513,0.03993241488933563
3,NVDA,2024-11-07,0.001408648444339633,0.02220906876027584
3,NVDA,2024-11-08,0.0014821338700130582,-0.008431654423475266
3,NVDA,2024-11-11,0.0014647565549239516,-0.016183799132704735
3,NVDA,2024-11-12,0.0014336914755403996,0.02064444310963154
3,NVDA,2024-11-13,0.001470305840484798,-0.013715673238039017
3,NVDA,2024-11-14,0.001458853716030717,0.003344523021951318
3,NVDA,2024-11-15,0.0014739439357072115,-0.033112358301877975
3,NVDA,2024-11-18,0.0014230678789317608,-0.01297305803745985
3,NVDA,2024-11-19,0.001349465805105865,0.0477873831987381
3,NVDA,2024-11-20,0.001452424912713468,-0.007647719234228134
3,NVDA,2024-11-21,0.0014584974851459265,0.005332530941814184
3,NVDA,2024-11-22,0.001458916929550469,-0.03271056339144707
3,NVDA,2024-11-25,0.001382510527037084,-0.042672932147979736
3,NVDA,2024-11-26,0.0012555388966575265,0.006595061160624027
3,NVDA,2024-11-27,0.0012667733244597912,-0.01160675659775734
3,NVDA,2024-11-29,0.0013095967005938292,0.021273482590913773
3,NVDA,2024-12-02,0.0014074590289965272,0.00274489214643836
3,NVDA,2024-12-03,0.0014684961643069983,0.011689326725900173
3,NVDA,2024-12-04,0.0015654335729777813,0.034200768917798996
3,NVDA,2024-12-05,0.0017164559103548527,-0.0004822657792828977
3,NVDA,2024-12-06,0.0018123254412785172,-0.018226563930511475
3,NVDA,2024-12-09,0.0018347784643992782,-0.025814997032284737
3,NVDA,2024-12-10,0.0018293901812285185,-0.02731258235871792
3,NVDA,2024-12-11,0.0017768859397619963,0.03090825118124485
3,NVDA,2024-12-12,0.0018094246042892337,-0.014241909608244896
3,NVDA,2024-12-13,0.001805988373234868,-0.022755954414606094
3,NVDA,2024-12-16,0.0017631578957661986,-0.01690191589295864
3,NVDA,2024-12-17,0.0017420521471649408,-0.012271893210709095
3,NVDA,2024-12-18,0.001705029048025608,-0.011415398679673672
3,NVDA,2024-12-19,0.001555180293507874,0.013637014664709568
3,NVDA,2024-12-20,0.0015237678308039904,0.030298518016934395
3,NVDA,2024-12-23,0.0016037954483181238,0.036232396960258484
3,NVDA,2024-12-24,0.001697603496722877,0.003930224571377039
3,NVDA,2024-12-26,0.0017828898271545768,-0.002070418791845441
3,NVDA,2024-12-27,0.0018415115773677826,-0.02108830027282238
3,NVDA,2024-12-30,0.001821783953346312,0.0034972303546965122
3,NVDA,2024-12-31,0.0018180662300437689,-0.02354949526488781
3,NVDA,2025-01-02,0.0017358502373099327,0.029495809227228165
3,NVDA,2025-01-03,0.001805438776500523,0.043574362993240356
3,NVDA,2025-01-06,0.0019145552068948746,0.03375620394945145
3,NVDA,2025-01-07,0.0019505255622789264,-0.06418618559837341
3,NVDA,2025-01-08,0.0017949293833225965,-0.0002140784345101565
3,NVDA,2025-01-10,0.0017308532260358334,-0.030434735119342804
3,TSLA,2024-03-25,0.0016709818737581372,0.010481683537364006
3,TSLA,2024-03-26,0.0017367557156831026,0.02877728082239628
3,TSLA,2024-03-27,0.001829344779253006,0.012084082700312138
3,TSLA,2024-03-28,0.0019229594618082047,-0.0227219071239233
3,TSLA,2024-04-01,0.0019564912654459476,-0.0032477283384650946
3,TSLA,2024-04-02,0.0019922954961657524,-0.05026651918888092
3,TSLA,2024-04-03,0.001870012958534062,0.010447544045746326
3,TSLA,2024-04-04,0.0018859668634831905,0.01608326844871044
3,TSLA,2024-04-05,0.001950076431967318,-0.036967433989048004
3,TSLA,2024-04-08,0.0018922571325674653,0.04783676192164421
3,TSLA,2024-04-09,0.0019901469349861145,0.02229560911655426
3,TSLA,2024-04-10,0.0020715550053864717,-0.029373442754149437
3,TSLA,2024-04-11,0.0020142458379268646,0.016399556770920753
3,TSLA,2024-04-12,0.002060088561847806,-0.020541749894618988
3,TSLA,2024-04-15,0.0020191108342260122,-0.05757465958595276
3,TSLA,2024-04-16,0.001852197339758277,-0.027435068041086197
3,TSLA,2024-04-17,0.0017853806493803859,-0.010622084140777588
3,TSLA,2024-04-18,0.001698221080005169,-0.03615564852952957
3,TSLA,2024-04-19,0.0015810972545295954,-0.01939578354358673
3,TSLA,2024-04-22,0.0014509418979287148,-0.03459355607628822
3,TSLA,2024-04-23,0.0013510980643332005,0.01834522746503353
3,TSLA,2024-04-24,0.0013739758869633079,0.1138741597533226
3,TSLA,2024-04-25,0.001584445359185338,0.04845814406871796
3,TSLA,2024-04-26,0.0017593082739040256,-0.01116801518946886
3,TSLA,2024-04-29,0.00187220040243119,0.1424272358417511
3,TSLA,2024-04-30,0.0020215658005326986,-0.057100843638181686
3,TSLA,2024-05-01,0.002101232297718525,-0.01811370626091957
3,TSLA,2024-05-02,0.0021199751645326614,0.00011105007433798164
3,TSLA,2024-05-03,0.0020907639991492033,0.006533843465149403
3,TSLA,2024-05-06,0.0020790626294910908,0.01951143704354763
3,TSLA,2024-05-07,0.002097350312396884,-0.038342103362083435
3,TSLA,2024-05-08,0.0020276675932109356,-0.01753085106611252
3,TSLA,2024-05-09,0.0020064832642674446,-0.015864649787545204
3,TSLA,2024-05-10,0.0020059298258274794,-0.020562350749969482
3,TSLA,2024-05-13,0.0019681404810398817,0.02009703405201435
3,TSLA,2024-05-14,0.0019938857294619083,0.032397542148828506
3,TSLA,2024-05-15,0.002071821829304099,-0.02025441825389862
3,TSLA,2024-05-16,0.0020859495270997286,0.0048733907751739025
3,TSLA,2024-05-17,0.002096073469147086,0.014874021522700787
3,TSLA,2024-05-20,0.002187249483540654,-0.014245067723095417
3,TSLA,2024-05-21,0.0022195056080818176,0.06446711719036102
3,TSLA,2024-05-22,0.002339243656024337,-0.03539954125881195
3,TSLA,2024-05-23,0.0023262519389390945,-0.03600781783461571
3,TSLA,2024-05-24,0.002270284341648221,0.03116576001048088
3,TSLA,2024-05-28,0.0023179021663963795,-0.01398941595107317
3,TSLA,2024-05-29,0.0022939136251807213,-0.0031733328942209482
3,TSLA,2024-05-30,0.0022866218350827694,0.0146489217877388
3,TSLA,2024-05-31,0.0023392564617097378,-0.003978997468948364
3,TSLA,2024-06-03,0.0023424543906003237,-0.010102570988237858
3,TSLA,2024-06-04,0.0023296931758522987,-0.008659480139613152
3,TSLA,2024-06-05,0.0022940391208976507,0.0013151257298886776
3,TSLA,2024-06-06,0.0022930079139769077,0.016660453751683235
3,TSLA,2024-06-07,0.002340540522709489,-0.002588526112958789
3,TSLA,2024-06-10,0.002334070857614279,-0.0210102666169405
3,TSLA,2024-06-11,0.0023031688760966063,-0.018174340948462486
3,TSLA,2024-06-12,0.0022846569772809744,0.03811347857117653
3,TSLA,2024-06-13,0.002397140022367239,0.028799010440707207
3,TSLA,2024-06-14,0.002406659536063671,-0.024746084585785866
3,TSLA,2024-06-17,0.002365668537095189,0.05161910876631737
3,TSLA,2024-06-18,0.002471292857080698,-0.013860021717846394
3,TSLA,2024-06-20,0.0024771273601800203,-0.01795748993754387
3,TSLA,2024-06-21,0.0024435545783489943,0.007899471558630466
3,TSLA,2024-06-24,0.002459216397255659,-0.002352322917431593
3,TSLA,2024-06-25,0.0024809481110423803,0.02579011395573616
3,TSLA,2024-06-26,0.002524878131225705,0.047022055834531784
3,TSLA,2024-06-27,0.0025623589754104614,0.005332819651812315
3,TSLA,2024-06-28,0.0025820210576057434,0.0023273814003914595
3,TSLA,2024-07-01,0.0025559745263308287,0.05877983197569847
3,TSLA,2024-07-02,0.002537661697715521,0.09710194915533066
3,TSLA,2024-07-03,0.0025383075699210167,0.06337305158376694
3,TSLA,2024-07-05,0.0025002630427479744,0.020606882870197296
3,TSLA,2024-07-08,0.002439763629809022,0.005629790015518665
3,TSLA,2024-07-09,0.002321176929399371,0.036450885236263275
3,TSLA,2024-07-10,0.0022507316898554564,0.0035389719996601343
3,TSLA,2024-07-11,0.0021949331276118755,-0.08822077512741089
3,TSLA,2024-07-12,0.0019822034519165754,0.029434315860271454
3,TSLA,2024-07-15,0.0019007499795407057,0.01760982908308506
3,TSLA,2024-07-16,0.0018865079618990421,0.015396997332572937
3,TSLA,2024-07-17,0.0019498341716825962,-0.0319196991622448
3,TSLA,2024-07-18,0.0018446078756824136,0.0029333021957427263
3,TSLA,2024-07-19,0.0017812525620684028,-0.041076138615608215
3,TSLA,2024-07-22,0.0016219319077208638,0.05018271878361702
3,TSLA,2024-07-23,0.0017600468127056956,-0.02060764841735363
3,TSLA,2024-07-24,0.0017245883354917169,-0.13164293766021729
3,TSLA,2024-07-25,0.001340752001851797,0.0195311289280653
3,TSLA,2024-07-26,0.0012111518299207091,-0.002045209053903818
3,TSLA,2024-07-29,0.0012608931865543127,0.05445028096437454
3,TSLA,2024-07-30,0.0013588961446657777,-0.04170208051800728
3,TSLA,2024-07-31,0.0014321579365059733,0.04157282039523125
3,TSLA,2024-08-01,0.001600838266313076,-0.06778709590435028
3,TSLA,2024-08-02,0.0013926567044109106,-0.04330171272158623
3,TSLA,2024-08-05,0.0012945180060341954,-0.04324861988425255
3,TSLA,2024-08-06,0.0011278899619355798,0.008810602128505707
3,TSLA,2024-08-07,0.0010172172915190458,-0.04526768997311592
3,TSLA,2024-08-08,0.0008414986659772694,0.03625589981675148
3,TSLA,2024-08-09,0.0008713784045539796,0.00581690389662981
3,TSLA,2024-08-12,0.000903337262570858,-0.012629388831555843
3,TSLA,2024-08-13,0.0009359808173030615,0.05103246867656708
3,TSLA,2024-08-14,0.0011287557426840067,-0.031526751816272736
3,TSLA,2024-08-15,0.0011792322620749474,0.06143631041049957
3,TSLA,2024-08-16,0.001369113801047206,0.009203782305121422
3,TSLA,2024-08-19,0.0015217707259580493,0.030081596225500107
3,TSLA,2024-08-20,0.0016687872121110559,-0.007300267461687326
3,TSLA,2024-08-21,0.001786142704077065,0.00976670440286398
3,TSLA,2024-08-22,0.0019310350762680173,-0.05813634395599365
3,TSLA,2024-08-23,0.0018539008451625705,0.04483558610081673
3,TSLA,2024-08-26,0.001974425045773387,-0.03280344232916832
3,TSLA,2024-08-27,0.0018733739852905273,-0.0189390629529953
3,TSLA,2024-08-28,0.0018062398303300142,-0.016676723957061768
3,TSLA,2024-08-29,0.0016860004980117083,0.0025726237799972296
3,TSLA,2024-08-30,0.0016850276151672006,0.03725543990731239
3,TSLA,2024-09-03,0.0017777838511392474,-0.016529275104403496
3,TSLA,2024-09-04,0.0017999674892053008,0.040981508791446686
3,TSLA,2024-09-05,0.0019492711871862411,0.047876015305519104
3,TSLA,2024-09-06,0.002092067152261734,-0.08824048191308975
3,TSLA,2024-09-09,0.001888758153654635,0.025949973613023758
3,TSLA,2024-09-10,0.0019102173391729593,0.044759273529052734
3,TSLA,2024-09-11,0.0020459850784391165,0.008628742769360542
3,TSLA,2024-09-12,0.002117871306836605,0.0073372065089643
3,TSLA,2024-09-13,0.00215002428740263,0.002086485270410776
3,TSLA,2024-09-16,0.0021564187481999397,-0.01535897608846426
3,TSLA,2024-09-17,0.0021320567466318607,0.004794890061020851
3,TSLA,2024-09-18,0.002112995833158493,-0.0029445961117744446
3,TSLA,2024-09-19,0.002095072064548731,0.07100962102413177
3,TSLA,2024-09-20,0.0021517793647944927,-0.02351975254714489
3,TSLA,2024-09-23,0.002105413470417261,0.048140376806259155
3,TSLA,2024-09-24,0.0021422244608402252,0.016935793682932854
3,TSLA,2024-09-25,0.0021424884907901287,0.010757149197161198
3,TSLA,2024-09-26,0.002108038403093815,-0.010953821241855621
3,TSLA,2024-09-27,0.002076344797387719,0.024249227717518806
3,TSLA,2024-09-30,0.0020972397178411484,0.004482044838368893
3,TSLA,2024-10-01,0.002074992284178734,-0.013894251547753811
3,TSLA,2024-10-02,0.002004055306315422,-0.035503827035427094
3,TSLA,2024-10-03,0.0018739969236776233,-0.034148067235946655
3,TSLA,2024-10-04,0.0017528812168166041,0.0383957102894783
3,TSLA,2024-10-07,0.0018433664226904511,-0.03768957778811455
3,TSLA,2024-10-08,0.001772532588802278,0.015124010853469372
3,TSLA,2024-10-09,0.001794563140720129,-0.014210915192961693
3,TSLA,2024-10-10,0.001736837555654347,-0.009503629989922047
3,TSLA,2024-10-11,0.0017509242752566934,-0.0919235423207283
3,TSLA,2024-10-14,0.0016318939160555601,0.006224848795682192
3,TSLA,2024-10-15,0.0015768687007948756,0.001869048224762082
3,TSLA,2024-10-16,0.0015950106317177415,0.007983687333762646
3,TSLA,2024-10-17,0.0016187200089916587,-0.0019899713806807995
3,TSLA,2024-10-18,0.0016786718042567372,-0.0008605378097854555
3,TSLA,2024-10-21,0.0017269030213356018,-0.008417707867920399
3,TSLA,2024-10-22,0.0017269810196012259,-0.0040291473269462585
3,TSLA,2024-10-23,0.001735338126309216,-0.020018311217427254
3,TSLA,2024-10-24,0.0016751217190176249,0.198186993598938
3,TSLA,2024-10-25,0.0019378636498004198,0.03289133310317993
3,TSLA,2024-10-28,0.002120153047144413,-0.02512824535369873
3,TSLA,2024-10-29,0.0022119716741144657,-0.011455485597252846
3,TSLA,2024-10-30,0.0022441840264946222,-0.00761990062892437
3,TSLA,2024-10-31,0.00224266666918993,-0.030353065580129623
3,TSLA,2024-11-01,0.0021660556085407734,-0.003488207468762994
3,TSLA,2024-11-04,0.0021504447795450687,-0.024969778954982758
3,TSLA,2024-11-05,0.0021382556296885014,0.034801628440618515
3,TSLA,2024-11-06,0.0021967533975839615,0.13759465515613556
3,TSLA,2024-11-07,0.0022203847765922546,0.028630012646317482
3,TSLA,2024-11-08,0.002286785515025258,0.07869717478752136
3,TSLA,2024-11-11,0.002224523574113846,0.08580689877271652
3,TSLA,2024-11-12,0.0021734493784606457,-0.06342678517103195
3,TSLA,2024-11-13,0.0020272189285606146,0.00531326700001955
3,TSLA,2024-11-14,0.0019365756306797266,-0.059448134154081345
3,TSLA,2024-11-15,0.0016899973852559924,0.03019697219133377
3,TSLA,2024-11-18,0.0016837592702358961,0.05466435104608536
3,TSLA,2024-11-19,0.0017921413527801633,0.021205952391028404
3,TSLA,2024-11-20,0.0018663608934730291,-0.011540326289832592
3,TSLA,2024-11-21,0.001899821450933814,-0.007012172602117062
3,TSLA,2024-11-22,0.0018821869743987918,0.037334538996219635
3,TSLA,2024-11-25,0.0019031683914363384,-0.040430888533592224
3,TSLA,2024-11-26,0.0018042291048914194,-0.0010637551313266158
3,TSLA,2024-11-27,0.0017638239078223705,-0.01591402105987072
3,TSLA,2024-11-29,0.0016928835539147258,0.03619593754410744
3,TSLA,2024-12-02,0.0017759312177076936,0.03397975116968155
3,TSLA,2024-12-03,0.001907729427330196,-0.016005713492631912
3,TSLA,2024-12-04,0.0020076893270015717,0.018355289474129677
3,TSLA,2024-12-05,0.002153118373826146,0.0317862331867218
3,TSLA,2024-12-06,0.0023195366375148296,0.0520210899412632
3,TSLA,2024-12-09,0.002366695087403059,0.0014634148683398962
3,TSLA,2024-12-10,0.0023510458413511515,0.028328310698270798
3,TSLA,2024-12-11,0.0023394040763378143,0.05761135369539261
3,TSLA,2024-12-12,0.0023234360851347446,-0.01582716777920723
3,TSLA,2024-12-13,0.002252366626635194,0.04244900122284889
3,TSLA,2024-12-16,0.0022570150904357433,0.059600573033094406
3,TSLA,2024-12-17,0.0022455183789134026,0.03572413697838783
3,TSLA,2024-12-18,0.0022150645963847637,-0.08642421662807465
3,TSLA,2024-12-19,0.0018456036923453212,-0.009038042277097702
3,TSLA,2024-12-20,0.001601704629138112,-0.0352567695081234
3,TSLA,2024-12-23,0.0015076857525855303,0.02240426279604435
3,TSLA,2024-12-24,0.0014636183623224497,0.0709911659359932
3,TSLA,2024-12-26,0.0016035522567108274,-0.017787253484129906
3,TSLA,2024-12-27,0.0016392309917137027,-0.05074525997042656
3,TSLA,2024-12-30,0.0014814883470535278,-0.03356928750872612
3,TSLA,2024-12-31,0.0012539413291960955,-0.033050209283828735
3,TSLA,2025-01-02,0.0011637465795502067,-0.06274403631687164
3,TSLA,2025-01-03,0.001077729742974043,0.0789550393819809
3,TSLA,2025-01-06,0.0011646868661046028,0.001485070795752108
3,TSLA,2025-01-07,0.0013274677330628037,-0.04145067185163498
3,TSLA,2025-01-08,0.0013545291731134057,0.0014697002479806542
3,TSLA,2025-01-10,0.001374647719785571,-0.0005065652076154947
3,GOOGL,2024-03-25,0.0010967582929879427,-0.004653645679354668
3,GOOGL,2024-03-26,0.0010888536926358938,0.003989856690168381
3,GOOGL,2024-03-27,0.0010778550058603287,0.0013267287285998464
3,GOOGL,2024-03-28,0.0010803270852193236,0.0003974512219429016
3,GOOGL,2024-04-01,0.0010785071644932032,0.02976561337709427
3,GOOGL,2024-04-02,0.0010982340900227427,-0.0059993695467710495
3,GOOGL,2024-04-03,0.0010966656263917685,0.002326524816453457
3,GOOGL,2024-04-04,0.0011114281369373202,-0.02874642238020897
3,GOOGL,2024-04-05,0.0010208000894635916,0.013002179563045502
3,GOOGL,2024-04-08,0.0010136761702597141,0.015292414464056492
3,GOOGL,2024-04-09,0.0010511964792385697,0.011237879283726215
3,GOOGL,2024-04-10,0.0010609464952722192,-0.0029416843317449093
3,GOOGL,2024-04-11,0.001040972420014441,0.020726539194583893
3,GOOGL,2024-04-12,0.001085995347239077,-0.010594907216727734
3,GOOGL,2024-04-15,0.001038934919051826,-0.018363211303949356
3,GOOGL,2024-04-16,0.0009765930008143187,-0.0029748857486993074
3,GOOGL,2024-04-17,0.0009466343908570707,0.006906130816787481
3,GOOGL,2024-04-18,0.0009471452212892473,0.003467380767688155
3,GOOGL,2024-04-19,0.0009560808539390564,-0.012383341789245605
3,GOOGL,2024-04-22,0.000920376623980701,0.014112386852502823
3,GOOGL,2024-04-23,0.0009491095552220941,0.012590003199875355
3,GOOGL,2024-04-24,0.0010120320366695523,0.005482209846377373
3,GOOGL,2024-04-25,0.0010391483083367348,-0.019865496084094048
3,GOOGL,2024-04-26,0.0009989100508391857,0.09734784811735153
3,GOOGL,2024-04-29,0.00106029212474823,-0.034312933683395386
3,GOOGL,2024-04-30,0.001014677225612104,-0.02049129270017147
3,GOOGL,2024-05-01,0.0009365324513055384,0.0066127353347837925
3,GOOGL,2024-05-02,0.0009405392338521779,0.01670340821146965
3,GOOGL,2024-05-03,0.0009709146106615663,0.0037143025547266006
3,GOOGL,2024-05-06,0.0009844765299931169,0.005129171069711447
3,GOOGL,2024-05-07,0.0009983489289879799,0.018565258011221886
3,GOOGL,2024-05-08,0.001017852104268968,-0.010979659855365753
3,GOOGL,2024-05-09,0.0010056431638076901,0.0034183321986347437
3,GOOGL,2024-05-10,0.00101692124735564,-0.007737591862678528
3,GOOGL,2024-05-13,0.0009957007132470608,0.00290117715485394
3,GOOGL,2024-05-14,0.0010067940456792712,0.007069757673889399
3,GOOGL,2024-05-15,0.0010343975154682994,0.012658750638365746
3,GOOGL,2024-05-16,0.0010557918576523662,0.00963393785059452
3,GOOGL,2024-05-17,0.0010687983594834805,0.010735793970525265
3,GOOGL,2024-05-20,0.0010909808333963156,0.0048726690001785755
3,GOOGL,2024-05-21,0.0010926692048087716,0.005243037361651659
3,GOOGL,2024-05-22,0.001104537514038384,-0.00829989742487669
3,GOOGL,2024-05-23,0.0010948404669761658,-0.01617494970560074
3,GOOGL,2024-05-24,0.0010715419193729758,0.00826314091682434
3,GOOGL,2024-05-28,0.001074143685400486,0.008025262504816055
3,GOOGL,2024-05-29,0.0010777004063129425,-0.0028384923934936523
3,GOOGL,2024-05-30,0.0010798517614603043,-0.021781902760267258
3,GOOGL,2024-05-31,0.0010631898185238242,0.0022633939515799284
3,GOOGL,2024-06-03,0.0010822168551385403,0.0038765177596360445
3,GOOGL,2024-06-04,0.0010961778461933136,0.003573974594473839
3,GOOGL,2024-06-05,0.0011082565179094672,0.009278401732444763
3,GOOGL,2024-06-06,0.0011396304471418262,0.007497037760913372
3,GOOGL,2024-06-07,0.0011698352172970772,-0.012927728705108166
3,GOOGL,2024-06-10,0.001148979994468391,0.0042947749607264996
3,GOOGL,2024-06-11,0.0011718067107722163,0.009157363325357437
3,GOOGL,2024-06-12,0.0011967058526352048,0.006602511275559664
3,GOOGL,2024-06-13,0.0012048321077600121,-0.014903075993061066
3,GOOGL,2024-06-14,0.00117836007848382,0.00926254503428936
3,GOOGL,2024-06-17,0.0011989898048341274,0.002542285481467843
3,GOOGL,2024-06-18,0.0012117607984691858,-0.012204683385789394
3,GOOGL,2024-06-20,0.0011984321754425764,0.006887154653668404
3,GOOGL,2024-06-21,0.0012124096974730492,0.0187120009213686
3,GOOGL,2024-06-24,0.0012364143040031195,-0.0022851501125842333
3,GOOGL,2024-06-25,0.001248259679414332,0.026484759524464607
3,GOOGL,2024-06-26,0.0012570777907967567,-0.0008154016686603427
3,GOOGL,2024-06-27,0.0012538734590634704,0.008286230266094208
3,GOOGL,2024-06-28,0.0012598733883351088,-0.01773926615715027
3,GOOGL,2024-07-01,0.001237649703398347,0.004601066466420889
3,GOOGL,2024-07-02,0.00124046066775918,0.012220881879329681
3,GOOGL,2024-07-03,0.001254690927453339,0.0031260959804058075
3,GOOGL,2024-07-05,0.0012618765467777848,0.025398600846529007
3,GOOGL,2024-07-08,0.001272103050723672,-0.008271402679383755
3,GOOGL,2024-07-09,0.0012591229751706123,-0.00026448414428159595
3,GOOGL,2024-07-10,0.0012533796252682805,0.011574285104870796
3,GOOGL,2024-07-11,0.0012634359300136566,-0.029783157631754875
3,GOOGL,2024-07-12,0.0012269640574231744,-0.0026981811970472336
3,GOOGL,2024-07-15,0.0012082882458344102,0.00785799976438284
3,GOOGL,2024-07-16,0.0012146364897489548,-0.014091274701058865
3,GOOGL,2024-07-17,0.00117651023901999,-0.015893343836069107
3,GOOGL,2024-07-18,0.0010871553095057607,-0.018566889688372612
3,GOOGL,2024-07-19,0.0009515238925814629,-0.00016893101565074176
3,GOOGL,2024-07-22,0.0009052740642800927,0.022320199757814407
3,GOOGL,2024-07-23,0.000948642729781568,0.0006602234789170325
3,GOOGL,2024-07-24,0.0009873637463897467,-0.051701657474040985
3,GOOGL,2024-07-25,0.0007558109355159104,-0.03148135915398598
3,GOOGL,2024-07-26,0.0005998304113745689,-0.001675272942520678
3,GOOGL,2024-07-29,0.000509456847794354,0.015036146156489849
3,GOOGL,2024-07-30,0.000467658624984324,0.004472850821912289
3,GOOGL,2024-07-31,0.00047903115046210587,0.007313594687730074
3,GOOGL,2024-08-01,0.0005062794662080705,-0.004557419568300247
3,GOOGL,2024-08-02,0.000520532310474664,-0.02430301532149315
3,GOOGL,2024-08-05,0.00043321429984644055,-0.04548070579767227
3,GOOGL,2024-08-06,0.00012210485874675214,-0.006046582944691181
3,GOOGL,2024-08-07,7.814479613443837e-05,0.004098225850611925
3,GOOGL,2024-08-08,9.051665983861312e-05,0.019254565238952637
3,GOOGL,2024-08-09,0.0001232670620083809,0.010070642456412315
3,GOOGL,2024-08-12,0.00016396251157857478,-0.008467189967632294
3,GOOGL,2024-08-13,0.0002408905711490661,0.011456741951406002
3,GOOGL,2024-08-14,0.0003166140813846141,-0.023358019068837166
3,GOOGL,2024-08-15,0.0003368883626535535,0.005782327614724636
3,GOOGL,2024-08-16,0.0003718875232152641,0.010238755494356155
3,GOOGL,2024-08-19,0.0004380292375572026,0.02251102589070797
3,GOOGL,2024-08-20,0.0005423197872005403,0.0030552102252840996
3,GOOGL,2024-08-21,0.000620679056737572,-0.007987132295966148
3,GOOGL,2024-08-22,0.0006740319076925516,-0.012437611818313599
3,GOOGL,2024-08-23,0.000696913106366992,0.011049848981201649
3,GOOGL,2024-08-26,0.0007358194561675191,0.0032551116310060024
3,GOOGL,2024-08-27,0.0007657195092178881,-0.008946971967816353
3,GOOGL,2024-08-28,0.0007929623243398964,-0.011174646206200123
3,GOOGL,2024-08-29,0.0007613504421897233,-0.00659214798361063
3,GOOGL,2024-08-30,0.0007386574288830161,0.009841362945735455
3,GOOGL,2024-09-03,0.0007654359214939177,-0.03754251077771187
3,GOOGL,2024-09-04,0.0006529095699079335,-0.005799759645015001
3,GOOGL,2024-09-05,0.0005925293080508709,0.005036900285631418
3,GOOGL,2024-09-06,0.0005784794921055436,-0.0410233736038208
3,GOOGL,2024-09-09,0.00033094282844103873,-0.013425822369754314
3,GOOGL,2024-09-10,0.0002535928215365857,-0.00033627706579864025
3,GOOGL,2024-09-11,0.00021057405683677644,0.016677049919962883
3,GOOGL,2024-09-12,0.00022277097741607577,0.023084180429577827
3,GOOGL,2024-09-13,0.0002757131296675652,0.01774837076663971
3,GOOGL,2024-09-16,0.0003856919938698411,0.00380320125259459
3,GOOGL,2024-09-17,0.00046993792057037354,0.007940122857689857
3,GOOGL,2024-09-18,0.000540038279723376,0.0030709269922226667
3,GOOGL,2024-09-19,0.0005985182942822576,0.014474401250481606
3,GOOGL,2024-09-20,0.0006504338816739619,0.008903211914002895
3,GOOGL,2024-09-23,0.0006972530973143876,-0.010693293064832687
3,GOOGL,2024-09-24,0.0007321226876229048,0.0027148618828505278
3,GOOGL,2024-09-25,0.0007697246037423611,-0.004941573366522789
3,GOOGL,2024-09-26,0.0007740323198959231,0.0076490845531225204
3,GOOGL,2024-09-27,0.0007997063803486526,0.0074690780602395535
3,GOOGL,2024-09-30,0.0008142604492604733,0.01152230054140091
3,GOOGL,2024-10-01,0.0008255300926975906,0.006850371602922678
3,GOOGL,2024-10-02,0.0008537449757568538,-0.00678991200402379
3,GOOGL,2024-10-03,0.000848740222863853,0.0
3,GOOGL,2024-10-04,0.0008497503586113453,0.007208692841231823
3,GOOGL,2024-10-07,0.0008760650525800884,-0.024725347757339478
3,GOOGL,2024-10-08,0.000812704034615308,0.008553216233849525
3,GOOGL,2024-10-09,0.000802066526375711,-0.015449008904397488
3,GOOGL,2024-10-10,0.0007769684889353812,0.0013582210522145033
3,GOOGL,2024-10-11,0.0007878821925260127,0.007131548132747412
3,GOOGL,2024-10-14,0.0008037723018787801,0.010481524281203747
3,GOOGL,2024-10-15,0.0008253595442511141,0.003026507329195738
3,GOOGL,2024-10-16,0.0008488849271088839,-0.0018149351235479116
3,GOOGL,2024-10-17,0.0008549757185392082,-0.013593902811408043
3,GOOGL,2024-10-18,0.0008513834909535944,0.003002893179655075
3,GOOGL,2024-10-21,0.0008666455396451056,0.0039696344174444675
3,GOOGL,2024-10-22,0.0008753784350119531,0.006500404793769121
3,GOOGL,2024-10-23,0.0008996908436529338,-0.014394174329936504
3,GOOGL,2024-10-24,0.0008787860861048102,-0.0003685456467792392
3,GOOGL,2024-10-25,0.0008882966358214617,0.015549647621810436
3,GOOGL,2024-10-28,0.0009281962411478162,0.008735145442187786
3,GOOGL,2024-10-29,0.0009597932803444564,0.017598580569028854
3,GOOGL,2024-10-30,0.0009947813814505935,0.027781039476394653
3,GOOGL,2024-10-31,0.0009972125990316272,-0.01938888430595398
3,GOOGL,2024-11-01,0.0009696743218228221,0.0010514244204387069
3,GOOGL,2024-11-04,0.000958687742240727,-0.012040137313306332
3,GOOGL,2024-11-05,0.0009637758485041559,0.002950081368908286
3,GOOGL,2024-11-06,0.0009745904826559126,0.039109669625759125
3,GOOGL,2024-11-07,0.0009574826108291745,0.023737214505672455
3,GOOGL,2024-11-08,0.0010043684160336852,-0.013366949744522572
3,GOOGL,2024-11-11,0.0009775938233360648,0.011151609942317009
3,GOOGL,2024-11-12,0.0009826197056099772,0.007017230149358511
3,GOOGL,2024-11-13,0.0009872830705717206,-0.015201479196548462
3,GOOGL,2024-11-14,0.0009522718610242009,-0.018620343878865242
3,GOOGL,2024-11-15,0.0008973721996881068,-0.017755569890141487
3,GOOGL,2024-11-18,0.0008131925715133548,0.01615939289331436
3,GOOGL,2024-11-19,0.0008334594313055277,0.015958884730935097
3,GOOGL,2024-11-20,0.0008695154683664441,-0.012087163515388966
3,GOOGL,2024-11-21,0.0008522832649759948,-0.04861118271946907
3,GOOGL,2024-11-22,0.000751666899304837,-0.01726931892335415
3,GOOGL,2024-11-25,0.00063203094759956,0.017388490960001945
3,GOOGL,2024-11-26,0.0006718238582834601,0.008730174973607063
3,GOOGL,2024-11-27,0.0007358180591836572,0.0006502785254269838
3,GOOGL,2024-11-29,0.0007857745513319969,-0.0016560291405767202
3,GOOGL,2024-12-02,0.0008128102053888142,0.014922239817678928
3,GOOGL,2024-12-03,0.0008439852390438318,-0.0008751476416364312
3,GOOGL,2024-12-04,0.000880060251802206,0.017529580742120743
3,GOOGL,2024-12-05,0.000931587943341583,-0.009970883838832378
3,GOOGL,2024-12-06,0.0009994301944971085,0.011919030919671059
3,GOOGL,2024-12-09,0.001046572346240282,0.004915796685963869
3,GOOGL,2024-12-10,0.0010816078865900636,0.05437641218304634
3,GOOGL,2024-12-11,0.001113441656343639,0.053774360567331314
3,GOOGL,2024-12-12,0.0011237799189984798,-0.01776168867945671
3,GOOGL,2024-12-13,0.0011105129960924387,-0.011210736818611622
3,GOOGL,2024-12-16,0.0010837872978299856,0.035400014370679855
3,GOOGL,2024-12-17,0.0011007650755345821,-0.006325309164822102
3,GOOGL,2024-12-18,0.0010590276215225458,-0.03658363223075867
3,GOOGL,2024-12-19,0.0009244032553397119,0.0005835714982822537
3,GOOGL,2024-12-20,0.0008427135762758553,0.015266761183738708
3,GOOGL,2024-12-23,0.0008413299219682813,0.016682641580700874
3,GOOGL,2024-12-24,0.0008352125296369195,0.007575304247438908
3,GOOGL,2024-12-26,0.0008631075033918023,-0.0026038363575935364
3,GOOGL,2024-12-27,0.0008815102046355605,-0.014625933952629566
3,GOOGL,2024-12-30,0.0008514164946973324,-0.007916699163615704
3,GOOGL,2024-12-31,0.0007896643946878612,-0.010196108371019363
3,GOOGL,2025-01-02,0.0007060632342472672,0.0006863906164653599
3,GOOGL,2025-01-03,0.0007047882536426187,0.012381516396999359
3,GOOGL,2025-01-06,0.0007862446364015341,0.02614258974790573
3,GOOGL,2025-01-07,0.0008845720440149307,-0.007034326437860727
3,GOOGL,2025-01-08,0.0009375744848512113,-0.007908831350505352
3,GOOGL,2025-01-10,0.0009825066663324833,-0.009896681644022465
3,AMZN,2024-03-25,0.0013068849220871925,0.004685220308601856
3,AMZN,2024-03-26,0.0013355468399822712,-0.007876936346292496
3,AMZN,2024-03-27,0.0013079717755317688,0.008544428274035454
3,AMZN,2024-03-28,0.001327333739027381,0.0030537934508174658
3,AMZN,2024-04-01,0.00133504590485245,0.0032655145041644573
3,AMZN,2024-04-02,0.0013336503179743886,-0.0015484091127291322
3,AMZN,2024-04-03,0.0013357471907511353,0.009474051184952259
3,AMZN,2024-04-04,0.001367300865240395,-0.013300069607794285
3,AMZN,2024-04-05,0.0013039418263360858,0.02777731791138649
3,AMZN,2024-04-08,0.0013374264817684889,0.0006481668096967041
3,AMZN,2024-04-09,0.0013384902849793434,0.002588556380942464
3,AMZN,2024-04-10,0.001342945033684373,0.0015069093788042665
3,AMZN,2024-04-11,0.0013382951728999615,0.01653374172747135
3,AMZN,2024-04-12,0.0013618578668683767,-0.015566164627671242
3,AMZN,2024-04-15,0.0012945999624207616,-0.013577002100646496
3,AMZN,2024-04-16,0.0011779536725953221,-0.0016350785735994577
3,AMZN,2024-04-17,0.0011095236986875534,-0.011190509423613548
3,AMZN,2024-04-18,0.0009789059404283762,-0.011428681202232838
3,AMZN,2024-04-19,0.0008889262098819017,-0.025944627821445465
3,AMZN,2024-04-22,0.0007786836940795183,0.014778820797801018
3,AMZN,2024-04-23,0.0008027395233511925,0.01294968742877245
3,AMZN,2024-04-24,0.0009042916353791952,-0.016567345708608627
3,AMZN,2024-04-25,0.0008830936858430505,-0.016673704609274864
3,AMZN,2024-04-26,0.0008652374381199479,0.03368654474616051
3,AMZN,2024-04-29,0.0009521086467429996,0.00743256788700819
3,AMZN,2024-04-30,0.0010280436836183071,-0.033490076661109924
3,AMZN,2024-05-01,0.0009138273308053613,0.022599831223487854
3,AMZN,2024-05-02,0.0009806470479816198,0.03145536407828331
3,AMZN,2024-05-03,0.0010783392935991287,0.008033933117985725
3,AMZN,2024-05-06,0.0011537015670910478,0.01328333094716072
3,AMZN,2024-05-07,0.0012013696832582355,0.00031790154753252864
3,AMZN,2024-05-08,0.001200746395625174,-0.004034374840557575
3,AMZN,2024-05-09,0.0012028904166072607,0.007947062142193317
3,AMZN,2024-05-10,0.0012216957984492183,-0.010716874152421951
3,AMZN,2024-05-13,0.001192575553432107,-0.004865607246756554
3,AMZN,2024-05-14,0.0011770897544920444,0.002676374511793256
3,AMZN,2024-05-15,0.001188000082038343,-0.005789979360997677
3,AMZN,2024-05-16,0.0011732198763638735,-0.012770048342645168
3,AMZN,2024-05-17,0.0011137359542772174,0.005809980444610119
3,AMZN,2024-05-20,0.0011455405037850142,-0.006300279404968023
3,AMZN,2024-05-21,0.0011270121904090047,-0.0021271349396556616
3,AMZN,2024-05-22,0.0010912423022091389,-0.0001091460871975869
3,AMZN,2024-05-23,0.00107165751978755,-0.011423056945204735
3,AMZN,2024-05-24,0.000969499524217099,-0.0016583920223638415
3,AMZN,2024-05-28,0.0009795399382710457,0.007715628948062658
3,AMZN,2024-05-29,0.0010533948661759496,-0.0007138953078538179
3,AMZN,2024-05-30,0.0011016594944521785,-0.014944634400308132
3,AMZN,2024-05-31,0.001110563986003399,-0.016191070899367332
3,AMZN,2024-06-03,0.0011316967429593205,0.01071093138307333
3,AMZN,2024-06-04,0.0011977049289271235,0.005591604858636856
3,AMZN,2024-06-05,0.0012357602827250957,0.010759365744888783
3,AMZN,2024-06-06,0.0012718248181045055,0.02031303383409977
3,AMZN,2024-06-07,0.0013195871142670512,-0.0037909438833594322
3,AMZN,2024-06-10,0.0013319788267835975,0.014864526689052582
3,AMZN,2024-06-11,0.0013664945727214217,0.0009083768236450851
3,AMZN,2024-06-12,0.001383372931741178,-0.0018175796139985323
3,AMZN,2024-06-13,0.0013949415879324079,-0.01650877855718136
3,AMZN,2024-06-14,0.0013701884308829904,-0.0009251853334717453
3,AMZN,2024-06-17,0.001370136276818812,0.0021755360066890717
3,AMZN,2024-06-18,0.0013760016299784184,-0.00681442953646183
3,AMZN,2024-06-20,0.001370609737932682,0.01783684827387333
3,AMZN,2024-06-21,0.0013980244984850287,0.01588601991534233
3,AMZN,2024-06-24,0.001420138869434595,-0.01873800717294216
3,AMZN,2024-06-25,0.0014017432695254683,0.004140733741223812
3,AMZN,2024-06-26,0.0013937782496213913,0.03827288746833801
3,AMZN,2024-06-27,0.0014123782748356462,0.021663369610905647
3,AMZN,2024-06-28,0.001418541418388486,-0.023524509742856026
3,AMZN,2024-07-01,0.0013794469414278865,0.02023373916745186
3,AMZN,2024-07-02,0.0013817142462357879,0.014098940417170525
3,AMZN,2024-07-03,0.0013877381570637226,-0.012123208492994308
3,AMZN,2024-07-05,0.0013678886462002993,0.012123208492994308
3,AMZN,2024-07-08,0.0013770562363788486,-0.003556349780410528
3,AMZN,2024-07-09,0.0013574421172961593,0.00025087452377192676
3,AMZN,2024-07-10,0.0013546241680160165,0.0022548900451511145
3,AMZN,2024-07-11,0.001354789244942367,-0.024010829627513885
3,AMZN,2024-07-12,0.001306155463680625,-0.0028751755598932505
3,AMZN,2024-07-15,0.0012767940061166883,-0.00914241187274456
3,AMZN,2024-07-16,0.0012289370642974973,0.0015554679557681084
3,AMZN,2024-07-17,0.001224795589223504,-0.02672431990504265
3,AMZN,2024-07-18,0.0010461901547387242,-0.022493375465273857
3,AMZN,2024-07-19,0.000872877542860806,-0.0033798280637711287
3,AMZN,2024-07-22,0.0007801332394592464,-0.003172184806317091
3,AMZN,2024-07-23,0.0007554471958428621,0.020924443379044533
3,AMZN,2024-07-24,0.0008001388632692397,-0.03039119765162468
3,AMZN,2024-07-25,0.0006999030010774732,-0.0054341694340109825
3,AMZN,2024-07-26,0.000603778928052634,0.01462696772068739
3,AMZN,2024-07-29,0.0006089287926442921,0.0038282624445855618
3,AMZN,2024-07-30,0.000659574696328491,-0.008166388608515263
3,AMZN,2024-07-31,0.0006652701995335519,0.02858959138393402
3,AMZN,2024-08-01,0.0007814045529812574,-0.01568547636270523
3,AMZN,2024-08-02,0.0007689485792070627,-0.09194762259721756
3,AMZN,2024-08-05,0.0002651502436492592,-0.04183991998434067
3,AMZN,2024-08-06,0.00017451128223910928,0.005635490640997887
3,AMZN,2024-08-07,0.00017591743380762637,0.005174089688807726
3,AMZN,2024-08-08,0.0001592744665686041,0.01844407431781292
3,AMZN,2024-08-09,-4.71449238830246e-05,0.006852219812572002
3,AMZN,2024-08-12,4.118020297028124e-05,-0.0008389728027395904
3,AMZN,2024-08-13,9.806815069168806e-05,0.02035493031144142
3,AMZN,2024-08-14,0.00011410308798076585,-0.0007639034884050488
3,AMZN,2024-08-15,0.00020238700381014496,0.04309096559882164
3,AMZN,2024-08-16,0.0003336530062370002,-0.0029888576827943325
3,AMZN,2024-08-19,0.00046227211714722216,0.0065301042050123215
3,AMZN,2024-08-20,0.0005612316308543086,0.0036964681930840015
3,AMZN,2024-08-21,0.0006363004213199019,0.006852561607956886
3,AMZN,2024-08-22,0.0006968665402382612,-0.022345392033457756
3,AMZN,2024-08-23,0.0007268863264471292,0.005153271369636059
3,AMZN,2024-08-26,0.0007768424111418426,-0.00873661506921053
3,AMZN,2024-08-27,0.000771518680267036,-0.013654075562953949
3,AMZN,2024-08-28,0.0007326480117626488,-0.013491667807102203
3,AMZN,2024-08-29,0.000619183003436774,0.007698580157011747
3,AMZN,2024-08-30,0.000659987039398402,0.03639672324061394
3,AMZN,2024-09-03,0.0007537189521826804,-0.012685159221291542
3,AMZN,2024-09-04,0.000816144747659564,-0.016706138849258423
3,AMZN,2024-09-05,0.0008068344322964549,0.025968076661229134
3,AMZN,2024-09-06,0.0008735592709854245,-0.03722371906042099
3,AMZN,2024-09-09,0.0007870076806284487,0.023127388209104538
3,AMZN,2024-09-10,0.0008321235072799027,0.023384692147374153
3,AMZN,2024-09-11,0.0008818205096758902,0.027304144576191902
3,AMZN,2024-09-12,0.0008989766356535256,0.013350735418498516
3,AMZN,2024-09-13,0.0009122467017732561,-0.0027309691067785025
3,AMZN,2024-09-16,0.0009392581414431334,-0.008616597391664982
3,AMZN,2024-09-17,0.0009531118557788432,0.0107056749984622
3,AMZN,2024-09-18,0.0009530035313218832,-0.0024109315127134323
3,AMZN,2024-09-19,0.0009484395268373191,0.01828380674123764
3,AMZN,2024-09-20,0.0009485350456088781,0.009070295840501785
3,AMZN,2024-09-23,0.0009512306423857808,0.011829539202153683
3,AMZN,2024-09-24,0.0009473695536144078,0.0004125507257413119
3,AMZN,2024-09-25,0.0009481383021920919,-0.007400007452815771
3,AMZN,2024-09-26,0.0009210067219100893,-0.007141186390072107
3,AMZN,2024-09-27,0.0009189497795887291,-0.01682841032743454
3,AMZN,2024-09-30,0.000870066462084651,-0.008763076737523079
3,AMZN,2024-10-01,0.0008209098014049232,-0.006460997741669416
3,AMZN,2024-10-02,0.0006920032319612801,-0.002000651555135846
3,AMZN,2024-10-03,0.0006390887429006398,-0.015270736999809742
3,AMZN,2024-10-04,0.0005740987253375351,0.024697907269001007
3,AMZN,2024-10-07,0.0007041548960842192,-0.031093362718820572
3,AMZN,2024-10-08,0.0006512104300782084,0.010563467629253864
3,AMZN,2024-10-09,0.0006926234345883131,0.013319378718733788
3,AMZN,2024-10-10,0.0007421262562274933,0.00796086061745882
3,AMZN,2024-10-11,0.0007818193989805877,0.011559045873582363
3,AMZN,2024-10-14,0.0008050346514210105,-0.006802098825573921
3,AMZN,2024-10-15,0.0008145400788635015,0.0007995585328899324
3,AMZN,2024-10-16,0.0008379550999961793,-0.00427147326990962
3,AMZN,2024-10-17,0.000853330479003489,0.003418620675802231
3,AMZN,2024-10-18,0.0008749148692004383,0.0077553060837090015
3,AMZN,2024-10-21,0.0008922183187678456,0.0004232229257468134
3,AMZN,2024-10-22,0.0009159267647191882,0.0033265051897615194
3,AMZN,2024-10-23,0.0009429825004190207,-0.026656799018383026
3,AMZN,2024-10-24,0.000912319403141737,0.009000563062727451
3,AMZN,2024-10-25,0.0009350533946417272,0.007749681826680899
3,AMZN,2024-10-28,0.000955544353928417,0.002976970747113228
3,AMZN,2024-10-29,0.0009846002794802189,0.012868709862232208
3,AMZN,2024-10-30,0.0010455368319526315,0.009907234460115433
3,AMZN,2024-10-31,0.0010788216022774577,-0.03339535370469093
3,AMZN,2024-11-01,0.0009964766213670373,0.060018524527549744
3,AMZN,2024-11-04,0.001093172817490995,-0.010921822860836983
3,AMZN,2024-11-05,0.0011368865380063653,0.01882266253232956
3,AMZN,2024-11-06,0.001198051730170846,0.0373392291367054
3,AMZN,2024-11-07,0.0011944131692871451,0.014192148111760616
3,AMZN,2024-11-08,0.001225693617016077,-0.008942557498812675
3,AMZN,2024-11-11,0.0011822136584669352,-0.006457525305449963
3,AMZN,2024-11-12,0.001138758147135377,0.009958025068044662
3,AMZN,2024-11-13,0.0011455982457846403,0.02453966997563839
3,AMZN,2024-11-14,0.0011536943493410945,-0.012312812730669975
3,AMZN,2024-11-15,0.0011155179236084223,-0.04284746199846268
3,AMZN,2024-11-18,0.0009580891346558928,-0.0045015220530331135
3,AMZN,2024-11-19,0.0008630824740976095,0.014324300922453403
3,AMZN,2024-11-20,0.0008659335435368121,-0.008491035550832748
3,AMZN,2024-11-21,0.0007560159428976476,-0.022430287674069405
3,AMZN,2024-11-22,0.0006655227043665946,-0.006371752824634314
3,AMZN,2024-11-25,0.0006406765314750373,0.02172854170203209
3,AMZN,2024-11-26,0.0006887280032970011,0.03132358193397522
3,AMZN,2024-11-27,0.0008539441623724997,-0.010251516476273537
3,AMZN,2024-11-29,0.0009354828507639468,0.010395828634500504
3,AMZN,2024-12-02,0.0010153435869142413,0.013473721221089363
3,AMZN,2024-12-03,0.0010920738568529487,0.012872961349785328
3,AMZN,2024-12-04,0.0011771575082093477,0.021872980520129204
3,AMZN,2024-12-05,0.0012238204944878817,0.0108956852927804
3,AMZN,2024-12-06,0.00125960074365139,0.02895772084593773
3,AMZN,2024-12-09,0.0012656761100515723,-0.0041490281000733376
3,AMZN,2024-12-10,0.0012391560012474656,-0.004654999356716871
3,AMZN,2024-12-11,0.0011986774625256658,0.022930946201086044
3,AMZN,2024-12-12,0.0011973053915426135,-0.005618085619062185
3,AMZN,2024-12-13,0.0011642638128250837,-0.006616567727178335
3,AMZN,2024-12-16,0.0011410982115194201,0.023763516917824745
3,AMZN,2024-12-17,0.0012072352692484856,-0.0076711238361895084
3,AMZN,2024-12-18,0.0011804860550910234,-0.047078412026166916
3,AMZN,2024-12-19,0.0009673979366198182,0.012482931837439537
3,AMZN,2024-12-20,0.000863187073264271,0.007273430470377207
3,AMZN,2024-12-23,0.0009175435989163816,0.0006222471711225808
3,AMZN,2024-12-24,0.0008877154905349016,0.017573311924934387
3,AMZN,2024-12-26,0.0009928143117576838,-0.00877006258815527
3,AMZN,2024-12-27,0.0010156594216823578,-0.014640914276242256
3,AMZN,2024-12-30,0.0009489361546002328,-0.011010096408426762
3,AMZN,2024-12-31,0.0008395607001148164,-0.008668296039104462
3,AMZN,2025-01-02,0.0007654133369214833,0.003776086959987879
3,AMZN,2025-01-03,0.0007814769633114338,0.017866864800453186
3,AMZN,2025-01-06,0.0009052061941474676,0.01513972319662571
3,AMZN,2025-01-07,0.001023092307150364,-0.02446088381111622
3,AMZN,2025-01-08,0.000984254409559071,9.00606537470594e-05
3,AMZN,2025-01-10,0.0009746506693772972,-0.014465087093412876
3,META,2024-03-25,0.0013886544620618224,-0.012956689111888409
3,META,2024-03-26,0.0013879942707717419,-0.014275816269218922
3,META,2024-03-27,0.0013187108561396599,-0.004102179314941168
3,META,2024-03-28,0.001298190327361226,-0.016907989978790283
3,META,2024-04-01,0.0011988384649157524,0.011812756769359112
3,META,2024-04-02,0.0012109855888411403,0.012177471071481705
3,META,2024-04-03,0.0013349370565265417,0.01866375468671322
3,META,2024-04-04,0.001485329819843173,0.008215093985199928
3,META,2024-04-05,0.001527389045804739,0.03163249418139458
3,META,2024-04-08,0.0015825224108994007,-0.015460140071809292
3,META,2024-04-09,0.001583180739544332,-0.0045359437353909016
3,META,2024-04-10,0.0015761770773679018,0.005652317311614752
3,META,2024-04-11,0.0015867827460169792,0.006385490298271179
3,META,2024-04-12,0.001610634266398847,-0.0217580609023571
3,META,2024-04-15,0.0015460666036233306,-0.023061245679855347
3,META,2024-04-16,0.0014697194565087557,-0.0009400653652846813
3,META,2024-04-17,0.0014395604375749826,-0.011248319409787655
3,META,2024-04-18,0.001380539033561945,0.015322024002671242
3,META,2024-04-19,0.0014150800416246057,-0.0421888530254364
3,META,2024-04-22,0.0012702374951913953,0.0013709783088415861
3,META,2024-04-23,0.0011902275728061795,0.029393766075372696
3,META,2024-04-24,0.0012615157756954432,-0.005254737567156553
3,META,2024-04-25,0.0012743452098220587,-0.11161666363477707
3,META,2024-04-26,0.0010538476053625345,0.004318147897720337
3,META,2024-04-29,0.0009571309201419353,-0.0243645291775465
3,META,2024-04-30,0.0008246530196629465,-0.005679252091795206
3,META,2024-05-01,0.0006846331525593996,0.020751550793647766
3,META,2024-05-02,0.0006775155779905617,0.005653596017509699
3,META,2024-05-03,0.000681402743794024,0.02300797589123249
3,META,2024-05-06,0.0007521488005295396,0.029905075207352638
3,META,2024-05-07,0.0008535168599337339,0.005482211709022522
3,META,2024-05-08,0.0009276064811274409,0.009268311783671379
3,META,2024-05-09,0.000998223666101694,0.0059493537992239
3,META,2024-05-10,0.0010611338075250387,0.0016394117847085
3,META,2024-05-13,0.001107801217585802,-0.0173482708632946
3,META,2024-05-14,0.0011525950394570827,0.008171402849256992
3,META,2024-05-15,0.001213112729601562,0.020328110083937645
3,META,2024-05-16,0.0012595797888934612,-0.017407706007361412
3,META,2024-05-17,0.0013072896981611848,-0.0027932566590607166
3,META,2024-05-20,0.0013445209478959441,-0.006526674143970013
3,META,2024-05-21,0.00135621998924762,-0.009020136669278145
3,META,2024-05-22,0.0013664846774190664,0.006756628397852182
3,META,2024-05-23,0.0013888980029150844,-0.004284718073904514
3,META,2024-05-24,0.0013062456855550408,0.02635745145380497
3,META,2024-05-28,0.0013716701650992036,0.0035485930275171995
3,META,2024-05-29,0.0013994688633829355,-0.01165297906845808
3,META,2024-05-30,0.0013570499140769243,-0.01553015410900116
3,META,2024-05-31,0.0013056600000709295,-0.0004711666260845959
3,META,2024-06-03,0.0013281804276630282,0.022578148171305656
3,META,2024-06-04,0.001448682858608663,-0.0010477162431925535
3,META,2024-06-05,0.0014725183136761189,0.0371834971010685
3,META,2024-06-06,0.0015008928021416068,-0.0026294365525245667
3,META,2024-06-07,0.0015133809065446258,-0.001621548435650766
3,META,2024-06-10,0.0015145514626055956,0.019366592168807983
3,META,2024-06-11,0.0015551216201856732,0.009643040597438812
3,META,2024-06-12,0.0015750630991533399,0.002695933450013399
3,META,2024-06-13,0.0015828534960746765,-0.00935904961079359
3,META,2024-06-14,0.0015746046556159854,0.0011115148663520813
3,META,2024-06-17,0.001582419965416193,0.004887199029326439
3,META,2024-06-18,0.0015911714872345328,-0.01419341191649437
3,META,2024-06-20,0.0015875324606895447,0.004414852242916822
3,META,2024-06-21,0.00159161735791713,-0.013889141380786896
3,META,2024-06-24,0.001573317451402545,0.008312533609569073
3,META,2024-06-25,0.0015951191307976842,0.023160744458436966
3,META,2024-06-26,0.0016203648410737514,0.004923246800899506
3,META,2024-06-27,0.0016341734444722533,0.012472635135054588
3,META,2024-06-28,0.0016522847581654787,-0.029969779774546623
3,META,2024-07-01,0.0016165231354534626,0.0009119592723436654
3,META,2024-07-02,0.001606576843187213,0.009505311958491802
3,META,2024-07-03,0.0016111736185848713,0.000902392144780606
3,META,2024-07-05,0.0016173649346455932,0.05707002058625221
3,META,2024-07-08,0.001670905272476375,-0.019809111952781677
3,META,2024-07-09,0.0016499076737090945,0.0012837463291361928
3,META,2024-07-10,0.0016481922939419746,0.008810067549347878
3,META,2024-07-11,0.001652529463171959,-0.04199599474668503
3,META,2024-07-12,0.0016216348158195615,-0.027345482259988785
3,META,2024-07-15,0.0015728725120425224,-0.005447076633572578
3,META,2024-07-16,0.0015362147241830826,-0.012921708635985851
3,META,2024-07-17,0.0015060185687616467,-0.05843354016542435
3,META,2024-07-18,0.001358953770250082,0.029559558257460594
3,META,2024-07-19,0.001357533154077828,0.001973429461941123
3,META,2024-07-22,0.0013453791616484523,0.022008858621120453
3,META,2024-07-23,0.0013694424415007234,0.0026432096492499113
3,META,2024-07-24,0.0013980624498799443,-0.05774463713169098
3,META,2024-07-25,0.001228921813890338,-0.01718689128756523
3,META,2024-07-26,0.0010453123832121491,0.02674490213394165
3,META,2024-07-29,0.0010602729162201285,2.1506135453819297e-05
3,META,2024-07-30,0.0010573245817795396,-0.005425869021564722
3,META,2024-07-31,0.0010396521538496017,0.02481956221163273
3,META,2024-08-01,0.0011093529174104333,0.047120943665504456
3,META,2024-08-02,0.0012074806727468967,-0.019475528970360756
3,META,2024-08-05,0.001267793821170926,-0.025751635432243347
3,META,2024-08-06,0.0012208281550556421,0.03786703944206238
3,META,2024-08-07,0.001258160686120391,-0.010518752969801426
3,META,2024-08-08,0.0012952955439686775,0.04148608446121216
3,META,2024-08-09,0.0013755240943282843,0.015846218913793564
3,META,2024-08-12,0.0014361835783347487,-0.003521380014717579
3,META,2024-08-13,0.0014580945717170835,0.024108614772558212
3,META,2024-08-14,0.0015054336981847882,-0.0033733288291841745
3,META,2024-08-15,0.0014876802451908588,0.019867265596985817
3,META,2024-08-16,0.001492518582381308,-0.018615147098898888
3,META,2024-08-19,0.0014633152168244123,0.003520393278449774
3,META,2024-08-20,0.0014501821715384722,-0.0048295543529093266
3,META,2024-08-21,0.001433487981557846,0.015877554193139076
3,META,2024-08-22,0.0014642284950241446,-0.006053815595805645
3,META,2024-08-23,0.0014353302540257573,-0.007415762171149254
3,META,2024-08-26,0.001455014804378152,-0.013115794397890568
3,META,2024-08-27,0.0014018092770129442,-0.003883681260049343
3,META,2024-08-28,0.0013948874548077583,-0.004479359835386276
3,META,2024-08-29,0.001323775970377028,0.002782534807920456
3,META,2024-08-30,0.0012583943316712976,0.005945250857621431
3,META,2024-09-03,0.0012520801974460483,-0.01848924346268177
3,META,2024-09-04,0.0011743122013285756,0.0019130983855575323
3,META,2024-09-05,0.0012628893600776792,0.008003154769539833
3,META,2024-09-06,0.0013524825917556882,-0.0326240174472332
3,META,2024-09-09,0.001244623214006424,0.008994564414024353
3,META,2024-09-10,0.001269257627427578,0.0
3,META,2024-09-11,0.001289996551349759,0.013850007206201553
3,META,2024-09-12,0.0013618477387353778,0.026547951623797417
3,META,2024-09-13,0.0014778566546738148,-0.0018663632217794657
3,META,2024-09-16,0.0015637482283636928,0.01732618734240532
3,META,2024-09-17,0.0016282963333651423,0.0056842174381017685
3,META,2024-09-18,0.0016344329342246056,0.003034604014828801
3,META,2024-09-19,0.0016451491974294186,0.03856269270181656
3,META,2024-09-20,0.0016450161347165704,0.004016344901174307
3,META,2024-09-23,0.0016374714905396104,0.005436205305159092
3,META,2024-09-24,0.0016024779761210084,-0.0019150635926052928
3,META,2024-09-25,0.001588613260537386,0.008801054209470749
3,META,2024-09-26,0.001553292735479772,-0.0008270930266007781
3,META,2024-09-27,0.001546316547319293,-0.0008456299547106028
3,META,2024-09-30,0.0015159082831814885,0.008913838304579258
3,META,2024-10-01,0.0015073420945554972,0.007015286944806576
3,META,2024-10-02,0.0015207069227471948,-0.006369289942085743
3,META,2024-10-03,0.0014977491227909923,0.01723851077258587
3,META,2024-10-04,0.0015487545169889927,0.022347403690218925
3,META,2024-10-07,0.0015798291424289346,-0.018904129043221474
3,META,2024-10-08,0.0015124920755624771,0.013773057609796524
3,META,2024-10-09,0.0015124217607080936,-0.004022121429443359
3,META,2024-10-10,0.0014982407446950674,-0.011376825161278248
3,META,2024-10-11,0.0014762058854103088,0.010427995584905148
3,META,2024-10-14,0.0015032477676868439,0.0007963157841004431
3,META,2024-10-15,0.0014914973871782422,-0.007053751032799482
3,META,2024-10-16,0.0014794630696997046,-0.016302205622196198
3,META,2024-10-17,0.0014234798727557063,0.00024283805396407843
3,META,2024-10-18,0.0014737889869138598,-0.0007977985660545528
3,META,2024-10-21,0.0015020148130133748,-0.002274902770295739
3,META,2024-10-22,0.001502139843069017,0.011839324608445168
3,META,2024-10-23,0.0015643280930817127,-0.03198329731822014
3,META,2024-10-24,0.0014780692290514708,0.0072296480648219585
3,META,2024-10-25,0.0015060629229992628,0.009587815031409264
3,META,2024-10-28,0.0015405029989778996,0.00852880533784628
3,META,2024-10-29,0.0015941531164571643,0.025815922766923904
3,META,2024-10-30,0.0016649059252813458,-0.0024977633729577065
3,META,2024-10-31,0.0016838376177474856,-0.04178708419203758
3,META,2024-11-01,0.0015207623364403844,-0.0007403750205412507
3,META,2024-11-04,0.0014302843483164907,-0.011491010896861553
3,META,2024-11-05,0.0012993233976885676,0.020740045234560966
3,META,2024-11-06,0.0013753791572526097,-0.000664024380967021
3,META,2024-11-07,0.0013964965473860502,0.03377346321940422
3,META,2024-11-08,0.0015864750603213906,-0.003996581304818392
3,META,2024-11-11,0.0016290521016344428,-0.010524527169764042
3,META,2024-11-12,0.0016343718161806464,0.0028253733180463314
3,META,2024-11-13,0.0016522568184882402,-0.008275884203612804
3,META,2024-11-14,0.0016329080099239945,-0.004908644128590822
3,META,2024-11-15,0.00162227894179523,-0.04081038013100624
3,META,2024-11-18,0.001399857341311872,0.0005772688309662044
3,META,2024-11-19,0.0012997535523027182,0.011994987726211548
3,META,2024-11-20,0.0013121067313477397,0.007864131592214108
3,META,2024-11-21,0.0013549071736633778,-0.004306039772927761
3,META,2024-11-22,0.0013668539468199015,-0.0070396289229393005
3,META,2024-11-25,0.0013479264453053474,0.01062051858752966
3,META,2024-11-26,0.0014057133812457323,0.014807168394327164
3,META,2024-11-27,0.0015010858187451959,-0.007595622446388006
3,META,2024-11-29,0.0015558862360194325,0.008954628370702267
3,META,2024-12-02,0.001611547078937292,0.03172105550765991
3,META,2024-12-03,0.0016753919189795852,0.03451709821820259
3,META,2024-12-04,0.0017252943944185972,0.0002118511329172179
3,META,2024-12-05,0.0017390318680554628,-0.007933255285024643
3,META,2024-12-06,0.0017224967014044523,0.02407842129468918
3,META,2024-12-09,0.0017124919686466455,-0.016487471759319305
3,META,2024-12-10,0.001666220254264772,0.009327836334705353
3,META,2024-12-11,0.0016495662275701761,0.021342750638723373
3,META,2024-12-12,0.0016434341669082642,-0.0029918968211859465
3,META,2024-12-13,0.0016170763410627842,-0.0166891198605299
3,META,2024-12-16,0.001572021865285933,0.007057298440486193
3,META,2024-12-17,0.0016236953670158982,-0.007719026878476143
3,META,2024-12-18,0.0016040686750784516,-0.03658042103052139
3,META,2024-12-19,0.001350029488094151,-0.002716438379138708
3,META,2024-12-20,0.0012069951044395566,-0.017479900270700455
3,META,2024-12-23,0.0011825861874967813,0.02464042790234089
3,META,2024-12-24,0.0012392285279929638,0.013084093108773232
3,META,2024-12-26,0.0013384729390963912,-0.007266150787472725
3,META,2024-12-27,0.0013989879516884685,-0.005884306970983744
3,META,2024-12-30,0.0014233858091756701,-0.014391190372407436
3,META,2024-12-31,0.0013887569075450301,-0.009738494642078876
3,META,2025-01-02,0.0013291563373059034,0.023178724572062492
3,META,2025-01-03,0.001388891483657062,0.008954574353992939
3,META,2025-01-06,0.0014827076811343431,0.04142049327492714
3,META,2025-01-07,0.001632597530260682,-0.019726676866412163
3,META,2025-01-08,0.0016385981580242515,-0.011672008782625198
3,META,2025-01-10,0.0016165999695658684,0.008381119929254055
3,SPY,2024-03-25,0.0008960445993579924,-0.002766657155007124
3,SPY,2024-03-26,0.0008885654387995601,-0.001848558778874576
3,SPY,2024-03-27,0.000876308826263994,0.008368568494915962
3,SPY,2024-03-28,0.0008971237693913281,-0.00019129691645503044
3,SPY,2024-04-01,0.0008992123184725642,-0.0017409671563655138
3,SPY,2024-04-02,0.0008957417448982596,-0.006378494668751955
3,SPY,2024-04-03,0.0008794772438704967,0.0010979323415085673
3,SPY,2024-04-04,0.0008880029781721532,-0.012281196191906929
3,SPY,2024-04-05,0.0008303381619043648,0.01039254479110241
3,SPY,2024-04-08,0.0008433176553808153,0.0005592787056230009
3,SPY,2024-04-09,0.0008545887540094554,0.0011560029815882444
3,SPY,2024-04-10,0.0008622874738648534,-0.010063635185360909
3,SPY,2024-04-11,0.0007954061729833484,0.007518771104514599
3,SPY,2024-04-12,0.0008315416052937508,-0.013899296522140503
3,SPY,2024-04-15,0.0007599599775858223,-0.012607306241989136
3,SPY,2024-04-16,0.0006796061061322689,-0.0018253903836011887
3,SPY,2024-04-17,0.0006483163451775908,-0.0059358193539083
3,SPY,2024-04-18,0.000614477670751512,-0.0020598256960511208
3,SPY,2024-04-19,0.0005879069212824106,-0.008766712620854378
3,SPY,2024-04-22,0.0005519241094589233,0.009166988544166088
3,SPY,2024-04-23,0.0005838160286657512,0.011796780861914158
3,SPY,2024-04-24,0.0006585129885934293,-0.00047488906420767307
3,SPY,2024-04-25,0.0006975078140385449,-0.0038060706574469805
3,SPY,2024-04-26,0.0007107799756340683,0.009429419413208961
3,SPY,2024-04-29,0.0007475671009160578,0.003534986637532711
3,SPY,2024-04-30,0.0007898319163359702,-0.01596779190003872
3,SPY,2024-05-01,0.0007382892654277384,-0.0032526212744414806
3,SPY,2024-05-02,0.0007354594417847693,0.009310102090239525
3,SPY,2024-05-03,0.0007679926347918808,0.012319138273596764
3,SPY,2024-05-06,0.0008149853674694896,0.010273776948451996
3,SPY,2024-05-07,0.0008383792592212558,0.0011028756853193045
3,SPY,2024-05-08,0.0008434181800112128,9.653770393924788e-05
3,SPY,2024-05-09,0.0008506763842888176,0.005745389498770237
3,SPY,2024-05-10,0.000865275040268898,0.0012873397208750248
3,SPY,2024-05-13,0.0008601009612902999,0.00013429844693746418
3,SPY,2024-05-14,0.0008694683783687651,0.004577548708766699
3,SPY,2024-05-15,0.000876353238709271,0.01230708509683609
3,SPY,2024-05-16,0.0008819284266792238,-0.002059522084891796
3,SPY,2024-05-17,0.0008673685370013118,0.00143627414945513
3,SPY,2024-05-20,0.0008711870759725571,0.001151509233750403
3,SPY,2024-05-21,0.0008716057636775076,0.0024494642857462168
3,SPY,2024-05-22,0.0008794523891992867,-0.0028833134565502405
3,SPY,2024-05-23,0.0008724250947125256,-0.007330967113375664
3,SPY,2024-05-24,0.0008532156934961677,0.0065946015529334545
3,SPY,2024-05-28,0.0008613239624537528,0.000698625750374049
3,SPY,2024-05-29,0.0008643282926641405,-0.007027262356132269
3,SPY,2024-05-30,0.0008455064962618053,-0.006655678618699312
3,SPY,2024-05-31,0.0008252845727838576,0.009066744707524776
3,SPY,2024-06-03,0.0008446454303339124,0.0008149083587341011
3,SPY,2024-06-04,0.0008599627180956304,0.0011172655504196882
3,SPY,2024-06-05,0.0008679007296450436,0.011815224774181843
3,SPY,2024-06-06,0.0009070896776393056,-1.8757655197987333e-05
3,SPY,2024-06-07,0.0009182205540128052,-0.0012163640931248665
3,SPY,2024-06-10,0.0009084765915758908,0.0030848903115838766
3,SPY,2024-06-11,0.0009227637783624232,0.0024053268134593964
3,SPY,2024-06-12,0.0009277048520743847,0.008179450407624245
3,SPY,2024-06-13,0.000924026477150619,0.0020117168314754963
3,SPY,2024-06-14,0.0009154522558674216,0.0006080851308070123
3,SPY,2024-06-17,0.0009124202770181,0.007927552796900272
3,SPY,2024-06-18,0.0009143390925601125,0.0025373834650963545
3,SPY,2024-06-20,0.0009126334334723651,-0.00272036949172616
3,SPY,2024-06-21,0.0008946576272137463,-0.0013416220899671316
3,SPY,2024-06-24,0.0008868610020726919,-0.0032558052334934473
3,SPY,2024-06-25,0.0008768526604399085,0.003843588288873434
3,SPY,2024-06-26,0.0008768884581513703,0.0012473779497668147
3,SPY,2024-06-27,0.0008738716132938862,0.0015751057071611285
3,SPY,2024-06-28,0.0008899162639863789,-0.003942942712455988
3,SPY,2024-07-01,0.0008695645956322551,0.0020561383571475744
3,SPY,2024-07-02,0.0008793947636149824,0.006707005202770233
3,SPY,2024-07-03,0.0008977051475085318,0.004452706314623356
3,SPY,2024-07-05,0.0009087808430194855,0.005749921780079603
3,SPY,2024-07-08,0.000918121833819896,0.0011533189099282026
3,SPY,2024-07-09,0.0009129981626756489,0.0009719246882013977
3,SPY,2024-07-10,0.0009031586232595146,0.009846755303442478
3,SPY,2024-07-11,0.0009130688267759979,-0.008660065941512585
3,SPY,2024-07-12,0.0008900809334591031,0.006287816446274519
3,SPY,2024-07-15,0.0008945855079218745,0.002746290061622858
3,SPY,2024-07-16,0.0008970689377747476,0.005912601016461849
3,SPY,2024-07-17,0.0009100132156163454,-0.014120464213192463
3,SPY,2024-07-18,0.0008759102784097195,-0.0077143218368291855
3,SPY,2024-07-19,0.000850202573928982,-0.006662901025265455
3,SPY,2024-07-22,0.0008138175471685827,0.010257069952785969
3,SPY,2024-07-23,0.0008291745325550437,-0.0015696255723014474
3,SPY,2024-07-24,0.0008144322200678289,-0.022923504933714867
3,SPY,2024-07-25,0.0006798399845138192,-0.005223698448389769
3,SPY,2024-07-26,0.0006177861941978335,0.011137301102280617
3,SPY,2024-07-29,0.0006592395948246121,0.0005876292707398534
3,SPY,2024-07-30,0.0006745322607457638,-0.0050794342532753944
3,SPY,2024-07-31,0.0006617764593102038,0.01612403802573681
3,SPY,2024-08-01,0.0007290979265235364,-0.014262206852436066
3,SPY,2024-08-02,0.0006775595247745514,-0.018793758004903793
3,SPY,2024-08-05,0.0005998638225719333,-0.02955632284283638
3,SPY,2024-08-06,0.0004507187695708126,0.009177186526358128
3,SPY,2024-08-07,0.00042046274757012725,-0.006706363521516323
3,SPY,2024-08-08,0.0003568700631149113,0.02285432070493698
3,SPY,2024-08-09,0.00043372309301048517,0.00439976342022419
3,SPY,2024-08-12,0.0005047254962846637,0.0005253843264654279
3,SPY,2024-08-13,0.0005502027343027294,0.016311731189489365
3,SPY,2024-08-14,0.0006186776445247233,0.0031500444747507572
3,SPY,2024-08-15,0.0006629146519117057,0.016994699835777283
3,SPY,2024-08-16,0.0007254584925249219,0.0022395970299839973
3,SPY,2024-08-19,0.0007738841813988984,0.00951601006090641
3,SPY,2024-08-20,0.0007950884755700827,-0.0016272722277790308
3,SPY,2024-08-21,0.0007976543856784701,0.0034305681474506855
3,SPY,2024-08-22,0.0007986940909177065,-0.007879587821662426
3,SPY,2024-08-23,0.0007752084056846797,0.010569334030151367
3,SPY,2024-08-26,0.0007973956526257098,-0.0023867653217166662
3,SPY,2024-08-27,0.0007866019732318819,0.0013721291907131672
3,SPY,2024-08-28,0.000791501603089273,-0.005821990314871073
3,SPY,2024-08-29,0.0007696074899286032,8.941311534726992e-05
3,SPY,2024-08-30,0.0007708063931204379,0.0095010194927454
3,SPY,2024-09-03,0.0007902096258476377,-0.02079395018517971
3,SPY,2024-09-04,0.0007438855245709419,-0.0020489287562668324
3,SPY,2024-09-05,0.0006862955051474273,-0.0024351433385163546
3,SPY,2024-09-06,0.0006632941658608615,-0.016973096877336502
3,SPY,2024-09-09,0.0005704713985323906,0.011133579537272453
3,SPY,2024-09-10,0.0006152744172140956,0.004346456844359636
3,SPY,2024-09-11,0.0006677143392153084,0.010206697508692741
3,SPY,2024-09-12,0.0007245134911499918,0.008387845940887928
3,SPY,2024-09-13,0.0007699447451159358,0.0052093034610152245
3,SPY,2024-09-16,0.0007930382271297276,0.0014757262542843819
3,SPY,2024-09-17,0.0008049003081396222,0.00040865002665668726
3,SPY,2024-09-18,0.0008056515944190323,-0.0029704542830586433
3,SPY,2024-09-19,0.000799929432105273,0.016920531168580055
3,SPY,2024-09-20,0.0008058860548771918,-0.0017300986219197512
3,SPY,2024-09-23,0.0008031012257561088,0.002495897002518177
3,SPY,2024-09-24,0.00080289994366467,0.002857182640582323
3,SPY,2024-09-25,0.000809193414170295,-0.002208119025453925
3,SPY,2024-09-26,0.0007983723771758378,0.003956743516027927
3,SPY,2024-09-27,0.0008025856222957373,-0.0014511251356452703
3,SPY,2024-09-30,0.0007960583898238838,0.00399918993934989
3,SPY,2024-10-01,0.0007953239837661386,-0.008998755365610123
3,SPY,2024-10-02,0.0007774268160574138,0.0004218751273583621
3,SPY,2024-10-03,0.0007658767281100154,-0.0018298511859029531
3,SPY,2024-10-04,0.0007558942888863385,0.009046273306012154
3,SPY,2024-10-07,0.0007805267232470214,-0.009081597439944744
3,SPY,2024-10-08,0.0007657757378183305,0.00941321812570095
3,SPY,2024-10-09,0.0007878486067056656,0.006902497727423906
3,SPY,2024-10-10,0.0008012242033146322,-0.0017516780644655228
3,SPY,2024-10-11,0.000804750481620431,0.005970484111458063
3,SPY,2024-10-14,0.0008110748021863401,0.00814529974013567
3,SPY,2024-10-15,0.0008106043096631765,-0.007800157181918621
3,SPY,2024-10-16,0.0007981226081028581,0.004336995538324118
3,SPY,2024-10-17,0.000797805842012167,8.589374192524701e-05
3,SPY,2024-10-18,0.000799577625002712,0.00383916893042624
3,SPY,2024-10-21,0.000809496094007045,-0.0016437366139143705
3,SPY,2024-10-22,0.0008036356884986162,-0.0005313208675943315
3,SPY,2024-10-23,0.0008051121840253472,-0.009179368615150452
3,SPY,2024-10-24,0.0007831772090867162,0.002160467207431793
3,SPY,2024-10-25,0.0007889058906584978,-0.00034546450478956103
3,SPY,2024-10-28,0.0007802864420227706,0.003086554352194071
3,SPY,2024-10-29,0.0007879511686041951,0.0016171785537153482
3,SPY,2024-10-30,0.000803689647000283,-0.003030009102076292
3,SPY,2024-10-31,0.0008021408575586975,-0.019797559827566147
3,SPY,2024-11-01,0.0007108558202162385,0.0042114886455237865
3,SPY,2024-11-04,0.0006939272861927748,-0.0021561065223068
3,SPY,2024-11-05,0.0006761792465113103,0.012019291520118713
3,SPY,2024-11-06,0.0007578906370326877,0.024561475962400436
3,SPY,2024-11-07,0.0008082740823738277,0.007702321745455265
3,SPY,2024-11-08,0.00086071970872581,0.004322148393839598
3,SPY,2024-11-11,0.0008658092119731009,0.0009525362984277308
3,SPY,2024-11-12,0.000865315436385572,-0.0031112756114453077
3,SPY,2024-11-13,0.0008543133735656738,0.0004858593747485429
3,SPY,2024-11-14,0.0008488714811392128,-0.0064510744996368885
3,SPY,2024-11-15,0.0008392537711188197,-0.012891167774796486
3,SPY,2024-11-18,0.0008139307028613985,0.004088932182639837
3,SPY,2024-11-19,0.0008137166732922196,0.0036488096229732037
3,SPY,2024-11-20,0.0008172972593456507,0.0003388758341316134
3,SPY,2024-11-21,0.0008179389405995607,0.005353888962417841
3,SPY,2024-11-22,0.0008330580894835293,0.0030947052873671055
3,SPY,2024-11-25,0.0008417345234192908,0.0033863645512610674
3,SPY,2024-11-26,0.0008516125963069499,0.005207899492233992
3,SPY,2024-11-27,0.0008722556522116065,-0.00303479190915823
3,SPY,2024-11-29,0.0008760786149650812,0.006192937958985567
3,SPY,2024-12-02,0.0008871409809216857,0.001790722832083702
3,SPY,2024-12-03,0.0008880822570063174,0.0004636315570678562
3,SPY,2024-12-04,0.0009027905762195587,0.006190413609147072
3,SPY,2024-12-05,0.000912054325453937,-0.0016470950795337558
3,SPY,2024-12-06,0.0009248204296454787,0.0018940026639029384
3,SPY,2024-12-09,0.000924488645978272,-0.005163080990314484
3,SPY,2024-12-10,0.000907409586943686,-0.003113730810582638
3,SPY,2024-12-11,0.0008921141270548105,0.007700805086642504
3,SPY,2024-12-12,0.0009031040244735777,-0.00516606355085969
3,SPY,2024-12-13,0.0008854164043441415,-0.00019853480625897646
3,SPY,2024-12-16,0.0008809075807221234,0.0042608631774783134
3,SPY,2024-12-17,0.0009164868388324976,-0.0041285022161901
3,SPY,2024-12-18,0.0009030298097059131,-0.030256718397140503
3,SPY,2024-12-19,0.0007744799950160086,-0.0003070936945732683
3,SPY,2024-12-20,0.0006780123803764582,0.011939452961087227
3,SPY,2024-12-23,0.000734143890440464,0.005970454774796963
3,SPY,2024-12-24,0.0007645985460840166,0.011053675785660744
3,SPY,2024-12-26,0.0008146999753080308,6.658957863692194e-05
3,SPY,2024-12-27,0.0008397632045671344,-0.010582380928099155
3,SPY,2024-12-30,0.0008315426530316472,-0.011477092280983925
3,SPY,2024-12-31,0.0007924669189378619,-0.0036445579025894403
3,SPY,2025-01-02,0.0007213020580820739,-0.002460253657773137
3,SPY,2025-01-03,0.000650228641461581,0.012425986118614674
3,SPY,2025-01-06,0.0007204188732430339,0.005743981804698706
3,SPY,2025-01-07,0.0007810049573890865,-0.011368421837687492
3,SPY,2025-01-08,0.000748149526771158,0.0014598399866372347
3,SPY,2025-01-10,0.0007437755120918155,-0.015385068953037262
4,AAPL,2025-01-13,-0.0004283898160792887,-0.01039794646203518
4,AAPL,2025-01-14,-0.0007054057787172496,-0.0047896429896354675
4,AAPL,2025-01-15,-0.0007979501970112324,0.019484858959913254
4,AAPL,2025-01-16,-0.0006088856607675552,-0.041238877922296524
4,AAPL,2025-01-17,-0.0006663950625807047,0.007506965193897486
4,AAPL,2025-01-21,-0.0004829749814234674,-0.032436124980449677
4,AAPL,2025-01-22,9.969929669750854e-05,0.005330720450729132
4,AAPL,2025-01-23,0.000211956343264319,-0.0007599411183036864
4,AAPL,2025-01-24,0.0002753114385996014,-0.0039422232657670975
4,AAPL,2025-01-27,0.0002601078595034778,0.03128569573163986
4,AAPL,2025-01-28,-0.0007323662284761667,0.03589194267988205
4,AAPL,2025-01-29,-0.0005098808906041086,0.0046062953770160675
4,AAPL,2025-01-30,-0.00012244575191289186,-0.007422196678817272
4,AAPL,2025-01-31,0.0002688647364266217,-0.006714791990816593
4,AAPL,2025-02-03,0.00029033448663540184,-0.03444225341081619
4,AAPL,2025-02-04,-0.00014203728642314672,0.02079024538397789
4,AAPL,2025-02-05,4.188101684121648e-06,-0.0014185270993039012
4,AAPL,2025-02-06,1.2721905477519613e-05,0.003220972139388323
4,AAPL,2025-02-07,9.467543713981286e-05,-0.024260656908154488
4,AAPL,2025-02-10,-0.00015929140499792993,0.0011866980930790305
4,AAPL,2025-02-11,-9.444583702133968e-05,0.021596940234303474
4,AAPL,2025-02-12,0.00019903456268366426,0.0181051604449749
4,AAPL,2025-02-13,0.00035964875132776797,0.019482234492897987
4,AAPL,2025-02-14,0.00041028112173080444,0.01263049803674221
4,AAPL,2025-02-18,0.00040648868889547884,-0.0005315837333910167
4,AAPL,2025-02-19,0.0004090715083293617,0.001634846325032413
4,AAPL,2025-02-20,0.0004139012307859957,0.003912785556167364
4,AAPL,2025-02-21,0.00041162269189953804,-0.0011395912151783705
4,AAPL,2025-02-24,0.0004212734056636691,0.006292531732469797
4,AAPL,2025-02-25,0.00041268725180998445,-0.00024290071451105177
4,AAPL,2025-02-26,0.00038854850572533906,-0.02741251513361931
4,AAPL,2025-02-27,0.00016745273023843765,-0.012812557630240917
4,AAPL,2025-02-28,-0.0002482440904714167,0.018951214849948883
4,AAPL,2025-03-03,-0.0001842689234763384,-0.01587964966893196
4,AAPL,2025-03-04,-0.00031350631616078317,-0.008861677721142769
4,AAPL,2025-03-05,-0.00042458975804038346,-0.00080553611041978
4,AAPL,2025-03-06,-0.00040975265437737107,-0.0017407508566975594
4,AAPL,2025-03-07,-0.0003378446854185313,0.01576765812933445
4,AAPL,2025-03-10,-0.00012610512203536928,-0.04969414323568344
4,AAPL,2025-03-11,-0.0007589503657072783,-0.029623810201883316
4,AAPL,2025-03-12,-0.0004694358503911644,-0.017633378505706787
4,AAPL,2025-03-13,2.884822060877923e-05,-0.03422253951430321
4,AAPL,2025-03-14,0.0006540235481224954,0.01800745166838169
4,AAPL,2025-03-17,0.0006250583101063967,0.0023860190995037556
4,AAPL,2025-03-18,0.0006249017897062004,-0.006140284240245819
4,AAPL,2025-03-19,0.0006692979950457811,0.011918035335838795
4,AAPL,2025-03-20,0.00061114999698475,-0.005310680717229843
4,AAPL,2025-03-21,0.0006063066539354622,0.019289741292595863
4,AAPL,2025-03-24,0.0003516417637001723,0.0112073365598917
4,AAPL,2025-03-25,1.7511809346615337e-05,0.013589204289019108
4,AAPL,2025-03-26,-0.0004625697620213032,-0.009971301071345806
4,AAPL,2025-03-27,-0.0005681674228981137,0.010418228805065155
4,AAPL,2025-03-28,-0.0006790299667045474,-0.02694004960358143
4,AAPL,2025-03-31,-0.0006904639885760844,0.01922657899558544
4,AAPL,2025-04-01,-0.0004244970332365483,0.0047605279833078384
4,AAPL,2025-04-02,-0.0002889945462811738,0.003131381468847394
4,AAPL,2025-04-03,-0.00011755385639844462,-0.09701328724622726
4,AAPL,2025-04-04,0.00019405814236961305,-0.07568024098873138
4,AAPL,2025-04-07,0.0016917696921154857,-0.03742597624659538
4,AAPL,2025-04-08,0.0029740354511886835,-0.05110190808773041
4,AAPL,2025-04-09,0.0041973828338086605,0.14261743426322937
4,AAPL,2025-04-10,0.003372473642230034,-0.043318603187799454
4,AAPL,2025-04-11,0.0036741422954946756,0.039792127907276154
4,AAPL,2025-04-14,0.003320938441902399,0.021814361214637756
4,AAPL,2025-04-15,0.003145891707390547,-0.0018781628459692001
4,AAPL,2025-04-16,0.00284266727976501,-0.03971163555979729
4,AAPL,2025-04-17,0.0028957705944776535,0.013853269629180431
4,AAPL,2025-04-21,0.0029272346291691065,-0.01958325318992138
4,AAPL,2025-04-22,0.0027452821377664804,0.03349760174751282
4,AAPL,2025-04-23,0.0025159164797514677,0.02404041774570942
4,AAPL,2025-04-24,0.0020275472197681665,0.018258392810821533
4,AAPL,2025-04-25,0.0007028714753687382,0.004357709549367428
4,AAPL,2025-04-28,0.0006102954503148794,0.004100949969142675
4,AAPL,2025-04-29,0.00023195581161417067,0.005078935530036688
4,AAPL,2025-04-30,4.5835116907255724e-05,0.006089044269174337
4,AAPL,2025-05-01,-0.00017514177307020873,0.003851469373330474
4,AAPL,2025-05-02,-0.00025807967176660895,-0.03807755187153816
4,AAPL,2025-05-05,0.00017321882478427142,-0.03196397051215172
4,AAPL,2025-05-06,0.0005875931237824261,-0.0019123200327157974
4,AAPL,2025-05-07,0.0005550138303078711,-0.011450359597802162
4,AAPL,2025-05-08,0.0006779833929613233,0.00629868358373642
4,AAPL,2025-05-09,0.0004941035876981914,0.005252211820334196
4,AAPL,2025-05-12,9.980923096009064e-06,0.06123270466923714
4,AAPL,2025-05-13,-0.0006796505767852068,0.010101133957505226
4,AAPL,2025-05-14,-0.00032002010266296566,-0.0028217711951583624
4,AAPL,2025-05-15,-0.00028208590811118484,-0.004153083078563213
4,AAPL,2025-05-16,-0.00018150503456126899,-0.0008990378119051456
4,AAPL,2025-05-19,-0.00018052448285743594,-0.01180849689990282
4,AAPL,2025-05-20,-0.00018451215873938054,-0.009238837286829948
4,AAPL,2025-05-21,-0.0002310565032530576,-0.02332916110754013
4,AAPL,2025-05-22,-0.00046183133963495493,-0.0036187029909342527
4,AAPL,2025-05-23,-0.0005915366346016526,-0.030711090192198753
4,AAPL,2025-05-27,-0.00028460330213420093,0.02498370036482811
4,AAPL,2025-05-28,-0.00035142796696163714,0.0010482444195076823
4,AAPL,2025-05-29,-0.0005542339640669525,-0.0023480006493628025
4,AAPL,2025-05-30,-0.0006542018381878734,0.004491048399358988
4,AAPL,2025-06-02,-0.0006967607187107205,0.004223110154271126
4,AAPL,2025-06-03,-0.0005753798177465796,0.0077538033947348595
4,AAPL,2025-06-04,-0.0005210411618463695,-0.0022162317764014006
4,AAPL,2025-06-05,-0.00046154664596542716,-0.01085650734603405
4,AAPL,2025-06-06,-0.0005782800144515932,0.01626524142920971
4,AAPL,2025-06-09,-0.00037498591700568795,-0.012186448089778423
4,AAPL,2025-06-10,-0.00042512855725362897,0.006037801969796419
4,AAPL,2025-06-11,-0.00032185798045247793,-0.019380366429686546
4,AAPL,2025-06-12,-0.0004975938936695457,0.002110680565237999
4,AAPL,2025-06-13,-0.00040746541344560683,-0.01390138640999794
4,AAPL,2025-06-16,-0.0006583182257600129,0.009978054091334343
4,AAPL,2025-06-17,-0.0005390663864091039,-0.014109778217971325
4,AAPL,2025-06-18,-0.0006821592105552554,0.004793273750692606
4,AAPL,2025-06-20,-0.0005470930482260883,0.022235369309782982
4,AAPL,2025-06-23,-0.00015032677038107067,0.0024845199659466743
4,AAPL,2025-06-24,3.3739015634637326e-05,-0.00597314303740859
4,AAPL,2025-06-25,8.022555994102731e-05,0.006270770914852619
4,AAPL,2025-06-26,-2.0159216091997223e-06,-0.002782147377729416
4,AAPL,2025-06-27,2.896601836255286e-05,0.0003979564644396305
4,AAPL,2025-06-30,7.407715747831389e-05,0.020136140286922455
4,AAPL,2025-07-01,0.00027605475042946637,0.012833409942686558
4,AAPL,2025-07-02,0.00033194877323694527,0.021987272426486015
4,AAPL,2025-07-03,0.0003871807421091944,0.005211253184825182
4,AAPL,2025-07-07,0.00035254814429208636,-0.017001532018184662
4,AAPL,2025-07-08,0.00017171526269521564,0.00028572347946465015
4,AAPL,2025-07-09,0.0002974012750200927,0.0053663095459342
4,AAPL,2025-07-10,0.0004079077043570578,0.0059969923458993435
4,AAPL,2025-07-11,0.0004184920690022409,-0.005902376025915146
4,AAPL,2025-07-14,0.00040984811494126916,-0.012101594358682632
4,AAPL,2025-07-15,0.0002365488326177001,0.0023460006341338158
4,AAPL,2025-07-16,0.0003802928258664906,0.005008801817893982
4,AAPL,2025-07-17,0.000409755390137434,-0.0006663876120001078
4,AAPL,2025-07-18,0.00043888529762625694,0.005507932510226965
4,AAPL,2025-07-21,0.0004096223274245858,0.0061370874755084515
4,AAPL,2025-07-22,0.00040176804759539664,0.008995498530566692
4,AAPL,2025-07-23,0.0003764425637200475,-0.001166782807558775
4,AAPL,2025-07-24,0.000382664060452953,-0.0018227346008643508
4,AAPL,2025-07-25,0.00038327486254274845,0.0005613277317024767
4,AAPL,2025-07-28,0.00037266541039571166,0.0007944126264192164
4,AAPL,2025-07-29,0.00036058240220882,-0.013072567991912365
4,AAPL,2025-07-30,0.00037243307451717556,-0.010563613846898079
4,AAPL,2025-07-31,0.00037736096419394016,-0.007104769814759493
4,AAPL,2025-08-01,0.00031793193193152547,-0.02532144822180271
4,AAPL,2025-08-04,-0.00018232416186947376,0.0047814263962209225
4,AAPL,2025-08-05,-0.00035325001226738095,-0.0021167488303035498
4,AAPL,2025-08-06,-0.00048039431567303836,0.049653250724077225
4,AAPL,2025-08-07,0.00030651752604171634,0.031298793852329254
4,AAPL,2025-08-08,0.00037038035225123167,0.041485339403152466
4,AAPL,2025-08-11,0.00037632696330547333,-0.008372346870601177
4,AAPL,2025-08-12,0.00040180076030083,0.010813678614795208
4,AAPL,2025-08-13,0.00039906741585582495,0.015897424891591072
4,AAPL,2025-08-14,0.0003994153521489352,-0.0023599497508257627
4,AAPL,2025-08-15,0.0003475308185443282,-0.0051252469420433044
4,AAPL,2025-08-18,0.00018764416745398194,-0.003027136204764247
4,AAPL,2025-08-19,-8.77073616720736e-05,-0.0014302554773166776
4,AAPL,2025-08-20,-0.00026724228519015014,-0.01993192918598652
4,AAPL,2025-08-21,-0.0005130494246259332,-0.004923439584672451
4,AAPL,2025-08-22,-0.0006521731265820563,0.012636642903089523
4,AAPL,2025-08-25,-0.0004916014731861651,-0.002637768629938364
4,AAPL,2025-08-26,-0.0005567415500991046,0.0094200624153018
4,AAPL,2025-08-27,-0.0004683113074861467,0.005132819525897503
4,AAPL,2025-08-28,-0.00036862483830191195,0.008940696716308594
4,AAPL,2025-08-29,-0.0001533666072646156,-0.0018076964188367128
4,AAPL,2025-09-02,0.00015676692419219762,-0.010479368269443512
4,AAPL,2025-09-03,0.00011399647337384522,0.037382371723651886
4,AAPL,2025-09-04,0.00036542629823088646,0.005478243343532085
4,AAPL,2025-09-05,0.0003480685409158468,-0.0003753805358428508
4,AAPL,2025-09-08,0.0003445782349444926,-0.007580039091408253
4,AAPL,2025-09-09,0.0003420597640797496,-0.014950642362236977
4,AAPL,2025-09-10,0.00034500143374316394,-0.032791197299957275
4,AAPL,2025-09-11,0.0002706644299905747,0.014185244217514992
4,AAPL,2025-09-12,0.0002831979072652757,0.017410414293408394
4,AAPL,2025-09-15,0.0003376826934982091,0.01117334421724081
4,AAPL,2025-09-16,0.0003436009574215859,0.006107180844992399
4,AAPL,2025-09-17,0.00033973544486798346,0.0035210703499615192
4,AAPL,2025-09-18,0.00033270465792156756,-0.0046554142609238625
4,AAPL,2025-09-19,0.0003314994100946933,0.031530577689409256
4,AAPL,2025-09-22,0.00031720224069431424,0.04219288378953934
4,AAPL,2025-09-23,0.0003311132895760238,-0.006464121397584677
4,AAPL,2025-09-24,0.0003401946451049298,-0.008367259986698627
4,AAPL,2025-09-25,0.0003509633243083954,0.01791161298751831
4,AAPL,2025-09-26,0.0003491909010335803,-0.00550423888489604
4,AAPL,2025-09-29,0.0003582024364732206,-0.004040114115923643
4,AAPL,2025-09-30,0.00036857303348369896,0.000785764423198998
4,AAPL,2025-10-01,0.0003646082477644086,0.003215200500562787
4,AAPL,2025-10-02,0.0003619490598794073,0.006555081810802221
4,AAPL,2025-10-03,0.00036063475999981165,0.003455285681411624
4,AAPL,2025-10-06,0.00035850456333719194,-0.005167905706912279
4,AAPL,2025-10-07,0.00036217266460880637,-0.0008183880127035081
4,AAPL,2025-10-08,0.00036376077332533896,0.006141320802271366
4,AAPL,2025-10-09,0.00034327045432291925,-0.01570037566125393
4,AAPL,2025-10-10,0.00036717799957841635,-0.035132065415382385
4,AAPL,2025-10-13,-2.565621616668068e-05,0.009697220288217068
4,AAPL,2025-10-14,-4.1450098251516465e-06,0.00044403222273103893
4,AAPL,2025-10-15,2.9421940780594014e-05,0.0063165402971208096
4,AAPL,2025-10-16,0.00029666503542102873,-0.007608874700963497
4,AAPL,2025-10-17,0.00031828531064093113,0.019370688125491142
4,AAPL,2025-10-20,0.00037257923395372927,0.038680825382471085
4,AAPL,2025-10-21,0.0003399983106646687,0.002019112231209874
4,AAPL,2025-10-22,0.0003533072886057198,-0.016576780006289482
4,AAPL,2025-10-23,0.000371373986126855,0.004362503532320261
4,AAPL,2025-10-24,0.00036199053283780813,0.012404496781527996
4,AAPL,2025-10-27,0.0003592015418689698,0.022535545751452446
4,AAPL,2025-10-28,0.00036429084138944745,0.0007064546225592494
4,AAPL,2025-10-29,0.0003764676512219012,0.002598830033093691
4,MSFT,2025-01-13,-0.00045460095861926675,-0.004209787119179964
4,MSFT,2025-01-14,-0.0006211067666299641,-0.003650119761005044
4,MSFT,2025-01-15,-0.0006223393720574677,0.025275032967329025
4,MSFT,2025-01-16,-0.00023380355560220778,-0.00406633410602808
4,MSFT,2025-01-17,-3.21503757731989e-05,0.010426470078527927
4,MSFT,2025-01-21,0.0002818084030877799,-0.0012361494591459632
4,MSFT,2025-01-22,0.0003292529727332294,0.04047662392258644
4,MSFT,2025-01-23,0.0003027183120138943,0.001142349443398416
4,MSFT,2025-01-24,0.00030875494121573865,-0.0059499843046069145
4,MSFT,2025-01-27,0.0003147124662064016,-0.021625634282827377
4,MSFT,2025-01-28,0.0003238973440602422,0.028671851381659508
4,MSFT,2025-01-29,0.0003285390848759562,-0.010949693620204926
4,MSFT,2025-01-30,0.00031760084675624967,-0.06380178779363632
4,MSFT,2025-01-31,-0.00030289962887763977,0.0001686743344180286
4,MSFT,2025-02-03,-0.0005091031198389828,-0.010024459101259708
4,MSFT,2025-02-04,-0.0006930141244083643,0.003522339276969433
4,MSFT,2025-02-05,-0.0006168922991491854,0.002228586468845606
4,MSFT,2025-02-06,-0.0005510482587851584,0.00610286695882678
4,MSFT,2025-02-07,-0.00042429662426002324,-0.014705265872180462
4,MSFT,2025-02-10,-0.0005154787213541567,0.00600996520370245
4,MSFT,2025-02-11,-0.00040546568925492465,-0.0018938817083835602
4,MSFT,2025-02-12,-0.00038001060602255166,-0.005850310903042555
4,MSFT,2025-02-13,-0.0003931397804990411,0.003660434391349554
4,MSFT,2025-02-14,-0.0002969297638628632,-0.0051528336480259895
4,MSFT,2025-02-18,-0.00035615480737760663,0.002958151279017329
4,MSFT,2025-02-19,-0.0002764358650892973,0.012445420026779175
4,MSFT,2025-02-20,6.837063119746745e-05,0.005276690702885389
4,MSFT,2025-02-21,0.00032585818553343415,-0.01921594701707363
4,MSFT,2025-02-24,0.00011560152051970363,-0.010366846807301044
4,MSFT,2025-02-25,-6.919800216564909e-05,-0.01521420106291771
4,MSFT,2025-02-26,-0.00032700810697861016,0.004588660318404436
4,MSFT,2025-02-27,-3.240614023525268e-05,-0.018176421523094177
4,MSFT,2025-02-28,-0.00014042542898096144,0.011298085562884808
4,MSFT,2025-03-03,-0.00026799464831128716,-0.0216436218470335
4,MSFT,2025-03-04,-0.0005977347609587014,0.0003086937067564577
4,MSFT,2025-03-05,-0.0007155613275244832,0.031435176730155945
4,MSFT,2025-03-06,-0.0004486485559027642,-0.010352028533816338
4,MSFT,2025-03-07,-0.00047644556616432965,-0.009061090648174286
4,MSFT,2025-03-10,-0.0006228827405720949,-0.034005943685770035
4,MSFT,2025-03-11,-0.00019005165086127818,0.0007626153528690338
4,MSFT,2025-03-12,8.388053174712695e-06,0.007384896744042635
4,MSFT,2025-03-13,-0.00011334536247886717,-0.0118106659501791
4,MSFT,2025-03-14,7.153428305173293e-05,0.025518564507365227
4,MSFT,2025-03-17,-0.0005025955615565181,0.0003603327786549926
4,MSFT,2025-03-18,-0.0007806175854057074,-0.013416257686913013
4,MSFT,2025-03-19,-0.0006386978784576058,0.011149648576974869
4,MSFT,2025-03-20,-0.0007028862019069493,-0.002530080499127507
4,MSFT,2025-03-21,-0.0006009805947542191,0.011361085809767246
4,MSFT,2025-03-24,-0.00035787324304692447,0.004640715196728706
4,MSFT,2025-03-25,-0.00011611766967689618,0.005277637392282486
4,MSFT,2025-03-26,0.00018405971059110016,-0.013220925815403461
4,MSFT,2025-03-27,0.00016565916303079575,0.001562862889841199
4,MSFT,2025-03-28,0.0002987688931170851,-0.030624257400631905
4,MSFT,2025-03-31,-0.0004989311564713717,-0.00904276967048645
4,MSFT,2025-04-01,-0.0006475941627286375,0.0179523304104805
4,MSFT,2025-04-02,-0.00048398389481008053,-0.00013079818745609373
4,MSFT,2025-04-03,-0.00040835203253664076,-0.023913966491818428
4,MSFT,2025-04-04,-0.0007518457714468241,-0.036213699728250504
4,MSFT,2025-04-07,0.0005773476441390812,-0.005517591722309589
4,MSFT,2025-04-08,0.0006951670511625707,-0.009264269843697548
4,MSFT,2025-04-09,0.0010622742120176554,0.09652476012706757
4,MSFT,2025-04-10,-0.00019250604964327067,-0.023684794083237648
4,MSFT,2025-04-11,-0.0005899457610212266,0.01844693347811699
4,MSFT,2025-04-14,-0.0006576675223186612,-0.0016489950940012932
4,MSFT,2025-04-15,-0.0006107334629632533,-0.005377931520342827
4,MSFT,2025-04-16,-0.00057931465562433,-0.03729276359081268
4,MSFT,2025-04-17,-0.0006462793680839241,-0.01035983581095934
4,MSFT,2025-04-21,-7.159591041272506e-05,-0.023828396573662758
4,MSFT,2025-04-22,0.0003257693606428802,0.021214628592133522
4,MSFT,2025-04-23,0.0003037141577806324,0.020426923409104347
4,MSFT,2025-04-24,1.0422344530525152e-05,0.03390134498476982
4,MSFT,2025-04-25,-0.0006846366450190544,0.011679773218929768
4,MSFT,2025-04-28,-0.00043968658428639174,-0.0017626150511205196
4,MSFT,2025-04-29,-0.0002450663596391678,0.007335787173360586
4,MSFT,2025-04-30,-0.00014403897512238473,0.003091310616582632
4,MSFT,2025-05-01,-0.00012407713802531362,0.07348621636629105
4,MSFT,2025-05-02,-0.00016623591363895684,0.022959541529417038
4,MSFT,2025-05-05,-0.00016887160018086433,0.0020426157861948013
4,MSFT,2025-05-06,-0.00023930708994157612,-0.0065787057392299175
4,MSFT,2025-05-07,-0.0003528945962898433,9.23119077924639e-05
4,MSFT,2025-05-08,-0.0004920666106045246,0.011061313562095165
4,MSFT,2025-05-09,-0.000480426853755489,0.0012771347537636757
4,MSFT,2025-05-12,-0.00038335093995556235,0.02371762879192829
4,MSFT,2025-05-13,-0.00045492040226235986,-0.00026708311634138227
4,MSFT,2025-05-14,-0.00044099619844928384,0.008424933068454266
4,MSFT,2025-05-15,-0.0005255346186459064,0.002253580605611205
4,MSFT,2025-05-16,-0.0004626282025128603,0.0025126407854259014
4,MSFT,2025-05-19,-0.0004927876871079206,0.010075254365801811
4,MSFT,2025-05-20,-0.0002412566391285509,-0.0015265950933098793
4,MSFT,2025-05-21,-0.00010436490265419707,-0.012297934852540493
4,MSFT,2025-05-22,-0.0001687699113972485,0.00504722585901618
4,MSFT,2025-05-23,-7.906388054834679e-05,-0.010342175140976906
4,MSFT,2025-05-27,-5.2815819799434394e-05,0.023077888414263725
4,MSFT,2025-05-28,0.00030246563255786896,-0.0072545544244349
4,MSFT,2025-05-29,0.0003577145398594439,0.0028820389416068792
4,MSFT,2025-05-30,0.00036656868178397417,0.0036558585707098246
4,MSFT,2025-06-02,0.0003785679582506418,0.0034912670962512493
4,MSFT,2025-06-03,0.000370266439858824,0.002162280725315213
4,MSFT,2025-06-04,0.00037107584648765624,0.0019421163015067577
4,MSFT,2025-06-05,0.00037063416675664485,0.008179910480976105
4,MSFT,2025-06-06,0.0003655065956991166,0.0057565439492464066
4,MSFT,2025-06-09,0.0003588711260817945,0.005025909747928381
4,MSFT,2025-06-10,0.0003519080055411905,-0.0038785277865827084
4,MSFT,2025-06-11,0.0003525705251377076,0.003603508695960045
4,MSFT,2025-06-12,0.00035094350459985435,0.013137471862137318
4,MSFT,2025-06-13,0.00033688783878460526,-0.008198597468435764
4,MSFT,2025-06-16,0.0003607508260756731,0.008762250654399395
4,MSFT,2025-06-17,0.000355255528120324,-0.0022984726820141077
4,MSFT,2025-06-18,0.00036598730366677046,0.004591610282659531
4,MSFT,2025-06-20,0.00036485743476077914,-0.005931285209953785
4,MSFT,2025-06-23,0.0003794944495894015,0.017853928729891777
4,MSFT,2025-06-24,0.00036686655948869884,0.008421151898801327
4,MSFT,2025-06-25,0.00036614754935726523,0.00439755292609334
4,MSFT,2025-06-26,0.0003575625305529684,0.010467752814292908
4,MSFT,2025-06-27,0.0003496554563753307,-0.003040122799575329
4,MSFT,2025-06-30,0.00035746803041547537,0.002959668170660734
4,MSFT,2025-07-01,0.00035455398028716445,-0.010834317654371262
4,MSFT,2025-07-02,0.00036575208650901914,-0.0019529267447069287
4,MSFT,2025-07-03,0.00036496733082458377,0.015658017247915268
4,MSFT,2025-07-07,0.00034131694701500237,-0.0022477121092379093
4,MSFT,2025-07-08,0.0003475744160823524,-0.0022125132381916046
4,MSFT,2025-07-09,0.00034735974622890353,0.013778460212051868
4,MSFT,2025-07-10,0.00034125943784601986,-0.004039912484586239
4,MSFT,2025-07-11,0.0003451657248660922,0.003662464441731572
4,MSFT,2025-07-14,0.00033727713162079453,-0.0005963115836493671
4,MSFT,2025-07-15,0.0003462658205535263,0.005551044829189777
4,MSFT,2025-07-16,0.00033612261177040637,-0.00039555682451464236
4,MSFT,2025-07-17,0.0003311675973236561,0.011953135952353477
4,MSFT,2025-07-18,0.0003242352686356753,-0.0032297703437507153
4,MSFT,2025-07-21,0.0003287301224190742,1.9661010810523294e-05
4,MSFT,2025-07-22,0.000322115229209885,-0.009435489773750305
4,MSFT,2025-07-23,0.00032856373582035303,0.0011867793509736657
4,MSFT,2025-07-24,0.0003216057375539094,0.009855084121227264
4,MSFT,2025-07-25,0.0003046165220439434,0.005524198990315199
4,MSFT,2025-07-28,0.0003040413139387965,-0.0023581874556839466
4,MSFT,2025-07-29,0.000307296373648569,0.00013654098438564688
4,MSFT,2025-07-30,0.00030548960785381496,0.0013063097139820457
4,MSFT,2025-07-31,0.0003025323967449367,0.03871544450521469
4,MSFT,2025-08-01,0.00032487930729985237,-0.017757408320903778
4,MSFT,2025-08-04,0.0003296597278676927,0.021760638803243637
4,MSFT,2025-08-05,0.0003298897936474532,-0.014839678071439266
4,MSFT,2025-08-06,0.000351223920006305,-0.005338692106306553
4,MSFT,2025-08-07,0.00036339371581561863,-0.007840949110686779
4,MSFT,2025-08-08,0.00035325976205058396,0.002301202155649662
4,MSFT,2025-08-11,0.0003572605492081493,-0.0005173797253519297
4,MSFT,2025-08-12,0.00035033439053222537,0.014215180650353432
4,MSFT,2025-08-13,0.0003413796075619757,-0.01649831049144268
4,MSFT,2025-08-14,0.00034894258715212345,0.0036430221516638994
4,MSFT,2025-08-15,0.00034678864176385105,-0.004431127104908228
4,MSFT,2025-08-18,0.0003477993595879525,-0.005919247400015593
4,MSFT,2025-08-19,0.000328356254613027,-0.014276749454438686
4,MSFT,2025-08-20,0.0002877865044865757,-0.007976380176842213
4,MSFT,2025-08-21,0.00027339288499206305,-0.00128835067152977
4,MSFT,2025-08-22,0.0002595282858237624,0.005912343040108681
4,MSFT,2025-08-25,0.00029428943525999784,-0.005872572772204876
4,MSFT,2025-08-26,0.00027455255622044206,-0.0044122012332081795
4,MSFT,2025-08-27,0.0002773012383840978,0.009318231604993343
4,MSFT,2025-08-28,0.0003128584648948163,0.00570659339427948
4,MSFT,2025-08-29,0.00031812163069844246,-0.005805262364447117
4,MSFT,2025-09-02,0.00030036919633857906,-0.00310341315343976
4,MSFT,2025-09-03,0.0003091319231316447,0.0004552818136289716
4,MSFT,2025-09-04,0.00031964591471478343,0.005171140655875206
4,MSFT,2025-09-05,0.0003128420212306082,-0.025864610448479652
4,MSFT,2025-09-08,0.0002882672124542296,0.0064437976107001305
4,MSFT,2025-09-09,0.000306497240671888,0.0004214302753098309
4,MSFT,2025-09-10,0.0003058162401430309,0.003924787975847721
4,MSFT,2025-09-11,0.000311747076921165,0.001278264564462006
4,MSFT,2025-09-12,0.00030645719380117953,0.017588553950190544
4,MSFT,2025-09-15,0.00028558631311170757,0.010651038959622383
4,MSFT,2025-09-16,0.000368572655133903,-0.012339060194790363
4,MSFT,2025-09-17,0.00038567796582356095,0.0019233089406043291
4,MSFT,2025-09-18,0.0003935172571800649,-0.003082998562604189
4,MSFT,2025-09-19,0.0003766173904296011,0.018473176285624504
4,MSFT,2025-09-22,0.0004214303335174918,-0.006741669960319996
4,MSFT,2025-09-23,0.00041211090865544975,-0.010198557749390602
4,MSFT,2025-09-24,0.0003603327786549926,0.0018049085047096014
4,MSFT,2025-09-25,0.00033637118758633733,-0.006134580820798874
4,MSFT,2025-09-26,0.0002784013340715319,0.008699106983840466
4,MSFT,2025-09-29,0.0003229246358387172,0.006120520178228617
4,MSFT,2025-09-30,0.0003746791335288435,0.00648893415927887
4,MSFT,2025-10-01,0.0004228539764881134,0.0033922079019248486
4,MSFT,2025-10-02,0.0004411066183820367,-0.007668304722756147
4,MSFT,2025-10-03,0.0003778314858209342,0.003116838401183486
4,MSFT,2025-10-06,0.00037415834958665073,0.021455787122249603
4,MSFT,2025-10-07,0.00039930734783411026,-0.008721815422177315
4,MSFT,2025-10-08,0.00034565877285785973,0.0016589481383562088
4,MSFT,2025-10-09,0.00034360753488726914,-0.004678791388869286
4,MSFT,2025-10-10,0.00030593539122492075,-0.02214234322309494
4,MSFT,2025-10-13,0.00029803242068737745,0.0060292938724160194
4,MSFT,2025-10-14,0.000295330974040553,-0.000934337789658457
4,MSFT,2025-10-15,0.0002961321733891964,-0.00027254014275968075
4,MSFT,2025-10-16,0.000294264784315601,-0.003551118541508913
4,MSFT,2025-10-17,0.0002957377291750163,0.0038432723376899958
4,MSFT,2025-10-20,0.0002822439419105649,0.006230654660612345
4,MSFT,2025-10-21,0.0002539466950111091,0.001682128058746457
4,MSFT,2025-10-22,0.0002523494476918131,0.005547964945435524
4,MSFT,2025-10-23,0.00028241341351531446,3.858399577438831e-05
4,MSFT,2025-10-24,0.0003309775493107736,0.00584189360961318
4,MSFT,2025-10-27,0.00039268319960683584,0.014993829652667046
4,MSFT,2025-10-28,0.00044759828597307205,0.019654160365462303
4,MSFT,2025-10-29,0.00043563186773099005,-0.000959739089012146
4,NVDA,2025-01-13,0.0002199933514930308,-0.0199159923940897
4,NVDA,2025-01-14,-0.0005307477549649775,-0.011095074005424976
4,NVDA,2025-01-15,-0.0007576910429634154,0.0334361307322979
4,NVDA,2025-01-16,-0.00036786904092878103,-0.01979244500398636
4,NVDA,2025-01-17,-0.0004183602868579328,0.030524292960762978
4,NVDA,2025-01-21,0.0001747932838043198,0.02240353263914585
4,NVDA,2025-01-22,0.0005466146976687014,0.0433553010225296
4,NVDA,2025-01-23,0.000613706128206104,0.001019429531879723
4,NVDA,2025-01-24,0.0006030691438354552,-0.031744521111249924
4,NVDA,2025-01-27,0.0006303985137492418,-0.18594606220722198
4,NVDA,2025-01-28,-0.0009788933675736189,0.08549726009368896
4,NVDA,2025-01-29,-0.0012142694322392344,-0.04187554866075516
4,NVDA,2025-01-30,0.0005502240383066237,0.007650486659258604
4,NVDA,2025-01-31,0.0009340838296338916,-0.037434935569763184
4,NVDA,2025-02-03,0.00247830874286592,-0.028811121359467506
4,NVDA,2025-02-04,0.0036806692369282246,0.01691417768597603
4,NVDA,2025-02-05,0.003572731511667371,0.05077483132481575
4,NVDA,2025-02-06,0.0021683326922357082,0.03037567436695099
4,NVDA,2025-02-07,0.000979874050244689,0.008974412456154823
4,NVDA,2025-02-10,-0.0001468013651901856,0.028322793543338776
4,NVDA,2025-02-11,-0.0013977595372125506,-0.005781279411166906
4,NVDA,2025-02-12,-0.001424226793460548,-0.012578953057527542
4,NVDA,2025-02-13,-0.0014129403280094266,0.031155191361904144
4,NVDA,2025-02-14,-0.0007573014008812606,0.025973565876483917
4,NVDA,2025-02-18,-0.0005470749456435442,0.003953279461711645
4,NVDA,2025-02-19,-0.0005355533212423325,-0.0012202010257169604
4,NVDA,2025-02-20,-0.0006219666684046388,0.0063005127012729645
4,NVDA,2025-02-21,-0.00046047900104895234,-0.041384171694517136
4,NVDA,2025-02-24,-0.0008993993396870792,-0.031357541680336
4,NVDA,2025-02-25,-0.0013842331245541573,-0.028416689485311508
4,NVDA,2025-02-26,-0.0006027594790793955,0.03606312349438667
4,NVDA,2025-02-27,-0.0012816337402909994,-0.0885915532708168
4,NVDA,2025-02-28,0.0011246156645938754,0.03893262892961502
4,NVDA,2025-03-03,0.0009724511182866991,-0.09094896167516708
4,NVDA,2025-03-04,0.002423382829874754,0.016779374331235886
4,NVDA,2025-03-05,0.002486185170710087,0.011230823583900928
4,NVDA,2025-03-06,0.0024091496597975492,-0.059085942804813385
4,NVDA,2025-03-07,0.00404225941747427,0.01899186335504055
4,NVDA,2025-03-10,0.004056990146636963,-0.05199885368347168
4,NVDA,2025-03-11,0.005591536406427622,0.01650184392929077
4,NVDA,2025-03-12,0.0053296335972845554,0.062294550240039825
4,NVDA,2025-03-13,0.003983912989497185,-0.0013833539560437202
4,NVDA,2025-03-14,0.0033758620265871286,0.05134950578212738
4,NVDA,2025-03-17,0.0011794870952144265,-0.017745042219758034
4,NVDA,2025-03-18,0.0010471554705873132,-0.034903090447187424
4,NVDA,2025-03-19,0.0010842352639883757,0.017944173887372017
4,NVDA,2025-03-20,0.0004396408039610833,0.008557597175240517
4,NVDA,2025-03-21,-0.00041399424662813544,-0.007027110550552607
4,NVDA,2025-03-24,-0.0008317460888065398,0.031034322455525398
4,NVDA,2025-03-25,-0.0010608775774016976,-0.0059480504132807255
4,NVDA,2025-03-26,-0.0008228248334489763,-0.05913425609469414
4,NVDA,2025-03-27,-0.001223872066475451,-0.020694417878985405
4,NVDA,2025-03-28,-0.0006287599680945277,-0.015920743346214294
4,NVDA,2025-03-31,-8.888060983736068e-05,-0.01183226890861988
4,NVDA,2025-04-01,0.0004652836068999022,0.016199588775634766
4,NVDA,2025-04-02,0.00034085309016518295,0.002448071027174592
4,NVDA,2025-04-03,0.00011878874647663906,-0.08128099143505096
4,NVDA,2025-04-04,0.0014135220553725958,-0.07642299681901932
4,NVDA,2025-04-07,0.004380129277706146,0.0346999429166317
4,NVDA,2025-04-08,0.004801379516720772,-0.013818793930113316
4,NVDA,2025-04-09,0.005436648149043322,0.1716206818819046
4,NVDA,2025-04-10,0.0013257721439003944,-0.06094729155302048
4,NVDA,2025-04-11,0.0012824892764911056,0.03075767122209072
4,NVDA,2025-04-14,0.0011470726458355784,-0.0019852372352033854
4,NVDA,2025-04-15,0.0011015139752998948,0.013368756510317326
4,NVDA,2025-04-16,0.0004240665293764323,-0.07119163125753403
4,NVDA,2025-04-17,0.0011241130996495485,-0.029131049290299416
4,NVDA,2025-04-21,0.0013655577786266804,-0.04617750644683838
4,NVDA,2025-04-22,0.0019628694280982018,0.020225301384925842
4,NVDA,2025-04-23,0.0022275822702795267,0.03790133818984032
4,NVDA,2025-04-24,0.0015603125793859363,0.03557804971933365
4,NVDA,2025-04-25,0.0010627082083374262,0.04213288798928261
4,NVDA,2025-04-28,0.00012540789612103254,-0.020752545446157455
4,NVDA,2025-04-29,-0.0001894132437882945,0.0026634882669895887
4,NVDA,2025-04-30,-0.000388911459594965,-0.0009176938910968602
4,NVDA,2025-05-01,-0.0006082426989451051,0.0243971049785614
4,NVDA,2025-05-02,-0.000946629501413554,0.025564171373844147
4,NVDA,2025-05-05,-0.0010267606703564525,-0.005956621374934912
4,NVDA,2025-05-06,-0.0007330327061936259,-0.00246300152502954
4,NVDA,2025-05-07,-0.0005861104000359774,0.030531374737620354
4,NVDA,2025-05-08,-0.0004591801844071597,0.002644749591127038
4,NVDA,2025-05-09,-0.00033890584018081427,-0.006153288763016462
4,NVDA,2025-05-12,-3.581529381335713e-05,0.05300632491707802
4,NVDA,2025-05-13,3.776821176870726e-05,0.05481155589222908
4,NVDA,2025-05-14,0.00019086073734797537,0.040794216096401215
4,NVDA,2025-05-15,-5.657535803038627e-05,-0.0037754520308226347
4,NVDA,2025-05-16,-0.00020008879073429853,0.004218720365315676
4,NVDA,2025-05-19,-0.0005163009627722204,0.001254804665222764
4,NVDA,2025-05-20,-0.00034243895788677037,-0.008816764689981937
4,NVDA,2025-05-21,-0.0004358413571026176,-0.019385842606425285
4,NVDA,2025-05-22,-0.0007400255417451262,0.0077844224870204926
4,NVDA,2025-05-23,-0.0008179552969522774,-0.011661475524306297
4,NVDA,2025-05-27,-0.0007902946672402322,0.03156297281384468
4,NVDA,2025-05-28,-0.0007185671129263937,-0.00510519789531827
4,NVDA,2025-05-29,-0.0006139479810371995,0.03197352960705757
4,NVDA,2025-05-30,-0.00036308419657871127,-0.0296025387942791
4,NVDA,2025-06-02,-0.0006970014073885977,0.016513347625732422
4,NVDA,2025-06-03,-0.0003097544249612838,0.027568254619836807
4,NVDA,2025-06-04,5.805016553495079e-05,0.004944560583680868
4,NVDA,2025-06-05,0.000561279826797545,-0.013692475855350494
4,NVDA,2025-06-06,0.0004160685639362782,0.01228222157806158
4,NVDA,2025-06-09,0.0007079329807311296,0.006400659680366516
4,NVDA,2025-06-10,0.0007464997470378876,0.0092815225943923
4,NVDA,2025-06-11,0.0007063443190418184,-0.007810831535607576
4,NVDA,2025-06-12,0.0007126011187210679,0.015078527852892876
4,NVDA,2025-06-13,0.0007014371221885085,-0.021117979660630226
4,NVDA,2025-06-16,0.0007178923115134239,0.018977774307131767
4,NVDA,2025-06-17,0.0007359418668784201,-0.0039473604410886765
4,NVDA,2025-06-18,0.0007154904888011515,0.009392502717673779
4,NVDA,2025-06-20,0.0007414005813188851,-0.011267573572695255
4,NVDA,2025-06-23,0.0007293914095498621,0.0022220024839043617
4,NVDA,2025-06-24,0.0007381874602288008,0.025543199852108955
4,NVDA,2025-06-25,0.0007508817943744361,0.04242729768157005
4,NVDA,2025-06-26,0.0007119818474166095,0.00459060724824667
4,NVDA,2025-06-27,0.0007232079515233636,0.017457233741879463
4,NVDA,2025-06-30,0.0007377470028586686,0.0015202657086774707
4,NVDA,2025-07-01,0.000775833788793534,-0.030134854838252068
4,NVDA,2025-07-02,0.0007297734846360981,0.025440121069550514
4,NVDA,2025-07-03,0.0007500065257772803,0.013203286565840244
4,NVDA,2025-07-07,0.0007325197802856565,-0.0069274441339075565
4,NVDA,2025-07-08,0.0007092487066984177,0.011061049066483974
4,NVDA,2025-07-09,0.0007310629007406533,0.017839858308434486
4,NVDA,2025-07-10,0.0007347258506342769,0.007462398149073124
4,NVDA,2025-07-11,0.0007416622247546911,0.004984412807971239
4,NVDA,2025-07-14,0.0007212259224615991,-0.005167294759303331
4,NVDA,2025-07-15,0.0006753708003088832,0.039614394307136536
4,NVDA,2025-07-16,0.0007128439610823989,0.0039173574186861515
4,NVDA,2025-07-17,0.0007472620927728713,0.009466668590903282
4,NVDA,2025-07-18,0.000751412590034306,-0.003416249994188547
4,NVDA,2025-07-21,0.0007537033525295556,-0.005992021411657333
4,NVDA,2025-07-22,0.0007530257571488619,-0.025709928944706917
4,NVDA,2025-07-23,0.0006837451946921647,0.022202732041478157
4,NVDA,2025-07-24,0.0007111950544640422,0.017183879390358925
4,NVDA,2025-07-25,0.000676321389619261,-0.0013824420748278499
4,NVDA,2025-07-28,0.0006675798795185983,0.01855873130261898
4,NVDA,2025-07-29,0.0006364764994941652,-0.007040409371256828
4,NVDA,2025-07-30,0.0006550869438797235,0.021197235211730003
4,NVDA,2025-07-31,0.0006253726896829903,-0.007840156555175781
4,NVDA,2025-08-01,0.0006620402564294636,-0.023608168587088585
4,NVDA,2025-08-04,0.0006647432455793023,0.035511985421180725
4,NVDA,2025-08-05,0.0006892189849168062,-0.009713695384562016
4,NVDA,2025-08-06,0.0006649371352978051,0.006486212834715843
4,NVDA,2025-08-07,0.0006973600247874856,0.007496170699596405
4,NVDA,2025-08-08,0.0006740004755556583,0.010619938373565674
4,NVDA,2025-08-11,0.0006371597992256284,-0.003509139409288764
4,NVDA,2025-08-12,0.000647776061668992,0.006023808848112822
4,NVDA,2025-08-13,0.0006459144060499966,-0.00860871747136116
4,NVDA,2025-08-14,0.0006644985405728221,0.00236517284065485
4,NVDA,2025-08-15,0.0006672523450106382,-0.008662868291139603
4,NVDA,2025-08-18,0.000673633418045938,0.008607884868979454
4,NVDA,2025-08-19,0.00066172587685287,-0.035625096410512924
4,NVDA,2025-08-20,0.00028889175155200064,-0.0013673901557922363
4,NVDA,2025-08-21,0.00033800891833379865,-0.0023975283838808537
4,NVDA,2025-08-22,0.00020283980120439082,0.0170556902885437
4,NVDA,2025-08-25,0.0005771948490291834,0.010173550806939602
4,NVDA,2025-08-26,0.0006388218607753515,0.010841353796422482
4,NVDA,2025-08-27,0.0005859193624928594,-0.0009356600930914283
4,NVDA,2025-08-28,0.000585524074267596,-0.007905716076493263
4,NVDA,2025-08-29,0.0005897743394598365,-0.033811647444963455
4,NVDA,2025-09-02,0.000564453424885869,-0.01971297897398472
4,NVDA,2025-09-03,0.00012536931899376214,-0.0009372442145831883
4,NVDA,2025-09-04,-0.0003095002903137356,0.006076844874769449
4,NVDA,2025-09-05,-0.0004315346304792911,-0.027402250096201897
4,NVDA,2025-09-08,-0.0007721924339421093,0.007694043219089508
4,NVDA,2025-09-09,-0.0006876011611893773,0.014451487921178341
4,NVDA,2025-09-10,-0.00041104372940026224,0.03775344416499138
4,NVDA,2025-09-11,0.0005304644582793117,-0.0008464691927656531
4,NVDA,2025-09-12,0.0006279401713982224,0.003662239294499159
4,NVDA,2025-09-15,0.0006004018941894174,-0.0003938477602787316
4,NVDA,2025-09-16,0.0005943389842286706,-0.0162779800593853
4,NVDA,2025-09-17,0.0006078426958993077,-0.026597240939736366
4,NVDA,2025-09-18,0.0006083847838453948,0.03434396907687187
4,NVDA,2025-09-19,0.0005700683686882257,0.002436745911836624
4,NVDA,2025-09-22,0.0005663865595124662,0.03853048384189606
4,NVDA,2025-09-23,0.000545613351278007,-0.028617653995752335
4,NVDA,2025-09-24,0.0005739873740822077,-0.008216168731451035
4,NVDA,2025-09-25,0.0005751092103309929,0.004060334526002407
4,NVDA,2025-09-26,0.000571209064219147,0.0028099152259528637
4,NVDA,2025-09-29,0.0005654623382724822,0.02033175528049469
4,NVDA,2025-09-30,0.0005604798789136112,0.025677895173430443
4,NVDA,2025-10-01,0.0006852247170172632,0.0035312240943312645
4,NVDA,2025-10-02,0.0007237914833240211,0.008773564361035824
4,NVDA,2025-10-03,0.0007323409663513303,-0.006746300030499697
4,NVDA,2025-10-06,0.0007195675862021744,-0.01114804670214653
4,NVDA,2025-10-07,0.0006813848158344626,-0.002698535332456231
4,NVDA,2025-10-08,0.0006333367782644928,0.021756859496235847
4,NVDA,2025-10-09,0.0006752089248038828,0.018130889162421227
4,NVDA,2025-10-10,0.0006689106812700629,-0.05009961873292923
4,NVDA,2025-10-13,0.0006096478318795562,0.027782635763287544
4,NVDA,2025-10-14,0.0006045505288057029,-0.04501927271485329
4,NVDA,2025-10-15,0.0004719545249827206,-0.0011115006636828184
4,NVDA,2025-10-16,0.00016522547230124474,0.01095014251768589
4,NVDA,2025-10-17,0.00042542556184343994,0.0077255102805793285
4,NVDA,2025-10-20,0.00046311705955304205,-0.003170659299939871
4,NVDA,2025-10-21,0.0005170642398297787,-0.008136321790516376
4,NVDA,2025-10-22,0.0004636911617126316,-0.004869487602263689
4,NVDA,2025-10-23,0.0004928275593556464,0.010374246165156364
4,NVDA,2025-10-24,0.0005692740669474006,0.022258097305893898
4,NVDA,2025-10-27,0.0005219620070420206,0.027692146599292755
4,NVDA,2025-10-28,0.0004994947230443358,0.04861848056316376
4,NVDA,2025-10-29,0.0006003510789014399,0.02945788763463497
4,TSLA,2025-01-13,-0.0006426096661016345,0.02147819474339485
4,TSLA,2025-01-14,-0.00048530171625316143,-0.017382638528943062
4,TSLA,2025-01-15,-0.000565372291021049,0.07731423527002335
4,TSLA,2025-01-16,0.0003633236628957093,-0.03420596942305565
4,TSLA,2025-01-17,0.00017668191867414862,0.03018125332891941
4,TSLA,2025-01-21,0.000736369111109525,-0.005713813938200474
4,TSLA,2025-01-22,0.0008310045814141631,-0.02135504223406315
4,TSLA,2025-01-23,0.0007725456380285323,-0.006598243955522776
4,TSLA,2025-01-24,0.0003259119112044573,-0.01416458748281002
4,TSLA,2025-01-27,-0.00025133430608548224,-0.023466648533940315
4,TSLA,2025-01-28,-0.0006571677513420582,0.0023640734143555164
4,TSLA,2025-01-29,-0.0004683138686232269,-0.02284170500934124
4,TSLA,2025-01-30,-0.0006385775050148368,0.028327902778983116
4,TSLA,2025-01-31,9.28601948544383e-05,0.01073464099317789
4,TSLA,2025-02-03,0.0004496453911997378,-0.053090088069438934
4,TSLA,2025-02-04,-0.0004918520571663976,0.021988535299897194
4,TSLA,2025-02-05,-3.965393625549041e-05,-0.036453522741794586
4,TSLA,2025-02-06,-0.0004772191750817001,-0.01023279968649149
4,TSLA,2025-02-07,-0.0004727087216451764,-0.03451714292168617
4,TSLA,2025-02-10,-0.0009449930512346327,-0.030577193945646286
4,TSLA,2025-02-11,-0.001275869202800095,-0.06547988951206207
4,TSLA,2025-02-12,-0.0010830715764313936,0.02409105747938156
4,TSLA,2025-02-13,-0.0011466438882052898,0.056134287267923355
4,TSLA,2025-02-14,-0.0012482875026762486,-0.00028100283816456795
4,TSLA,2025-02-18,-0.0010895380983129144,-0.004873622674494982
4,TSLA,2025-02-19,-0.0008082336280494928,0.018050814047455788
4,TSLA,2025-02-20,-0.00046300108078867197,-0.017232170328497887
4,TSLA,2025-02-21,-0.00034781702561303973,-0.04797223210334778
4,TSLA,2025-02-24,-0.0009179326589219272,-0.021756544709205627
4,TSLA,2025-02-25,-0.001328253885731101,-0.0876249372959137
4,TSLA,2025-02-26,-0.0004180235555395484,-0.04043677821755409
4,TSLA,2025-02-27,0.00039778888458386064,-0.030905907973647118
4,TSLA,2025-02-28,0.0013224141439422965,0.03837459161877632
4,TSLA,2025-03-03,0.0009447652264498174,-0.02884405106306076
4,TSLA,2025-03-04,0.0008418228826485574,-0.045311182737350464
4,TSLA,2025-03-05,0.0013356393901631236,0.025621017441153526
4,TSLA,2025-03-06,0.001075591892004013,-0.05770651996135712
4,TSLA,2025-03-07,0.001444040797650814,-0.0029651003424078226
4,TSLA,2025-03-10,0.0015121190808713436,-0.16754573583602905
4,TSLA,2025-03-11,0.005339965224266052,0.03724507987499237
4,TSLA,2025-03-12,0.005587236490100622,0.07319368422031403
4,TSLA,2025-03-13,0.004515998065471649,-0.030323348939418793
4,TSLA,2025-03-14,0.004891623742878437,0.037912677973508835
4,TSLA,2025-03-17,0.0033205102663487196,-0.049068231135606766
4,TSLA,2025-03-18,0.003430943703278899,-0.054835446178913116
4,TSLA,2025-03-19,0.004308911971747875,0.045761190354824066
4,TSLA,2025-03-20,0.0029629170894622803,0.0016944590024650097
4,TSLA,2025-03-21,0.002017838414758444,0.05135471746325493
4,TSLA,2025-03-24,0.001316731795668602,0.11273548007011414
4,TSLA,2025-03-25,-0.0001605950528755784,0.03442346304655075
4,TSLA,2025-03-26,-0.0016091944416984916,-0.0574239045381546
4,TSLA,2025-03-27,-0.0015530530363321304,0.00392526900395751
4,TSLA,2025-03-28,-0.0013428255915641785,-0.0357048325240612
4,TSLA,2025-03-31,-0.0015352492919191718,-0.016797412186861038
4,TSLA,2025-04-01,-0.001117404201067984,0.03525624796748161
4,TSLA,2025-04-02,-0.001527798012830317,0.05189662054181099
4,TSLA,2025-04-03,-0.0011355264578014612,-0.056301724165678024
4,TSLA,2025-04-04,-0.001553828245960176,-0.1100357323884964
4,TSLA,2025-04-07,0.0012941649183630943,-0.025978781282901764
4,TSLA,2025-04-08,0.0016250592889264226,-0.05023572966456413
4,TSLA,2025-04-09,0.0026419400237500668,0.2044905722141266
4,TSLA,2025-04-10,0.00023616652470082045,-0.0755220279097557
4,TSLA,2025-04-11,3.6089797504246235e-05,-0.00035662594018504024
4,TSLA,2025-04-14,-4.1118131775874645e-05,0.00015855641686357558
4,TSLA,2025-04-15,9.975052671507001e-05,0.006950209382921457
4,TSLA,2025-04-16,-0.0004140480305068195,-0.05069074407219887
4,TSLA,2025-04-17,-0.00024418332031928003,-0.0007454979349859059
4,TSLA,2025-04-21,0.0001363961782772094,-0.059180762618780136
4,TSLA,2025-04-22,0.0008329912088811398,0.044994380325078964
4,TSLA,2025-04-23,0.0007650795741938055,0.052271947264671326
4,TSLA,2025-04-24,-0.00019789120415225625,0.03437870740890503
4,TSLA,2025-04-25,-0.0013803121400997043,0.09351850301027298
4,TSLA,2025-04-28,-0.0006249350844882429,0.0032583903521299362
4,TSLA,2025-04-29,-0.00038059367216192186,0.021284373477101326
4,TSLA,2025-04-30,-0.0002675855066627264,-0.03438223525881767
4,TSLA,2025-05-01,-0.0006262950482778251,-0.005829314235597849
4,TSLA,2025-05-02,-0.0009216226171702147,0.023568641394376755
4,TSLA,2025-05-05,-0.0006499601295217872,-0.024495847523212433
4,TSLA,2025-05-06,-0.000793136132415384,-0.01767474040389061
4,TSLA,2025-05-07,-0.0008818944334052503,0.003154616104438901
4,TSLA,2025-05-08,-0.0009752175537869334,0.03065977431833744
4,TSLA,2025-05-09,-0.0006278657237999141,0.046108197420835495
4,TSLA,2025-05-12,-2.767972728179302e-05,0.06528002768754959
4,TSLA,2025-05-13,-1.2786194020009134e-05,0.048104915767908096
4,TSLA,2025-05-14,0.00022542872466146946,0.039931923151016235
4,TSLA,2025-05-15,-1.168464859802043e-05,-0.014076946303248405
4,TSLA,2025-05-16,-0.00014346442185342312,0.020670490339398384
4,TSLA,2025-05-19,-0.00023522363335359842,-0.022802190855145454
4,TSLA,2025-05-20,-0.0002652736147865653,0.005044436082243919
4,TSLA,2025-05-21,-0.00023353505821432918,-0.0271227415651083
4,TSLA,2025-05-22,-0.0004639167455025017,0.019004251807928085
4,TSLA,2025-05-23,-0.0004172801272943616,-0.004997253883630037
4,TSLA,2025-05-27,-0.00031278515234589577,0.0670972540974617
4,TSLA,2025-05-28,-0.0002055906952591613,-0.016644185408949852
4,TSLA,2025-05-29,-0.00032627113978378475,0.004277748987078667
4,TSLA,2025-05-30,-0.00027339468942955136,-0.03396601602435112
4,TSLA,2025-06-02,-0.0007755430997349322,-0.010941091924905777
4,TSLA,2025-06-03,-0.0007687117322348058,0.004599945619702339
4,TSLA,2025-06-04,-0.0010328651405870914,-0.03614067658782005
4,TSLA,2025-06-05,-0.0012185549130663276,-0.15384948253631592
4,TSLA,2025-06-06,-0.0006638450431637466,0.03601383417844772
4,TSLA,2025-06-09,-0.0013082833029329777,0.044531211256980896
4,TSLA,2025-06-10,-0.001224704086780548,0.05519232153892517
4,TSLA,2025-06-11,-0.00048646898358128965,0.001042102579958737
4,TSLA,2025-06-12,-2.2842898033559322e-05,-0.022679682821035385
4,TSLA,2025-06-13,7.787827053107321e-05,0.01924274116754532
4,TSLA,2025-06-16,0.0005516516976058483,0.011674257926642895
4,TSLA,2025-06-17,0.0008127883193083107,-0.03960360959172249
4,TSLA,2025-06-18,0.00019347028865013272,0.017857560887932777
4,TSLA,2025-06-20,0.00049282779218629,0.0003415528335608542
4,TSLA,2025-06-23,0.0006529213860630989,0.07910624891519547
4,TSLA,2025-06-24,0.0008878407534211874,-0.023827554658055305
4,TSLA,2025-06-25,0.0009041032753884792,-0.03868634253740311
4,TSLA,2025-06-26,0.0008754381560720503,-0.005418374668806791
4,TSLA,2025-06-27,0.0008738402393646538,-0.006621400360018015
4,TSLA,2025-06-30,0.0008477158844470978,-0.018619263544678688
4,TSLA,2025-07-01,0.0007552291499450803,-0.054835326969623566
4,TSLA,2025-07-02,6.219597707968205e-05,0.04848766699433327
4,TSLA,2025-07-03,0.0007373006665147841,-0.0009508330258540809
4,TSLA,2025-07-07,0.0007567409193143249,-0.07030747830867767
4,TSLA,2025-07-08,-3.641049625002779e-05,0.013080017641186714
4,TSLA,2025-07-09,0.00015648691623937339,-0.0065017081797122955
4,TSLA,2025-07-10,9.757462976267561e-05,0.046198856085538864
4,TSLA,2025-07-11,0.0007476633763872087,0.011678449809551239
4,TSLA,2025-07-14,0.0008162516169250011,0.010754958726465702
4,TSLA,2025-07-15,0.0008344837697222829,-0.019500985741615295
4,TSLA,2025-07-16,0.00084402144420892,0.03444095328450203
4,TSLA,2025-07-17,0.0007577540818601847,-0.0070506613701581955
4,TSLA,2025-07-18,0.0007426792290061712,0.031555913388729095
4,TSLA,2025-07-21,0.0007168540614657104,-0.0035251006484031677
4,TSLA,2025-07-22,0.0007301134173758328,0.010959829203784466
4,TSLA,2025-07-23,0.0007211696356534958,0.0013540922664105892
4,TSLA,2025-07-24,0.0007182502886280417,-0.08552543073892593
4,TSLA,2025-07-25,0.0007916776230558753,0.034637201577425
4,TSLA,2025-07-28,0.000785410578828305,0.02970684878528118
4,TSLA,2025-07-29,0.0007408977253362536,-0.013574890792369843
4,TSLA,2025-07-30,0.0007575138006359339,-0.006747506558895111
4,TSLA,2025-07-31,0.0007596103823743761,-0.03434052690863609
4,TSLA,2025-08-01,0.0007164914277382195,-0.018465032801032066
4,TSLA,2025-08-04,0.0007015480659902096,0.021671423688530922
4,TSLA,2025-08-05,0.0007561856182292104,-0.001747657428495586
4,TSLA,2025-08-06,0.000751360144931823,0.035604994744062424
4,TSLA,2025-08-07,0.0006870239740237594,0.007349951192736626
4,TSLA,2025-08-08,0.0006686172564513981,0.022641798481345177
4,TSLA,2025-08-11,0.000663882412482053,0.028057128190994263
4,TSLA,2025-08-12,0.0007451429846696556,0.005324552766978741
4,TSLA,2025-08-13,0.0007895606104284525,-0.004292710218578577
4,TSLA,2025-08-14,0.0007516887853853405,-0.011260099709033966
4,TSLA,2025-08-15,0.0006456321571022272,-0.015072159469127655
4,TSLA,2025-08-18,0.0006448569474741817,0.0138198621571064
4,TSLA,2025-08-19,0.0006347526796162128,-0.017608491703867912
4,TSLA,2025-08-20,0.0006484313053078949,-0.016564741730690002
4,TSLA,2025-08-21,0.00066231848904863,-0.011770166456699371
4,TSLA,2025-08-22,0.0006991703994572163,0.06031041592359543
4,TSLA,2025-08-25,0.0006338029634207487,0.019196337088942528
4,TSLA,2025-08-26,0.0006275540799833834,0.014521880075335503
4,TSLA,2025-08-27,0.0006188210682012141,-0.005903612822294235
4,TSLA,2025-08-28,0.0006246325210668147,-0.010408659465610981
4,TSLA,2025-08-29,0.0006215069442987442,-0.03562932088971138
4,TSLA,2025-09-02,0.0006521008908748627,-0.013600348494946957
4,TSLA,2025-09-03,0.0006746576400473714,0.01425907388329506
4,TSLA,2025-09-04,0.0006330459727905691,0.013202304020524025
4,TSLA,2025-09-05,0.0005984243471175432,0.03571755811572075
4,TSLA,2025-09-08,0.0006321438704617321,-0.012736110016703606
4,TSLA,2025-09-09,0.0006681526429019868,0.0016441652551293373
4,TSLA,2025-09-10,0.0006295327912084758,0.002360549522563815
4,TSLA,2025-09-11,0.0005979755660519004,0.058682724833488464
4,TSLA,2025-09-12,0.0007537717465311289,0.07098109275102615
4,TSLA,2025-09-15,0.0007848847308196127,0.034992046654224396
4,TSLA,2025-09-16,0.0006698797224089503,0.02784968540072441
4,TSLA,2025-09-17,0.0006304348935373127,0.010006195865571499
4,TSLA,2025-09-18,0.0006044057663530111,-0.021384159103035927
4,TSLA,2025-09-19,0.0006399838603101671,0.021877208724617958
4,TSLA,2025-09-22,0.0006340455147437751,0.018924599513411522
4,TSLA,2025-09-23,0.000631568138487637,-0.019441083073616028
4,TSLA,2025-09-24,0.0006781866541132331,0.039008449763059616
4,TSLA,2025-09-25,0.0006762373959645629,-0.04480186104774475
4,TSLA,2025-09-26,0.0006407340988516808,0.03938961774110794
4,TSLA,2025-09-29,0.0006985856452956796,0.00636028777807951
4,TSLA,2025-09-30,0.0007156006759032607,0.0034011942334473133
4,TSLA,2025-10-01,0.0007133749313652515,0.03260699659585953
4,TSLA,2025-10-02,0.0006799863185733557,-0.05240962654352188
4,TSLA,2025-10-03,0.00046080592437647283,-0.014252493157982826
4,TSLA,2025-10-06,5.893893467145972e-05,0.053054098039865494
4,TSLA,2025-10-07,0.0006464911857619882,-0.04549830034375191
4,TSLA,2025-10-08,0.0003027930506505072,0.012847468256950378
4,TSLA,2025-10-09,0.0006193854496814311,-0.007206358481198549
4,TSLA,2025-10-10,0.0006668516434729099,-0.05195334926247597
4,TSLA,2025-10-13,0.0005535510717891157,0.052779536694288254
4,TSLA,2025-10-14,0.0006441203295253217,-0.0153966648504138
4,TSLA,2025-10-15,0.0006464911857619882,0.013674605637788773
4,TSLA,2025-10-16,0.00064305734122172,-0.014816787093877792
4,TSLA,2025-10-17,0.0006663348176516593,0.024331310763955116
4,TSLA,2025-10-20,0.0006119420868344605,0.018314775079488754
4,TSLA,2025-10-21,0.0005651875399053097,-0.010853642597794533
4,TSLA,2025-10-22,0.0005908653838559985,-0.008235365152359009
4,TSLA,2025-10-23,0.0005818014033138752,0.022547291591763496
4,TSLA,2025-10-24,0.000592114229220897,-0.03457919880747795
4,TSLA,2025-10-27,0.0005899904645048082,0.04221181571483612
4,TSLA,2025-10-28,0.0005856183124706149,0.01781041920185089
4,TSLA,2025-10-29,0.000680027122143656,0.002082342514768243
4,GOOGL,2025-01-13,0.00036068697227165103,-0.005378034431487322
4,GOOGL,2025-01-14,0.0003370035847183317,-0.007092797197401524
4,GOOGL,2025-01-15,0.00029910486773587763,0.030583161860704422
4,GOOGL,2025-01-16,0.000354175892425701,-0.013592339120805264
4,GOOGL,2025-01-17,0.0003307636652607471,0.015890900045633316
4,GOOGL,2025-01-21,0.0003617072943598032,0.010404886677861214
4,GOOGL,2025-01-22,0.000353845622157678,0.0016144069377332926
4,GOOGL,2025-01-23,0.0003557801537681371,-0.001968017779290676
4,GOOGL,2025-01-24,0.0003615891910158098,0.011200962588191032
4,GOOGL,2025-01-27,0.0003485450870357454,-0.04286167770624161
4,GOOGL,2025-01-28,5.64092661079485e-05,0.018031682819128036
4,GOOGL,2025-01-29,0.0002055030781775713,0.0005631165695376694
4,GOOGL,2025-01-30,0.00021354190539568663,0.027557918801903725
4,GOOGL,2025-01-31,0.00036976250703446567,0.015560191124677658
4,GOOGL,2025-02-03,0.0003828984627034515,-0.013769619166851044
4,GOOGL,2025-02-04,0.0003708320145960897,0.025270696729421616
4,GOOGL,2025-02-05,0.0003778822429012507,-0.075719453394413
4,GOOGL,2025-02-06,-0.00016139345825649798,0.0014101974666118622
4,GOOGL,2025-02-07,-0.0003009601205121726,-0.03321800008416176
4,GOOGL,2025-02-10,-0.0007268131012097001,0.00607848446816206
4,GOOGL,2025-02-11,-0.0006972025730647147,-0.006186324637383223
4,GOOGL,2025-02-12,-0.000803439412266016,-0.009270180016756058
4,GOOGL,2025-02-13,-0.0008242500480264425,0.013685256242752075
4,GOOGL,2025-02-14,-0.0007025457452982664,-0.00490087503567338
4,GOOGL,2025-02-18,-0.0007108765421435237,-0.007913371548056602
4,GOOGL,2025-02-19,-0.0006997997988946736,0.00812922790646553
4,GOOGL,2025-02-20,-0.0006131968111731112,-0.003839458804577589
4,GOOGL,2025-02-21,-0.0005563586018979549,-0.026908451691269875
4,GOOGL,2025-02-24,-0.000836593157146126,-0.002284769434481859
4,GOOGL,2025-02-25,-0.0006903622997924685,-0.021598411723971367
4,GOOGL,2025-02-26,-0.00041183701250702143,-0.015453345142304897
4,GOOGL,2025-02-27,-0.0003339038521517068,-0.024794036522507668
4,GOOGL,2025-02-28,0.00021585097420029342,0.010508308187127113
4,GOOGL,2025-03-03,7.402117626043037e-05,-0.019390344619750977
4,GOOGL,2025-03-04,0.0001728321803966537,0.023141983896493912
4,GOOGL,2025-03-05,-0.00018936037668026984,0.012211540713906288
4,GOOGL,2025-03-06,-0.0006752502522431314,-0.0038798160385340452
4,GOOGL,2025-03-07,-0.0005326702957972884,0.008723069913685322
4,GOOGL,2025-03-10,-0.0005865826387889683,-0.04589514061808586
4,GOOGL,2025-03-11,0.0004864003276452422,-0.011093945242464542
4,GOOGL,2025-03-12,0.0005983866285532713,0.01854192279279232
4,GOOGL,2025-03-13,0.0005533081130124629,-0.02637537568807602
4,GOOGL,2025-03-14,0.0006627518450841308,0.01663389429450035
4,GOOGL,2025-03-17,0.0005935858935117722,-0.007277642376720905
4,GOOGL,2025-03-18,0.0005815156036987901,-0.02228054776787758
4,GOOGL,2025-03-19,0.0006108948728069663,0.019843067973852158
4,GOOGL,2025-03-20,0.00041805775254033506,-0.0066732135601341724
4,GOOGL,2025-03-21,0.0003027956699952483,0.007283094339072704
4,GOOGL,2025-03-24,2.274157668580301e-05,0.02225191704928875
4,GOOGL,2025-03-25,-0.000626317982096225,0.017029721289873123
4,GOOGL,2025-03-26,-0.0005872923647984862,-0.032778091728687286
4,GOOGL,2025-03-27,-0.0007648200844414532,-0.01723223179578781
4,GOOGL,2025-03-28,-0.0007870402769185603,-0.049983639270067215
4,GOOGL,2025-03-31,0.0005223645130172372,0.0020065815187990665
4,GOOGL,2025-04-01,0.0006205330137163401,0.015591785311698914
4,GOOGL,2025-04-02,0.0006261758389882743,-0.00019100452482234687
4,GOOGL,2025-04-03,0.0006152401329018176,-0.04107674956321716
4,GOOGL,2025-04-04,0.0014782941434532404,-0.03456054627895355
4,GOOGL,2025-04-07,0.0031771573703736067,0.00786720309406519
4,GOOGL,2025-04-08,0.003507178509607911,-0.01406786311417818
4,GOOGL,2025-04-09,0.0036956483963876963,0.09241605550050735
4,GOOGL,2025-04-10,0.0007885937229730189,-0.0378178209066391
4,GOOGL,2025-04-11,0.0007560961530543864,0.027876289561390877
4,GOOGL,2025-04-14,0.0006488302024081349,0.01220730785280466
4,GOOGL,2025-04-15,0.000589255359955132,-0.0175031665712595
4,GOOGL,2025-04-16,0.0005859735538251698,-0.019248725846409798
4,GOOGL,2025-04-17,0.0005191729287616909,-0.014253571629524231
4,GOOGL,2025-04-21,0.0007089349091984332,-0.023358900099992752
4,GOOGL,2025-04-22,0.0007845168584026396,0.025407418608665466
4,GOOGL,2025-04-23,0.0007430460536852479,0.025293273851275444
4,GOOGL,2025-04-24,0.0005656342837028205,0.02498289756476879
4,GOOGL,2025-04-25,-0.0002865632704924792,0.016685722395777702
4,GOOGL,2025-04-28,-0.0006037374841980636,-0.008370301686227322
4,GOOGL,2025-04-29,-0.000785043986979872,-0.0028056784067302942
4,GOOGL,2025-04-30,-0.0007421378395520151,-0.008527866564691067
4,GOOGL,2025-05-01,-0.0005396270425990224,0.01562049426138401
4,GOOGL,2025-05-02,-0.0007032735156826675,0.016783295199275017
4,GOOGL,2025-05-05,-0.0005541397840715945,0.0010968799469992518
4,GOOGL,2025-05-06,-0.0004176985239610076,-0.0059860204346477985
4,GOOGL,2025-05-07,-0.0003721415705513209,-0.07536691427230835
4,GOOGL,2025-05-08,6.443660095101222e-05,0.018975839018821716
4,GOOGL,2025-05-09,-0.0002587467315606773,-0.00996633991599083
4,GOOGL,2025-05-12,-0.0004377332516014576,0.036699507385492325
4,GOOGL,2025-05-13,-0.0007058067712932825,0.006729652639478445
4,GOOGL,2025-05-14,-0.0004216277156956494,0.03595339506864548
4,GOOGL,2025-05-15,-2.3455122573068365e-05,-0.008562847040593624
4,GOOGL,2025-05-16,0.0002105794264934957,0.013509278185665607
4,GOOGL,2025-05-19,0.00029728407389484346,0.002103744773194194
4,GOOGL,2025-05-20,0.00043568279943428934,-0.01549108698964119
4,GOOGL,2025-05-21,0.000422542478190735,0.027547471225261688
4,GOOGL,2025-05-22,0.00044245089520700276,0.013611084781587124
4,GOOGL,2025-05-23,0.0004357735742814839,-0.014145220629870892
4,GOOGL,2025-05-27,0.0004263973096385598,0.025955649092793465
4,GOOGL,2025-05-28,0.00042550277430564165,-0.0031280710827559233
4,GOOGL,2025-05-29,0.0004129650187678635,-0.002905096160247922
4,GOOGL,2025-05-30,0.0003906376368831843,-0.0006984449573792517
4,GOOGL,2025-06-02,0.00027865622541867197,-0.015905562788248062
4,GOOGL,2025-06-03,0.00016312841034960002,-0.017004668712615967
4,GOOGL,2025-06-04,-0.00017852311430033296,0.011189930140972137
4,GOOGL,2025-06-05,-9.417181718163192e-05,0.0009518005535937846
4,GOOGL,2025-06-06,-0.0001185474538942799,0.032001152634620667
4,GOOGL,2025-06-09,0.0003382918075658381,0.014990652911365032
4,GOOGL,2025-06-10,0.00044038734631612897,0.014153489843010902
4,GOOGL,2025-06-11,0.00042715517338365316,-0.007023576181381941
4,GOOGL,2025-06-12,0.0004149596788920462,-0.009347117505967617
4,GOOGL,2025-06-13,0.0004097761702723801,-0.005879598204046488
4,GOOGL,2025-06-16,0.0004084190586581826,0.011951051652431488
4,GOOGL,2025-06-17,0.0004141515528317541,-0.0046497066505253315
4,GOOGL,2025-06-18,0.0004105919797439128,-0.015060058794915676
4,GOOGL,2025-06-20,0.0004019702901132405,-0.03930378332734108
4,GOOGL,2025-06-23,-0.00021843616559635848,-0.008739572949707508
4,GOOGL,2025-06-24,-0.0004028785042464733,0.009519261308014393
4,GOOGL,2025-06-25,-0.00039360939990729094,0.02317485585808754
4,GOOGL,2025-06-26,2.857904473785311e-05,0.01661759428679943
4,GOOGL,2025-06-27,0.0003935246495530009,0.02834850363433361
4,GOOGL,2025-06-30,0.0004426871018949896,-0.012966607697308064
4,GOOGL,2025-07-01,0.0004510682192631066,-0.002215440385043621
4,GOOGL,2025-07-02,0.0004438703472260386,0.015798047184944153
4,GOOGL,2025-07-03,0.00042421018588356674,0.004969707690179348
4,GOOGL,2025-07-07,0.00041767064249143004,-0.015379752963781357
4,GOOGL,2025-07-08,0.00042774787289090455,-0.013840421102941036
4,GOOGL,2025-07-09,0.00040914956480264664,0.01287848874926567
4,GOOGL,2025-07-10,0.00042048547766171396,0.005645769648253918
4,GOOGL,2025-07-11,0.00041500889346934855,0.014365551061928272
4,GOOGL,2025-07-14,0.0003982521593570709,0.00757425045594573
4,GOOGL,2025-07-15,0.00039858787204138935,0.002420609351247549
4,GOOGL,2025-07-16,0.0003937783476430923,0.005315426737070084
4,GOOGL,2025-07-17,0.0003847542393486947,0.003328398335725069
4,GOOGL,2025-07-18,0.000380467448849231,0.008029526099562645
4,GOOGL,2025-07-21,0.0003832746297121048,0.026870165020227432
4,GOOGL,2025-07-22,0.0003708331205416471,0.006501663010567427
4,GOOGL,2025-07-23,0.0003727173316292465,-0.005818082019686699
4,GOOGL,2025-07-24,0.0003689368604682386,0.01014659646898508
4,GOOGL,2025-07-25,0.00036767160054296255,0.005241915117949247
4,GOOGL,2025-07-28,0.0003645264951046556,-0.0031106858514249325
4,GOOGL,2025-07-29,0.00036615811404772103,0.01632659323513508
4,GOOGL,2025-07-30,0.0003488272486720234,0.003976860549300909
4,GOOGL,2025-07-31,0.00034640170633792877,-0.023840725421905518
4,GOOGL,2025-08-01,0.000380615092581138,-0.01453968696296215
4,GOOGL,2025-08-04,0.00037081341724842787,0.030769897624850273
4,GOOGL,2025-08-05,0.0003796899109147489,-0.0018988216761499643
4,GOOGL,2025-08-06,0.00036514547537080944,0.007267967332154512
4,GOOGL,2025-08-07,0.000387874199077487,0.0021904450841248035
4,GOOGL,2025-08-08,0.00038951344322413206,0.024628080427646637
4,GOOGL,2025-08-11,0.000375183328287676,-0.0020873858593404293
4,GOOGL,2025-08-12,0.0003865181643050164,0.011574546806514263
4,GOOGL,2025-08-13,0.0003705936251208186,-0.006809765938669443
4,GOOGL,2025-08-14,0.000379140954464674,0.004840742330998182
4,GOOGL,2025-08-15,0.0003686350246425718,0.004719264339655638
4,GOOGL,2025-08-18,0.00036510280915535986,-0.0019636854995042086
4,GOOGL,2025-08-19,0.00037602210068143904,-0.0095292367041111
4,GOOGL,2025-08-20,0.00036812215694226325,-0.011225100606679916
4,GOOGL,2025-08-21,0.00032792368438094854,0.002154833637177944
4,GOOGL,2025-08-22,0.0003098426095675677,0.03124643675982952
4,GOOGL,2025-08-25,0.000369054963812232,0.011578187346458435
4,GOOGL,2025-08-26,0.0003837186377495527,-0.006496190559118986
4,GOOGL,2025-08-27,0.0003690396551974118,0.0016399931628257036
4,GOOGL,2025-08-28,0.0003582603530958295,0.01985182613134384
4,GOOGL,2025-08-29,0.0003730989992618561,0.0059828259982168674
4,GOOGL,2025-09-02,0.0003713088226504624,-0.007354062050580978
4,GOOGL,2025-09-03,0.0003808840992860496,0.0874292254447937
4,GOOGL,2025-09-04,0.0003603862423915416,0.007084987126290798
4,GOOGL,2025-09-05,0.0003928925725631416,0.011555753648281097
4,GOOGL,2025-09-08,0.00039730293792672455,-0.0031994557939469814
4,GOOGL,2025-09-09,0.0003537001903168857,0.023604100570082664
4,GOOGL,2025-09-10,0.00027588949888013303,-0.0019215545617043972
4,GOOGL,2025-09-11,-3.585290687624365e-05,0.0050048306584358215
4,GOOGL,2025-09-12,-0.00023019639775156975,0.0017872820608317852
4,GOOGL,2025-09-15,-0.00030917389085516334,0.0439135767519474
4,GOOGL,2025-09-16,-0.0002194980188505724,-0.0017900463426485658
4,GOOGL,2025-09-17,-0.0003454519319348037,-0.006511094514280558
4,GOOGL,2025-09-18,-0.00043678347719833255,0.00996903795748949
4,GOOGL,2025-09-19,-0.0003986562369391322,0.01061679981648922
4,GOOGL,2025-09-22,-0.0002706923405639827,-0.00863493513315916
4,GOOGL,2025-09-23,-0.0002516412641853094,-0.0034510239493101835
4,GOOGL,2025-09-24,-0.00026449727010913193,-0.018124038353562355
4,GOOGL,2025-09-25,-0.00047157754306681454,-0.005477475468069315
4,GOOGL,2025-09-26,-0.00043816465768031776,0.00304673844948411
4,GOOGL,2025-09-29,-0.00018245121464133263,-0.010151132009923458
4,GOOGL,2025-09-30,-0.0001592828775756061,-0.003900139359757304
4,GOOGL,2025-10-01,0.00016866186342667788,0.007376992143690586
4,GOOGL,2025-10-02,0.0003731930337380618,0.003220594022423029
4,GOOGL,2025-10-03,0.0003659470530692488,-0.0013847085647284985
4,GOOGL,2025-10-06,0.0003434272075537592,0.02049357071518898
4,GOOGL,2025-10-07,0.00031044299248605967,-0.018823962658643723
4,GOOGL,2025-10-08,0.00033035906380973756,-0.004649455659091473
4,GOOGL,2025-10-09,0.00032740531605668366,-0.012712310068309307
4,GOOGL,2025-10-10,0.0003429996140766889,-0.020749429240822792
4,GOOGL,2025-10-13,0.00035931236925534904,0.031538527458906174
4,GOOGL,2025-10-14,0.0003702928952407092,0.0053104436956346035
4,GOOGL,2025-10-15,0.00039113411912694573,0.022479210048913956
4,GOOGL,2025-10-16,0.0003598624316509813,0.0017115108203142881
4,GOOGL,2025-10-17,0.0003708757576532662,0.007290579844266176
4,GOOGL,2025-10-20,0.0003597946197260171,0.012749077752232552
4,GOOGL,2025-10-21,0.00034352453076280653,-0.0240243598818779
4,GOOGL,2025-10-22,0.0003717976505868137,0.004898952320218086
4,GOOGL,2025-10-23,0.00037583071389235556,0.005507524125277996
4,GOOGL,2025-10-24,0.00036291350261308253,0.026668256148695946
4,GOOGL,2025-10-27,0.00035904007381759584,0.035340528935194016
4,GOOGL,2025-10-28,0.00036657476448453963,-0.006707044318318367
4,GOOGL,2025-10-29,0.00038097595097497106,0.02619888447225094
4,AMZN,2025-01-13,3.79646044166293e-05,-0.002194768749177456
4,AMZN,2025-01-14,-0.00024770121672190726,-0.003209448419511318
4,AMZN,2025-01-15,-0.00029882387025281787,0.025346562266349792
4,AMZN,2025-01-16,0.00032660525175742805,-0.012117002159357071
4,AMZN,2025-01-17,0.0002958841505460441,0.023646414279937744
4,AMZN,2025-01-21,0.00040881228051148355,0.020892051979899406
4,AMZN,2025-01-22,0.000385953055229038,0.01846650429069996
4,AMZN,2025-01-23,0.0003863852471113205,0.001743102096952498
4,AMZN,2025-01-24,0.00038746511563658714,-0.002424106700345874
4,AMZN,2025-01-27,0.00039536639815196395,0.002424106700345874
4,AMZN,2025-01-28,0.0004046775575261563,0.011529556475579739
4,AMZN,2025-01-29,0.0004200467374175787,-0.004545214585959911
4,AMZN,2025-01-30,0.00043089702376164496,-0.010303065180778503
4,AMZN,2025-01-31,0.0004056847537867725,0.012872777879238129
4,AMZN,2025-02-03,0.00042237513116560876,-0.0010944834211841226
4,AMZN,2025-02-04,0.00042667731759138405,0.01935490220785141
4,AMZN,2025-02-05,0.00042579323053359985,-0.02463374473154545
4,AMZN,2025-02-06,0.0004360414168331772,0.01120013277977705
4,AMZN,2025-02-07,0.0004265332536306232,-0.04137522354722023
4,AMZN,2025-02-10,5.3913732699584216e-05,0.017262345179915428
4,AMZN,2025-02-11,0.0003523789928294718,-0.0016312727238982916
4,AMZN,2025-02-12,0.0003758033853955567,-0.01659160852432251
4,AMZN,2025-02-13,0.00026647557388059795,0.006270442623645067
4,AMZN,2025-02-14,0.00038567479350604117,-0.007363076787441969
4,AMZN,2025-02-18,0.00038745402707718313,-0.008916663937270641
4,AMZN,2025-02-19,0.00038810662226751447,-8.819719369057566e-05
4,AMZN,2025-02-20,0.00039735250174999237,-0.01668522134423256
4,AMZN,2025-02-21,0.0003729061281774193,-0.028673529624938965
4,AMZN,2025-02-24,-0.00020377678447403014,-0.018030235543847084
4,AMZN,2025-02-25,-0.0006010200013406575,0.00042300455970689654
4,AMZN,2025-02-26,-0.0008140744175761938,0.00725744990631938
4,AMZN,2025-02-27,-0.000797805143520236,-0.026520738378167152
4,AMZN,2025-02-28,-0.0003908074868377298,0.016816668212413788
4,AMZN,2025-03-03,-0.0004297537379898131,-0.03479859605431557
4,AMZN,2025-03-04,0.0002813442551996559,-0.005968419834971428
4,AMZN,2025-03-05,0.0006471103406511247,0.02212822064757347
4,AMZN,2025-03-06,0.0003383470175322145,-0.03745611384510994
4,AMZN,2025-03-07,0.0009518146398477256,-0.007250922732055187
4,AMZN,2025-03-10,0.0017891720635816455,-0.023922555148601532
4,AMZN,2025-03-11,0.0029150384943932295,0.01048255991190672
4,AMZN,2025-03-12,0.0027201620396226645,0.01163158193230629
4,AMZN,2025-03-13,0.002204043325036764,-0.025460919365286827
4,AMZN,2025-03-14,0.0025594718754291534,0.02072347328066826
4,AMZN,2025-03-17,0.0015983748016878963,-0.011227182112634182
4,AMZN,2025-03-18,0.0013592136092483997,-0.01503012701869011
4,AMZN,2025-03-19,0.0013715194072574377,0.014007778838276863
4,AMZN,2025-03-20,0.0007063793018460274,-0.0030218278989195824
4,AMZN,2025-03-21,0.0006378982798196375,0.0064424485899508
4,AMZN,2025-03-24,0.0003945291100535542,0.035300374031066895
4,AMZN,2025-03-25,-0.0005682586343027651,0.011981521733105183
4,AMZN,2025-03-26,-0.0006811030325479805,-0.022515950724482536
4,AMZN,2025-03-27,-0.000706384249497205,0.0011428644647821784
4,AMZN,2025-03-28,-0.0005547684268094599,-0.04385599121451378
4,AMZN,2025-03-31,-0.0004576385545078665,-0.012846835888922215
4,AMZN,2025-04-01,-5.178294304641895e-05,0.009988858364522457
4,AMZN,2025-04-02,-3.031509550055489e-05,0.019785262644290924
4,AMZN,2025-04-03,-0.0006355262012220919,-0.09408135712146759
4,AMZN,2025-04-04,0.0012244267854839563,-0.04242073744535446
4,AMZN,2025-04-07,0.0035143529530614614,0.024606997147202492
4,AMZN,2025-04-08,0.004226948134601116,-0.02659725770354271
4,AMZN,2025-04-09,0.004872547462582588,0.1131235882639885
4,AMZN,2025-04-10,0.0026104438584297895,-0.05308511108160019
4,AMZN,2025-04-11,0.0028494393918663263,0.01994107849895954
4,AMZN,2025-04-14,0.002477898495271802,-0.014987066388130188
4,AMZN,2025-04-15,0.002912080381065607,-0.013989328406751156
4,AMZN,2025-04-16,0.002868750598281622,-0.029726389795541763
4,AMZN,2025-04-17,0.002903326414525509,-0.009915347211062908
4,AMZN,2025-04-21,0.0035345314536243677,-0.03112652711570263
4,AMZN,2025-04-22,0.003706911811605096,0.034423284232616425
4,AMZN,2025-04-23,0.0034386729821562767,0.041953202337026596
4,AMZN,2025-04-24,0.0026082058902829885,0.0323609821498394
4,AMZN,2025-04-25,0.0007436996093019843,0.013048475608229637
4,AMZN,2025-04-28,0.00019605587294790894,-0.006849205121397972
4,AMZN,2025-04-29,-0.00022933750005904585,-0.0016529238782823086
4,AMZN,2025-04-30,-0.00040226479177363217,-0.015976248309016228
4,AMZN,2025-05-01,-0.000344553409377113,0.030860381200909615
4,AMZN,2025-05-02,-0.0007841622573323548,-0.0011573530500754714
4,AMZN,2025-05-05,-0.0007855314761400223,-0.01929212175309658
4,AMZN,2025-05-06,-0.0008236244320869446,-0.007216810714453459
4,AMZN,2025-05-07,-0.0008369527058675885,0.019801633432507515
4,AMZN,2025-05-08,-0.0007543264073319733,0.017700480297207832
4,AMZN,2025-05-09,-0.0005588440108112991,0.005089047364890575
4,AMZN,2025-05-12,-0.00028427597135305405,0.07760926336050034
4,AMZN,2025-05-13,-0.00030866818269714713,0.012999854050576687
4,AMZN,2025-05-14,-0.00033308379352092743,-0.005312830209732056
4,AMZN,2025-05-15,-0.00052683986723423,-0.02445840649306774
4,AMZN,2025-05-16,-0.0007146340212784708,0.0020449815783649683
4,AMZN,2025-05-19,-0.000823729089461267,0.0027687076944857836
4,AMZN,2025-05-20,-0.0006416322430595756,-0.010189476422965527
4,AMZN,2025-05-21,-0.0006716699572280049,-0.014561387710273266
4,AMZN,2025-05-22,-0.000727267237380147,0.009796777740120888
4,AMZN,2025-05-23,-0.0006983179482631385,-0.010443315841257572
4,AMZN,2025-05-27,-0.0006403947481885552,0.024718089029192924
4,AMZN,2025-05-28,-0.0005400629015639424,-0.006330074276775122
4,AMZN,2025-05-29,-0.000503494287841022,0.00477558420971036
4,AMZN,2025-05-30,-0.0003588956897147,-0.0033600502647459507
4,AMZN,2025-06-02,-0.000500821101013571,0.007967779412865639
4,AMZN,2025-06-03,-0.00029186822939664125,-0.004559068940579891
4,AMZN,2025-06-04,-0.0002657780423760414,0.007361824158579111
4,AMZN,2025-06-05,0.00022938736947253346,0.0032760442700237036
4,AMZN,2025-06-06,0.0002728796098381281,0.02685937099158764
4,AMZN,2025-06-09,0.00046850484795868397,0.015840481966733932
4,AMZN,2025-06-10,0.0004461147473193705,0.0028993089217692614
4,AMZN,2025-06-11,0.0004458931216504425,-0.020473795011639595
4,AMZN,2025-06-12,0.00040247474680654705,0.00018763975822366774
4,AMZN,2025-06-13,0.00040204994729720056,-0.005360427312552929
4,AMZN,2025-06-16,0.00035962893161922693,0.018683401867747307
4,AMZN,2025-06-17,0.0004358998266980052,-0.005940789356827736
4,AMZN,2025-06-18,0.0003280766832176596,-0.010764379985630512
4,AMZN,2025-06-20,0.0001718508283374831,-0.013405860401690006
4,AMZN,2025-06-23,-7.668614125577733e-05,-0.005835109390318394
4,AMZN,2025-06-24,-0.00020182639127597213,0.020416637882590294
4,AMZN,2025-06-25,0.00021303437824826688,-0.0036726605612784624
4,AMZN,2025-06-26,0.00028137810295447707,0.023911042138934135
4,AMZN,2025-06-27,0.0004698408010881394,0.02806599996984005
4,AMZN,2025-06-30,0.00046899367589503527,-0.017665207386016846
4,AMZN,2025-07-01,0.00046127213863655925,0.0048653376288712025
4,AMZN,2025-07-02,0.0004598844680003822,-0.002452467568218708
4,AMZN,2025-07-03,0.00045898190001025796,0.015744829550385475
4,AMZN,2025-07-07,0.0004597182269208133,0.00026851752772927284
4,AMZN,2025-07-08,0.00045768904965370893,-0.018562963232398033
4,AMZN,2025-07-09,0.00047602690756320953,0.0143926115706563
4,AMZN,2025-07-10,0.00045065212179906666,-0.0012589874677360058
4,AMZN,2025-07-11,0.0004523587122093886,0.012341462075710297
4,AMZN,2025-07-14,0.00043719023233279586,0.0029730808455497026
4,AMZN,2025-07-15,0.00043704494601115584,0.0029201137367635965
4,AMZN,2025-07-16,0.0004364292835816741,-0.014059063047170639
4,AMZN,2025-07-17,0.00044877806794829667,0.003086778335273266
4,AMZN,2025-07-18,0.0004317392304074019,0.009999861009418964
4,AMZN,2025-07-21,0.0004144085687585175,0.01392112672328949
4,AMZN,2025-07-22,0.0004003359645139426,-0.008012835867702961
4,AMZN,2025-07-23,0.000407065061153844,0.0035983542911708355
4,AMZN,2025-07-24,0.00038660934660583735,0.01711152121424675
4,AMZN,2025-07-25,0.0003853928064927459,-0.003407570067793131
4,AMZN,2025-07-28,0.0003917537396773696,0.005816059652715921
4,AMZN,2025-07-29,0.0003975507279392332,-0.007675754837691784
4,AMZN,2025-07-30,0.0003845666069537401,-0.0035559104289859533
4,AMZN,2025-07-31,0.0003695212653838098,0.0168860275298357
4,AMZN,2025-08-01,0.00040816215914674103,-0.0863165333867073
4,AMZN,2025-08-04,0.00031546931131742895,-0.014540622942149639
4,AMZN,2025-08-05,-0.0005141365109011531,0.009873169474303722
4,AMZN,2025-08-06,-0.0007330617518164217,0.03926568478345871
4,AMZN,2025-08-07,-0.00040445284685119987,0.0036817898508161306
4,AMZN,2025-08-08,-0.0002108321787090972,-0.001973902340978384
4,AMZN,2025-08-11,1.660141788306646e-05,-0.0062614199705421925
4,AMZN,2025-08-12,-9.424828749615699e-05,0.0007678847177885473
4,AMZN,2025-08-13,0.00012868856720160693,0.013855775818228722
4,AMZN,2025-08-14,0.0003778756654355675,0.02818818762898445
4,AMZN,2025-08-15,0.00040827912744134665,0.0002164587494917214
4,AMZN,2025-08-18,0.00040295865619555116,0.001989132957533002
4,AMZN,2025-08-19,0.0003991120320279151,-0.015147235244512558
4,AMZN,2025-08-20,0.0004150217573624104,-0.018591996282339096
4,AMZN,2025-08-21,0.00038711787783540785,-0.008345348760485649
4,AMZN,2025-08-22,0.0003317558148410171,0.03057093359529972
4,AMZN,2025-08-25,0.00040402618469670415,-0.003940606489777565
4,AMZN,2025-08-26,0.0003920726594515145,0.00337240775115788
4,AMZN,2025-08-27,0.0004034179146401584,0.0017910075839608908
4,AMZN,2025-08-28,0.00041338044684380293,0.01076590921729803
4,AMZN,2025-08-29,0.0003898550639860332,-0.011289769783616066
4,AMZN,2025-09-02,0.0003841750440187752,-0.016111647710204124
4,AMZN,2025-09-03,0.0003680350782815367,0.0028804184403270483
4,AMZN,2025-09-04,0.000383080419851467,0.04198414459824562
4,AMZN,2025-09-05,0.0003533849667292088,-0.014316138811409473
4,AMZN,2025-09-08,0.0003718718362506479,0.01499481126666069
4,AMZN,2025-09-09,0.0003642192459665239,0.010124998167157173
4,AMZN,2025-09-10,0.0003566737868823111,-0.0337655209004879
4,AMZN,2025-09-11,0.0003945044882129878,-0.0016511904541403055
4,AMZN,2025-09-12,0.0003888010687660426,-0.007858600467443466
4,AMZN,2025-09-15,0.0003276457136962563,0.014274139888584614
4,AMZN,2025-09-16,0.0003863396996166557,0.011257359758019447
4,AMZN,2025-09-17,0.00037265740684233606,-0.010436704382300377
4,AMZN,2025-09-18,0.00038325527566485107,-0.001685208990238607
4,AMZN,2025-09-19,0.0003777488600462675,0.001080590533092618
4,AMZN,2025-09-22,0.0003608836268540472,-0.016771933063864708
4,AMZN,2025-09-23,0.00038368007517419755,-0.03087186999619007
4,AMZN,2025-09-24,0.0002907323359977454,-0.0022679860703647137
4,AMZN,2025-09-25,-6.796971138101071e-05,-0.009398795664310455
4,AMZN,2025-09-26,-0.000253070960752666,0.0074441684409976006
4,AMZN,2025-09-29,-5.745557791669853e-05,0.01081580575555563
4,AMZN,2025-09-30,0.0002955332165583968,-0.011771724559366703
4,AMZN,2025-10-01,0.0002204456104664132,0.004815991036593914
4,AMZN,2025-10-02,0.000306143396301195,0.008035429753363132
4,AMZN,2025-10-03,0.00036394098424352705,-0.013124777004122734
4,AMZN,2025-10-06,0.000358924618922174,0.00631231814622879
4,AMZN,2025-10-07,0.00038187619065865874,0.003975811414420605
4,AMZN,2025-10-08,0.00038267901982180774,0.015391813591122627
4,AMZN,2025-10-09,0.0003602889191824943,0.011126943863928318
4,AMZN,2025-10-10,0.00034795122337527573,-0.05121477320790291
4,AMZN,2025-10-13,0.00016439033788628876,0.016955828294157982
4,AMZN,2025-10-14,0.00018366645963396877,-0.016863377764821053
4,AMZN,2025-10-15,-0.0003030940715689212,-0.0037966156378388405
4,AMZN,2025-10-16,-0.0005136476829648018,-0.005115842446684837
4,AMZN,2025-10-17,-0.0005679631140083075,-0.0066899643279612064
4,AMZN,2025-10-20,-0.0007344297482632101,0.016018234193325043
4,AMZN,2025-10-21,-0.00027829306782223284,0.02531435713171959
4,AMZN,2025-10-22,0.00025213576736859977,-0.01854683831334114
4,AMZN,2025-10-23,0.00024033123918343335,0.014304176904261112
4,AMZN,2025-10-24,0.00039098909473977983,0.014013301581144333
4,AMZN,2025-10-27,0.00040208688005805016,0.012234712950885296
4,AMZN,2025-10-28,0.00039403658593073487,0.00999525561928749
4,AMZN,2025-10-29,0.00039237679447978735,0.004569708835333586
4,META,2025-01-13,0.0004176653746981174,-0.012302194721996784
4,META,2025-01-14,0.00043611254659481347,-0.02341727912425995
4,META,2025-01-15,0.0004702577134594321,0.03776327148079872
4,META,2025-01-16,0.0004333888355176896,-0.00947566982358694
4,META,2025-01-17,0.0004503093659877777,0.002401822479441762
4,META,2025-01-21,0.00045281281927600503,0.006003915332257748
4,META,2025-01-22,0.0004251892678439617,0.011355124413967133
4,META,2025-01-23,0.0004186691658105701,0.02055717073380947
4,META,2025-01-24,0.0004379253659863025,0.017197422683238983
4,META,2025-01-27,0.0004476935137063265,0.018954714760184288
4,META,2025-01-28,0.00044699088903144,0.021661754697561264
4,META,2025-01-29,0.0004337544087320566,0.0031979347113519907
4,META,2025-01-30,0.00043961082701571286,0.015416635200381279
4,META,2025-01-31,0.00045299262274056673,0.0031681531108915806
4,META,2025-02-03,0.0004670141206588596,0.011942742392420769
4,META,2025-02-04,0.000474409171147272,0.009603042155504227
4,META,2025-02-05,0.0004800603201147169,0.0009651543805375695
4,META,2025-02-06,0.0005001674871891737,0.010050536133348942
4,META,2025-02-07,0.0004931574803777039,0.0035471529699862003
4,META,2025-02-10,0.0004981269594281912,0.004022589884698391
4,META,2025-02-11,0.000492800900246948,0.0033397283405065536
4,META,2025-02-12,0.0004981958772987127,0.00772217009216547
4,META,2025-02-13,0.0004996550851501524,0.004374423995614052
4,META,2025-02-14,0.00046913555706851184,0.011069988831877708
4,META,2025-02-18,0.0004644447471946478,-0.027943206951022148
4,META,2025-02-19,0.0005004896083846688,-0.01774510368704796
4,META,2025-02-20,0.0005451759789139032,-0.012770037166774273
4,META,2025-02-21,0.0005304248770698905,-0.016381746158003807
4,META,2025-02-24,0.0002700955665204674,-0.02281706966459751
4,META,2025-02-25,-0.0001012777429423295,-0.016038157045841217
4,META,2025-02-26,-0.0005634591216221452,0.024340389296412468
4,META,2025-02-27,-0.00021744407422374934,-0.023215502500534058
4,META,2025-02-28,-0.0006115958094596863,0.01501801423728466
4,META,2025-03-03,-0.0005351014551706612,-0.019875967875123024
4,META,2025-03-04,-0.000631878268904984,-0.02324335277080536
4,META,2025-03-05,-0.0010336227715015411,0.025408700108528137
4,META,2025-03-06,-0.0009519102168269455,-0.04444825276732445
4,META,2025-03-07,-0.0006242449744604528,-0.00362172513268888
4,META,2025-03-10,-0.0002266541705466807,-0.04523301497101784
4,META,2025-03-11,0.0007636894006282091,0.012827356345951557
4,META,2025-03-12,0.000829411088488996,0.0226081945002079
4,META,2025-03-13,0.0007254654192365706,-0.047802772372961044
4,META,2025-03-14,0.0014706121291965246,0.029199352487921715
4,META,2025-03-17,0.000770204234868288,-0.00445367768406868
4,META,2025-03-18,0.000661877915263176,-0.037974245846271515
4,META,2025-03-19,0.0007696244865655899,0.0029148550238460302
4,META,2025-03-20,0.0007791304378770292,0.003316096728667617
4,META,2025-03-21,0.0007336590206250548,0.017340078949928284
4,META,2025-03-24,0.00030525276088155806,0.037202879786491394
4,META,2025-03-25,-0.0009446395561099052,0.011982669122517109
4,META,2025-03-26,-0.0008194181718863547,-0.024781359359622
4,META,2025-03-27,-0.0007514409953728318,-0.013843532651662827
4,META,2025-03-28,-0.0007689937483519316,-0.043828971683979034
4,META,2025-03-31,-0.0004866598465014249,-0.0006591131095774472
4,META,2025-04-01,-0.00047108845319598913,0.01658734865486622
4,META,2025-04-02,-0.0007587685831822455,-0.003538666758686304
4,META,2025-04-03,-0.0010152430040761828,-0.09385211020708084
4,META,2025-04-04,0.0008777987095527351,-0.05190538242459297
4,META,2025-04-07,0.003424215828999877,0.022567398846149445
4,META,2025-04-08,0.00394087191671133,-0.011298342607915401
4,META,2025-04-09,0.004103252664208412,0.1376345455646515
4,META,2025-04-10,0.000985966995358467,-0.06977741420269012
4,META,2025-04-11,0.0011910191969946027,-0.004991393536329269
4,META,2025-04-14,0.0015507396310567856,-0.022492850199341774
4,META,2025-04-15,0.002400689758360386,-0.018918002024292946
4,META,2025-04-16,0.0026233119424432516,-0.03753019496798515
4,META,2025-04-17,0.0029449004214257,-0.001653687097132206
4,META,2025-04-21,0.0035721894819289446,-0.034116119146347046
4,META,2025-04-22,0.003723344299942255,0.03172039985656738
4,META,2025-04-23,0.0036604399792850018,0.039180051535367966
4,META,2025-04-24,0.00310498452745378,0.02445480413734913
4,META,2025-04-25,0.0009647422120906413,0.026139577850699425
4,META,2025-04-28,0.00042438850505277514,0.004502904135733843
4,META,2025-04-29,-0.00040185428224503994,0.00851324200630188
4,META,2025-04-30,-0.0008588713826611638,-0.009860099293291569
4,META,2025-05-01,-0.0009794977959245443,0.041407618671655655
4,META,2025-05-02,-0.0007536163320764899,0.04244469478726387
4,META,2025-05-05,-0.0004350585804786533,0.0037614982575178146
4,META,2025-05-06,-0.00033486890606582165,-0.020159421488642693
4,META,2025-05-07,-0.0004501827643252909,0.016045987606048584
4,META,2025-05-08,-0.0005405938136391342,0.0020087219309061766
4,META,2025-05-09,-0.0005383824463933706,-0.009273591451346874
4,META,2025-05-12,-0.00034024586784653366,0.07624323666095734
4,META,2025-05-13,-0.00034095902810804546,0.025629408657550812
4,META,2025-05-14,-0.00037199092912487686,0.005062991753220558
4,META,2025-05-15,-0.0005571382353082299,-0.02375715970993042
4,META,2025-05-16,-0.0006730049499310553,-0.005513236857950687
4,META,2025-05-19,-0.0008454147027805448,0.0001405775110470131
4,META,2025-05-20,-0.0006343547720462084,-0.005213227588683367
4,META,2025-05-21,-0.0006139689357951283,-0.0025145700201392174
4,META,2025-05-22,-0.0005109147168695927,0.0016823773039504886
4,META,2025-05-23,-0.0004886217066086829,-0.015052116475999355
4,META,2025-05-27,-0.00043559042387641966,0.024044346064329147
4,META,2025-05-28,-0.000203471994609572,0.001959757413715124
4,META,2025-05-29,9.528874943498522e-05,0.0022815559059381485
4,META,2025-05-30,0.00048197800060734153,0.003775352379307151
4,META,2025-06-02,0.00047310575610026717,0.035516880452632904
4,META,2025-06-03,0.0006254083127714694,-0.006054999772459269
4,META,2025-06-04,0.0006265185074880719,0.03115101531147957
4,META,2025-06-05,0.0005941636627539992,-0.004852249752730131
4,META,2025-06-06,0.0006190905114635825,0.018939640372991562
4,META,2025-06-09,0.0006071978714317083,-0.005245183128863573
4,META,2025-06-10,0.0006154274451546371,0.01194467768073082
4,META,2025-06-11,0.0005756850587204099,-0.011829370632767677
4,META,2025-06-12,0.000604595523327589,-0.001124237896874547
4,META,2025-06-13,0.0006105687934905291,-0.015245018526911736
4,META,2025-06-16,0.0005973518127575517,0.02856900915503502
4,META,2025-06-17,0.0006169675616547465,-0.006988984532654285
4,META,2025-06-18,0.0005879237432964146,-0.002096240408718586
4,META,2025-06-20,0.000594382407143712,-0.019476424902677536
4,META,2025-06-23,0.00024080004368443042,0.023435572162270546
4,META,2025-06-24,0.0005741104250773787,0.01938050240278244
4,META,2025-06-25,0.0006485672784037888,-0.004954576026648283
4,META,2025-06-26,0.0006489178631454706,0.024269921705126762
4,META,2025-06-27,0.0005795758333988488,0.010330772958695889
4,META,2025-06-30,0.0005586596671491861,0.00606095977127552
4,META,2025-07-01,0.0005528272013179958,-0.02589855156838894
4,META,2025-07-02,0.0006100054597482085,-0.00788664910942316
4,META,2025-07-03,0.0006136550800874829,0.007594658061861992
4,META,2025-07-07,0.000599413295276463,-0.000918425852432847
4,META,2025-07-08,0.0005967750330455601,0.0032245293259620667
4,META,2025-07-09,0.0005961757269687951,0.016664179041981697
4,META,2025-07-10,0.0005606357590295374,-0.007588986307382584
4,META,2025-07-11,0.0005730242701247334,-0.013469615951180458
4,META,2025-07-14,0.0005800747312605381,0.004741210490465164
4,META,2025-07-15,0.0005818650824949145,-0.014713980257511139
4,META,2025-07-16,0.0005030185566283762,-0.010585431009531021
4,META,2025-07-17,0.0004950512084178627,-0.0021362039260566235
4,META,2025-07-18,0.00048819099902175367,0.004083456005901098
4,META,2025-07-21,0.000530652585439384,0.012263352982699871
4,META,2025-07-22,0.0004928578273393214,-0.011511021293699741
4,META,2025-07-23,0.0005000910605303943,0.01236626598984003
4,META,2025-07-24,0.0004666560562327504,0.001708128023892641
4,META,2025-07-25,0.00045382260577753186,-0.002970219124108553
4,META,2025-07-28,0.0004467886174097657,0.006921615917235613
4,META,2025-07-29,0.00046638489584438503,-0.024873754009604454
4,META,2025-07-30,0.000461331510450691,-0.006866378244012594
4,META,2025-07-31,0.0004813832347281277,0.10663412511348724
4,META,2025-08-01,0.00043211388401687145,-0.03076154924929142
4,META,2025-08-04,0.0004727132327388972,0.034542642533779144
4,META,2025-08-05,0.0005166235496290028,-0.0167684406042099
4,META,2025-08-06,0.000461169722257182,0.011110866442322731
4,META,2025-08-07,0.0004569238517433405,-0.013248191215097904
4,META,2025-08-08,0.0004656612582039088,0.009757683612406254
4,META,2025-08-11,0.0004593808844219893,-0.004468764644116163
4,META,2025-08-12,0.0004678441327996552,0.0310206301510334
4,META,2025-08-13,0.0004584474954754114,-0.012636441737413406
4,META,2025-08-14,0.00047043748782016337,0.0026243727188557386
4,META,2025-08-15,0.00046656467020511627,0.003955664113163948
4,META,2025-08-18,0.0004601854016073048,-0.023007482290267944
4,META,2025-08-19,0.0004776093119289726,-0.02092454768717289
4,META,2025-08-20,0.00044693544623441994,-0.005015970673412085
4,META,2025-08-21,0.00044791377149522305,-0.01159537024796009
4,META,2025-08-22,0.0004025996313430369,0.021006321534514427
4,META,2025-08-25,0.0004845024668611586,-0.00197597686201334
4,META,2025-08-26,0.0004758384602610022,0.0010613994672894478
4,META,2025-08-27,0.00044227458420209587,-0.008951162919402122
4,META,2025-08-28,0.00043151312274858356,0.004978299606591463
4,META,2025-08-29,0.0004619322717189789,-0.016660209745168686
4,META,2025-09-02,0.0004255952953826636,-0.004871785640716553
4,META,2025-09-03,0.0003967611992266029,0.00263557443395257
4,META,2025-09-04,0.0003949558886233717,0.015615890733897686
4,META,2025-09-05,0.0004306366899982095,0.005063061602413654
4,META,2025-09-08,0.0004344615445006639,-0.0001994035264942795
4,META,2025-09-09,0.00042794295586645603,0.017655236646533012
4,META,2025-09-10,0.00040338916005566716,-0.018080709502100945
4,META,2025-09-11,0.00041198128019459546,-0.0014373292215168476
4,META,2025-09-12,0.000406324106734246,0.006226581521332264
4,META,2025-09-15,0.0004032813012599945,0.0119845662266016
4,META,2025-09-16,0.0004945747787132859,0.01852753944694996
4,META,2025-09-17,0.0005916212685406208,-0.004219497088342905
4,META,2025-09-18,0.0005786949186585844,0.0058227465488016605
4,META,2025-09-19,0.0005637714639306068,-0.0023995451629161835
4,META,2025-09-22,0.0005431714234873652,-0.016455143690109253
4,META,2025-09-23,0.0004629690374713391,-0.012837550602853298
4,META,2025-09-24,0.0003987492818851024,0.006939045153558254
4,META,2025-09-25,0.0003893182147294283,-0.015567694790661335
4,META,2025-09-26,0.00041093703475780785,-0.00691384868696332
4,META,2025-09-29,0.0003984901122748852,-0.00047065585386008024
4,META,2025-09-30,0.00038940960075706244,-0.012207625433802605
4,META,2025-10-01,0.00038543491973541677,-0.023476753383874893
4,META,2025-10-02,0.0003998474567197263,0.01344532985240221
4,META,2025-10-03,0.00037586898542940617,-0.0229418333619833
4,META,2025-10-06,0.00038936614873819053,0.0071518332697451115
4,META,2025-10-07,0.00037766832974739373,-0.0036115723196417093
4,META,2025-10-08,0.000380827987100929,0.006653126794844866
4,META,2025-10-09,0.00038072012830525637,0.02159450389444828
4,META,2025-10-10,0.00037141787470318377,-0.03921801224350929
4,META,2025-10-13,0.00047298139543272555,0.014637789689004421
4,META,2025-10-14,0.0004379852907732129,-0.009899284690618515
4,META,2025-10-15,0.00026659879949875176,0.012480851262807846
4,META,2025-10-16,0.0003723317931871861,-0.007666375488042831
4,META,2025-10-17,0.000360544043360278,0.006788014434278011
4,META,2025-10-20,0.00038346630753949285,0.02104848250746727
4,META,2025-10-21,0.0004110883455723524,0.0015012852381914854
4,META,2025-10-22,0.00041212659562006593,0.00019083978259004653
4,META,2025-10-23,0.0004108905850443989,0.0008041809778660536
4,META,2025-10-24,0.00040090069524012506,0.00592248747125268
4,META,2025-10-27,0.00039550423389300704,0.016734344884753227
4,META,2025-10-28,0.0004229614860378206,0.0008255266584455967
4,META,2025-10-29,0.00041861971840262413,0.0003059878072235733
4,SPY,2025-01-13,0.00015218142652884126,0.001549276988953352
4,SPY,2025-01-14,0.00014722577179782093,0.0013748978963121772
4,SPY,2025-01-15,0.00015341176185756922,0.018026676028966904
4,SPY,2025-01-16,0.00015524729678872973,-0.0019250581972301006
4,SPY,2025-01-17,0.0002036079386016354,0.009989836253225803
4,SPY,2025-01-21,0.00027656008023768663,0.009111841209232807
4,SPY,2025-01-22,0.00033684345544315875,0.005605796352028847
4,SPY,2025-01-23,0.00034964820952154696,0.005443115718662739
4,SPY,2025-01-24,0.0003543538332451135,-0.002923534717410803
4,SPY,2025-01-27,0.0003365219454281032,-0.014246356673538685
4,SPY,2025-01-28,0.00024601753102615476,0.008555612526834011
4,SPY,2025-01-29,0.00023937267542351037,-0.004492839798331261
4,SPY,2025-01-30,0.00022343953605741262,0.005352730862796307
4,SPY,2025-01-31,0.0002473138156346977,-0.005336225964128971
4,SPY,2025-02-03,0.00021957955323159695,-0.006752195302397013
4,SPY,2025-02-04,0.00017628722707740963,0.006685864645987749
4,SPY,2025-02-05,0.00020409705757629126,0.004046328831464052
4,SPY,2025-02-06,0.00023338451865129173,0.0034697058144956827
4,SPY,2025-02-07,0.0002685385406948626,-0.009195869788527489
4,SPY,2025-02-10,0.00022261106641963124,0.006768268533051014
4,SPY,2025-02-11,0.00027013570070266724,0.000760252121835947
4,SPY,2025-02-12,0.0003101526526734233,-0.003226685104891658
4,SPY,2025-02-13,0.000314222153974697,0.010502160526812077
4,SPY,2025-02-14,0.0003858326526824385,-4.907635957351886e-05
4,SPY,2025-02-18,0.00041625084122642875,0.0029314944986253977
4,SPY,2025-02-19,0.0004248390905559063,0.002352049108594656
4,SPY,2025-02-20,0.0004329334478825331,-0.004168923012912273
4,SPY,2025-02-21,0.00042309699347242713,-0.01725207269191742
4,SPY,2025-02-24,0.00029235993861220777,-0.0045607914216816425
4,SPY,2025-02-25,0.00015651471039745957,-0.00498559046536684
4,SPY,2025-02-26,0.0001362888142466545,0.0005047746235504746
4,SPY,2025-02-27,0.0001357969595119357,-0.01609077863395214
4,SPY,2025-02-28,0.0001082701564882882,0.015485081821680069
4,SPY,2025-03-03,0.00012829064507968724,-0.01767526939511299
4,SPY,2025-03-04,0.00015371745394077152,-0.011907374486327171
4,SPY,2025-03-05,0.00011931014159927145,0.010690384544432163
4,SPY,2025-03-06,0.0001299640571232885,-0.017910489812493324
4,SPY,2025-03-07,-3.0124485874694074e-06,0.0055891284719109535
4,SPY,2025-03-10,-4.032967990497127e-05,-0.02699677273631096
4,SPY,2025-03-11,-0.00042457220843061805,-0.008347636088728905
4,SPY,2025-03-12,-0.000543111062142998,0.005292458925396204
4,SPY,2025-03-13,-0.0005419590743258595,-0.013419972732663155
4,SPY,2025-03-14,-0.0005545130698010325,0.020445242524147034
4,SPY,2025-03-17,-0.0004724726313725114,0.007681975606828928
4,SPY,2025-03-18,-0.00033015492954291403,-0.010867433622479439
4,SPY,2025-03-19,-0.00034985324600711465,0.010832076892256737
4,SPY,2025-03-20,-0.00022801908198744059,-0.002896107267588377
4,SPY,2025-03-21,-0.0001799586316337809,0.0003298375813756138
4,SPY,2025-03-24,-5.581355799222365e-05,0.017750129103660583
4,SPY,2025-03-25,0.00016785833577159792,0.0024009370245039463
4,SPY,2025-03-26,0.00017379633209202439,-0.0120100611820817
4,SPY,2025-03-27,0.0001851111010182649,-0.0026592686772346497
4,SPY,2025-03-28,0.00018570601241663098,-0.02034386247396469
4,SPY,2025-03-31,0.00013077053881715983,0.006690260022878647
4,SPY,2025-04-01,0.00014034801279194653,0.002820572117343545
4,SPY,2025-04-02,0.0001456079917261377,0.006308358628302813
4,SPY,2025-04-03,0.00018237360927741975,-0.05053653568029404
4,SPY,2025-04-04,-0.0003672915045171976,-0.06032641977071762
4,SPY,2025-04-07,0.00029044918483123183,-0.001782776671461761
4,SPY,2025-04-08,0.0006914567784406245,-0.015786711126565933
4,SPY,2025-04-09,0.001569318468682468,0.09986280649900436
4,SPY,2025-04-10,6.420157296815887e-05,-0.04480811953544617
4,SPY,2025-04-11,0.00022765157336834818,0.017685461789369583
4,SPY,2025-04-14,7.798214937793091e-05,0.00965486466884613
4,SPY,2025-04-15,-5.3504714742302895e-05,-0.002804951509460807
4,SPY,2025-04-16,-0.00022017273295205086,-0.022478844970464706
4,SPY,2025-04-17,-0.0001798143784981221,0.0014258180744946003
4,SPY,2025-04-21,-4.753717075800523e-05,-0.02409062720835209
4,SPY,2025-04-22,0.0001635013468330726,0.02568511851131916
4,SPY,2025-04-23,1.688783049758058e-05,0.015376651659607887
4,SPY,2025-04-24,-0.0003599280898924917,0.020830444991588593
4,SPY,2025-04-25,-0.0003408658958505839,0.007199333980679512
4,SPY,2025-04-28,-0.0002118461998179555,0.00038131242035888135
4,SPY,2025-04-29,-7.686860044486821e-05,0.0062796310521662235
4,SPY,2025-04-30,2.2804539185017347e-05,0.00039675136213190854
4,SPY,2025-05-01,5.03231021866668e-05,0.007061762735247612
4,SPY,2025-05-02,1.4789883607591037e-05,0.014735151082277298
4,SPY,2025-05-05,0.00019792342209257185,-0.005750719457864761
4,SPY,2025-05-06,0.00020481491810642183,-0.008393452502787113
4,SPY,2025-05-07,0.00020149900228716433,0.004196487832814455
4,SPY,2025-05-08,0.00020191735529806465,0.0069437106139957905
4,SPY,2025-05-09,0.00020803327788598835,-0.001274924143217504
4,SPY,2025-05-12,0.00023615841928403825,0.032513104379177094
4,SPY,2025-05-13,0.0002329379931325093,0.006582255940884352
4,SPY,2025-05-14,0.000233020429732278,0.0012771611800417304
4,SPY,2025-05-15,0.0002333755837753415,0.004872395657002926
4,SPY,2025-05-16,0.00023063122353050858,0.00631406856700778
4,SPY,2025-05-19,0.0002320930507266894,0.001093221828341484
4,SPY,2025-05-20,0.0002291796845383942,-0.003367818659171462
4,SPY,2025-05-21,0.00022969147539697587,-0.01699436455965042
4,SPY,2025-05-22,0.00023454615438822657,0.00039463021676056087
4,SPY,2025-05-23,0.00021687296975869685,-0.006849146913737059
4,SPY,2025-05-27,0.00021718896459788084,0.02057729661464691
4,SPY,2025-05-28,0.00022401862952392548,-0.005802148021757603
4,SPY,2025-05-29,0.00022624160919804126,0.003939776681363583
4,SPY,2025-05-30,0.00022178741346579045,-0.0011193418176844716
4,SPY,2025-06-02,0.0002223960473202169,0.005617220886051655
4,SPY,2025-06-03,0.0002159572613891214,0.005686462856829166
4,SPY,2025-06-04,0.0002139568532584235,-0.000268652307568118
4,SPY,2025-06-05,0.00021174419089220464,-0.004844367504119873
4,SPY,2025-06-06,0.00021356460638344288,0.01021655835211277
4,SPY,2025-06-09,0.00020348085672594607,0.000900822866242379
4,SPY,2025-06-10,0.00019373097165953368,0.0056538088247179985
4,SPY,2025-06-11,0.00018499982252251357,-0.0028562552761286497
4,SPY,2025-06-12,0.00018894979439210147,0.003966604359447956
4,SPY,2025-06-13,0.00018069469660986215,-0.011243232525885105
4,SPY,2025-06-16,0.00019970606081187725,0.009469368495047092
4,SPY,2025-06-17,0.00019473322026897222,-0.008581787347793579
4,SPY,2025-06-18,0.00020142756693530828,-0.00015072443056851625
4,SPY,2025-06-20,0.00019958721532020718,-0.0023513399064540863
4,SPY,2025-06-23,0.00019722686556633562,0.009829021990299225
4,SPY,2025-06-24,0.0001923021045513451,0.010986611247062683
4,SPY,2025-06-25,0.0001966312702279538,0.0005602274904958904
4,SPY,2025-06-26,0.00017905425920616835,0.0077933622524142265
4,SPY,2025-06-27,0.00017835013568401337,0.004956020973622799
4,SPY,2025-06-30,0.00018639226618688554,0.004769785795360804
4,SPY,2025-07-01,0.00018659079796634614,-0.0003236666671000421
4,SPY,2025-07-02,0.00018774349882733077,0.004523120820522308
4,SPY,2025-07-03,0.0001962871028808877,0.00785040482878685
4,SPY,2025-07-07,0.00021258433116599917,-0.007479777559638023
4,SPY,2025-07-08,0.00023290228273253888,-0.0005479847895912826
4,SPY,2025-07-09,0.00024222351203206927,0.005978846922516823
4,SPY,2025-07-10,0.0002582603774499148,0.002816288499161601
4,SPY,2025-07-11,0.00027041323482990265,-0.0035217006225138903
4,SPY,2025-07-14,0.00026747307856567204,0.0019064645748585463
4,SPY,2025-07-15,0.00026755896396934986,-0.004282367881387472
4,SPY,2025-07-16,0.00024497200502082705,0.0033375979401171207
4,SPY,2025-07-17,0.0002690990804694593,0.006100890226662159
4,SPY,2025-07-18,0.00031647190917283297,-0.000732504588086158
4,SPY,2025-07-21,0.0003288603911641985,0.0018941516755148768
4,SPY,2025-07-22,0.0003454516117926687,0.00014318519970402122
4,SPY,2025-07-23,0.0003594867011997849,0.008471492677927017
4,SPY,2025-07-24,0.00039208665839396417,0.00033107216586358845
4,SPY,2025-07-25,0.0003953668347094208,0.004215440712869167
4,SPY,2025-07-28,0.0004037167236674577,-0.00025119740166701376
4,SPY,2025-07-29,0.00039716047467663884,-0.002640952356159687
4,SPY,2025-07-30,0.0003766467561945319,-0.0012602604692801833
4,SPY,2025-07-31,0.00035797542659565806,-0.003758314996957779
4,SPY,2025-08-01,0.00032531985198147595,-0.016526129096746445
4,SPY,2025-08-04,0.00018089322838932276,0.015085403807461262
4,SPY,2025-08-05,0.00021997111616656184,-0.005082821939140558
4,SPY,2025-08-06,0.0001946171250892803,0.007630572188645601
4,SPY,2025-08-07,0.0002550385834183544,-0.0008379873470403254
4,SPY,2025-08-08,0.0002664742642082274,0.007767213508486748
4,SPY,2025-08-11,0.0003276389907114208,-0.0019794590771198273
4,SPY,2025-08-12,0.00033898535184562206,0.010589808225631714
4,SPY,2025-08-13,0.000380589859560132,0.0034172870218753815
4,SPY,2025-08-14,0.0003903040196746588,9.300924284616485e-05
4,SPY,2025-08-15,0.0003833314694929868,-0.002343942876905203
4,SPY,2025-08-18,0.0003722962865140289,-0.00021764033590443432
4,SPY,2025-08-19,0.0003524104249663651,-0.0054399664513766766
4,SPY,2025-08-20,0.00031484797364100814,-0.0026606169994920492
4,SPY,2025-08-21,0.0002898086095228791,-0.004019781481474638
4,SPY,2025-08-22,0.00022984878160059452,0.015239916741847992
4,SPY,2025-08-25,0.0003185629902873188,-0.004410541150718927
4,SPY,2025-08-26,0.00030337381758727133,0.004178036004304886
4,SPY,2025-08-27,0.0003406965406611562,0.0022760520223528147
4,SPY,2025-08-28,0.00035790877882391214,0.003535163588821888
4,SPY,2025-08-29,0.00037196173798292875,-0.005981587804853916
4,SPY,2025-09-02,0.0003346479497849941,-0.007437940686941147
4,SPY,2025-09-03,0.0002496837987564504,0.005405009258538485
4,SPY,2025-09-04,0.00028703195857815444,0.00832268688827753
4,SPY,2025-09-05,0.0003531729453243315,-0.0029004914686083794
4,SPY,2025-09-08,0.0003486308269202709,0.002453660359606147
4,SPY,2025-09-09,0.00036602787440642715,0.002309216186404228
4,SPY,2025-09-10,0.00037849877844564617,0.002886634785681963
4,SPY,2025-09-11,0.0003871303051710129,0.008275855332612991
4,SPY,2025-09-12,0.0004038067127112299,-0.00033468642504885793
4,SPY,2025-09-15,0.00039640002069063485,0.005309747066348791
4,SPY,2025-09-16,0.0004092666204087436,-0.0013777401763945818
4,SPY,2025-09-17,0.0004018853360321373,-0.0012432296061888337
4,SPY,2025-09-18,0.00038188748294487596,0.004661617334932089
4,SPY,2025-09-19,0.00037535460432991385,0.0049406434409320354
4,SPY,2025-09-22,0.0003867195046041161,0.004719892982393503
4,SPY,2025-09-23,0.00041079233051277697,-0.00545843318104744
4,SPY,2025-09-24,0.0003925558412447572,-0.0031866435892879963
4,SPY,2025-09-25,0.00037055418943054974,-0.004624142311513424
4,SPY,2025-09-26,0.0003264711704105139,0.005712592508643866
4,SPY,2025-09-29,0.0003560794284567237,0.0028065978549420834
4,SPY,2025-09-30,0.0003809868940152228,0.003759665647521615
4,SPY,2025-10-01,0.000422859302489087,0.0034017800353467464
4,SPY,2025-10-02,0.0004438154282979667,0.0011511619668453932
4,SPY,2025-10-03,0.0004587586736306548,-1.4713555174239445e-05
4,SPY,2025-10-06,0.0004569698648992926,0.0035797646269202232
4,SPY,2025-10-07,0.00045850174501538277,-0.003714311867952347
4,SPY,2025-10-08,0.00044715951662510633,0.00594525458291173
4,SPY,2025-10-09,0.0004521179071161896,-0.0029011790174990892
4,SPY,2025-10-10,0.0004480759089346975,-0.027399832382798195
4,SPY,2025-10-13,0.0002030982286669314,0.015227587893605232
4,SPY,2025-10-14,0.00020268124353606254,-0.0012223931262269616
4,SPY,2025-10-15,0.00017771607963368297,0.0044297040440142155
4,SPY,2025-10-16,0.00020385868265293539,-0.006833522580564022
4,SPY,2025-10-17,0.00016840858734212816,0.005660249385982752
4,SPY,2025-10-20,0.00020637498528230935,0.010346787050366402
4,SPY,2025-10-21,0.0002848501899279654,-1.4942989764676895e-05
4,SPY,2025-10-22,0.0003367431345395744,-0.005212569609284401
4,SPY,2025-10-23,0.00032431347062811255,0.0059125423431396484
4,SPY,2025-10-24,0.00036114914109930396,0.008139340206980705
4,SPY,2025-10-27,0.00038901943480595946,0.011728614568710327
4,SPY,2025-10-28,0.0004108019347768277,0.0026524949353188276
4,SPY,2025-10-29,0.0004072888696100563,0.0004801657923962921
